v -0.14789056777954102 -0.13178294897079468 0.751937985420227 0.002811338985338807 0.0030084841419011354 0.003886930178850889
v -0.14747323095798492 -0.13178294897079468 0.9844961166381836 0.004306030925363302 0.0038521799724549055 0.00503293052315712
v -0.14801187813282013 -0.11627906560897827 0.751937985420227 0.0027039621490985155 0.0029948214069008827 0.003770087379962206
v -0.14760750532150269 -0.11627906560897827 0.9689922332763672 0.008737867698073387 0.007554583717137575 0.009234985336661339
v -0.1475541591644287 -0.11627906560897827 0.9844961166381836 0.004355251789093018 0.004013651516288519 0.005098048597574234
v -0.14791105687618256 -0.10077518224716187 0.751937985420227 0.0026992906350642443 0.003038662951439619 0.003799909958615899
v -0.14797429740428925 -0.10077518224716187 0.9689922332763672 0.009891817346215248 0.00849644374102354 0.010121519677340984
v -0.14813841879367828 -0.10077518224716187 0.9844961166381836 0.004360875114798546 0.004014637321233749 0.005032945889979601
v -0.14784026145935059 -0.08527129888534546 0.751937985420227 0.002677593380212784 0.003043276723474264 0.0037557873874902725
v -0.14836864173412323 -0.08527129888534546 0.9689922332763672 0.010030500590801239 0.008618803694844246 0.010140339843928814
v -0.148351788520813 -0.08527129888534546 0.9844961166381836 0.0043994588777422905 0.004045129753649235 0.005044340156018734
v -0.14789509773254395 -0.06976741552352905 0.751937985420227 0.0026608938351273537 0.003028711536899209 0.003712015924975276
v -0.1472885012626648 -0.06976741552352905 0.9534883499145508 0.28684523701667786 0.25965583324432373 0.24966607987880707
v -0.14866644144058228 -0.06976741552352905 0.9689922332763672 0.009627231396734715 0.008354824967682362 0.009737162850797176
v -0.14847590029239655 -0.06976741552352905 0.9844961166381836 0.0044225165620446205 0.004101332277059555 0.005076675675809383
v -0.14809326827526093 -0.05426359176635742 0.751937985420227 0.0026762813795357943 0.0030518039129674435 0.0037246933206915855
v -0.14747965335845947 -0.05426359176635742 0.9534883499145508 0.24484241008758545 0.22132880985736847 0.21305081248283386
v -0.1489785760641098 -0.05426359176635742 0.9689922332763672 0.00926094502210617 0.008213413879275322 0.009478594176471233
v -0.14853523671627045 -0.05426359176635742 0.9844961166381836 0.004442171193659306 0.004214536398649216 0.005158020183444023
v -0.14821229875087738 -0.038759708404541016 0.751937985420227 0.002718992531299591 0.003091486869379878 0.0037641897797584534
v -0.14746657013893127 -0.038759708404541016 0.9534883499145508 0.18298321962356567 0.16538290679454803 0.15797501802444458
v -0.14909490942955017 -0.038759708404541016 0.9689922332763672 0.008939171209931374 0.008059727028012276 0.009229619987308979
v -0.14819377660751343 -0.038759708404541016 0.9844961166381836 0.0045709614641964436 0.004434021655470133 0.005410761572420597
v -0.14823408424854279 -0.02325582504272461 0.751937985420227 0.002681033220142126 0.003035928588360548 0.003670201636850834
v -0.14745710790157318 -0.02325582504272461 0.9534883499145508 0.18496325612068176 0.16758838295936584 0.16036459803581238
v -0.14908671379089355 -0.02325582504272461 0.9689922332763672 0.011377451941370964 0.010168338194489479 0.011440508998930454
v -0.14740058779716492 -0.02325582504272461 0.9844961166381836 0.005255575757473707 0.005128883291035891 0.006224851123988628
v -0.14818082749843597 -0.007751941680908203 0.751937985420227 0.002639892976731062 0.002981944242492318 0.0035672071389853954
v -0.1475812792778015 -0.007751941680908203 0.9534883499145508 0.21405568718910217 0.1940537393093109 0.18553802371025085
v -0.14912083745002747 -0.007751941680908203 0.9689922332763672 0.016328800469636917 0.014509135857224464 0.015774959698319435
v -0.14818541705608368 0.007751941680908203 0.751937985420227 0.002651681425049901 0.003000152064487338 0.003560897195711732
v -0.1477307677268982 0.007751941680908203 0.9534883499145508 0.2026328146457672 0.18408136069774628 0.17605021595954895
v -0.14923164248466492 0.007751941680908203 0.9689922332763672 0.015186079777777195 0.013581116683781147 0.014814289286732674
v -0.14817100763320923 0.02325582504272461 0.751937985420227 0.002713097259402275 0.0030520434956997633 0.0036321268416941166
v -0.14775793254375458 0.02325582504272461 0.9534883499145508 0.1767549216747284 0.15963345766067505 0.15287846326828003
v -0.1492479294538498 0.02325582504272461 0.9689922332763672 0.011750483885407448 0.010395708493888378 0.01161665003746748
v -0.14749552309513092 0.02325582504272461 0.9844961166381836 0.0053023770451545715 0.005165533162653446 0.006211035419255495
v -0.14812114834785461 0.038759708404541016 0.751937985420227 0.002797164721414447 0.003128058509901166 0.0037175121251493692
v -0.14774256944656372 0.038759708404541016 0.9534883499145508 0.1960485577583313 0.17534716427326202 0.16722699999809265
v -0.14923632144927979 0.038759708404541016 0.9689922332763672 0.01049638818949461 0.009113737381994724 0.010286138392984867
v -0.14819753170013428 0.038759708404541016 0.9844961166381836 0.004845120012760162 0.004598029423505068 0.00554786017164588
v -0.1481008678674698 0.05426359176635742 0.751937985420227 0.0028822962194681168 0.003214276162907481 0.0038126399740576744
v -0.14775192737579346 0.05426359176635742 0.9534883499145508 0.22113342583179474 0.19829845428466797 0.18845131993293762
v -0.1491757333278656 0.05426359176635742 0.9689922332763672 0.00976871233433485 0.008433588780462742 0.009624563157558441
v -0.14863581955432892 0.05426359176635742 0.9844961166381836 0.004539273213595152 0.004242767114192247 0.0051393937319517136
v -0.1480569690465927 0.06976747512817383 0.751937985420227 0.002883110661059618 0.003234670963138342 0.003837462281808257
v -0.14753076434135437 0.06976747512817383 0.9534883499145508 0.203671395778656 0.1824285387992859 0.17276005446910858
v -0.1488695591688156 0.06976747512817383 0.9689922332763672 0.008470077998936176 0.007332592271268368 0.00851520337164402
v -0.1486319601535797 0.06976747512817383 0.9844961166381836 0.004200313240289688 0.003921412862837315 0.004807160701602697
v -0.14799802005290985 0.08527135848999023 0.751937985420227 0.0028654122725129128 0.003231806680560112 0.00384324393235147
v -0.1484174132347107 0.08527135848999023 0.9689922332763672 0.007537335157394409 0.0065999687649309635 0.007761282846331596
v -0.14843052625656128 0.08527135848999023 0.9844961166381836 0.004008599556982517 0.003762262174859643 0.0046476321294903755
v -0.14794963598251343 0.10077524185180664 0.751937985420227 0.002755231922492385 0.0031529157422482967 0.0037904097698628902
v -0.14797323942184448 0.10077524185180664 0.9689922332763672 0.007227438967674971 0.00643277307972312 0.007661683019250631
v -0.14822286367416382 0.10077524185180664 0.9844961166381836 0.0039787800051271915 0.0037663967814296484 0.00469637755304575
v -0.1478414237499237 0.11627912521362305 0.751937985420227 0.0026110950857400894 0.003058524103835225 0.0037100929766893387
v -0.1474778950214386 0.11627912521362305 0.9689922332763672 0.006766156759113073 0.006172274239361286 0.007483229506760836
v -0.14777597784996033 0.11627912521362305 0.9844961166381836 0.0039515127427875996 0.003778196172788739 0.004782933741807938
v -0.14761464297771454 0.1317828893661499 0.751937985420227 0.0025841468013823032 0.0029578839894384146 0.003733337391167879
v -0.14847056567668915 0.1317828893661499 0.9844961166381836 0.003608525497838855 0.003245856612920761 0.004215253051370382
v -0.1431945264339447 -0.14728683233261108 0.751937985420227 0.003485301276668906 0.003002645680680871 0.004737097304314375
v -0.14021223783493042 -0.14728683233261108 0.7674418687820435 0.004742844961583614 0.003534900490194559 0.005205162335187197
v -0.1351872682571411 -0.14728683233261108 0.7829457521438599 0.011018941178917885 0.00825564656406641 0.01027950644493103
v -0.1345483958721161 -0.14728683233261108 0.7984496355056763 0.05939604341983795 0.0537099614739418 0.05735009163618088
v -0.13440056145191193 -0.14728683233261108 0.8139535188674927 0.11791975796222687 0.11455953121185303 0.11816485971212387
v -0.13430346548557281 -0.14728683233261108 0.8294574022293091 0.1566009372472763 0.15523743629455566 0.15657980740070343
v -0.13414841890335083 -0.14728683233261108 0.8449612855911255 0.16188587248325348 0.16147233545780182 0.16125158965587616
v -0.13397760689258575 -0.14728683233261108 0.8604651689529419 0.15869386494159698 0.15781764686107635 0.1571461707353592
v -0.13379672169685364 -0.14728683233261108 0.8759689331054688 0.13538509607315063 0.13249069452285767 0.13272537291049957
v -0.13338351249694824 -0.14728683233261108 0.8914728164672852 0.12127547711133957 0.11673703044652939 0.11721788346767426
v -0.1333479881286621 -0.14728683233261108 0.9069766998291016 0.09552228450775146 0.09077703207731247 0.091156005859375
v -0.13388021290302277 -0.14728683233261108 0.922480583190918 0.08941075950860977 0.08355647325515747 0.0838983952999115
v -0.1350768357515335 -0.14728683233261108 0.9379844665527344 0.09842654317617416 0.08804529160261154 0.08905605226755142
v -0.13778898119926453 -0.14728683233261108 0.9534883499145508 0.0390002503991127 0.03234366327524185 0.035654596984386444
v -0.1421017348766327 -0.14728683233261108 0.9689922332763672 0.0078074075281620026 0.006414173636585474 0.008238688111305237
v -0.14536234736442566 -0.14728683233261108 0.9844961166381836 0.0038726849015802145 0.003297665389254689 0.004347215406596661
v -0.13248369097709656 -0.13178294897079468 -0.9844961166381836 0.003655205015093088 0.0033138375729322433 0.004408958833664656
v -0.13365091383457184 -0.13178294897079468 0.7829457521438599 0.11032713949680328 0.10406997054815292 0.09546662122011185
v -0.1352805644273758 -0.13178294897079468 0.7984496355056763 0.49183306097984314 0.4663306474685669 0.4660407602787018
v -0.1355644315481186 -0.13178294897079468 0.8139535188674927 0.5736111402511597 0.5577918291091919 0.5468522906303406
v -0.13528989255428314 -0.13178294897079468 0.8294574022293091 0.6115622520446777 0.6017934679985046 0.5829593539237976
v -0.13475462794303894 -0.13178294897079468 0.8449612855911255 0.6290048360824585 0.6208075284957886 0.5977029204368591
v -0.13429810106754303 -0.13178294897079468 0.8604651689529419 0.6343758702278137 0.6267982721328735 0.6015841364860535
v -0.13394755125045776 -0.13178294897079468 0.8759689331054688 0.6271030902862549 0.6187331676483154 0.5927674174308777
v -0.13297176361083984 -0.13178294897079468 0.8914728164672852 0.6135522127151489 0.6000894904136658 0.5738800168037415
v -0.13258549571037292 -0.13178294897079468 0.9069766998291016 0.5858353972434998 0.5694624185562134 0.5449187755584717
v -0.13296233117580414 -0.13178294897079468 0.922480583190918 0.5639506578445435 0.5453754663467407 0.5211897492408752
v -0.1363402009010315 -0.11627906560897827 -0.9844961166381836 0.003217102726921439 0.002920313272625208 0.00381138501688838
v -0.13483378291130066 -0.11627906560897827 0.7829457521438599 0.2580464482307434 0.24876180291175842 0.22776082158088684
v -0.13646535575389862 -0.11627906560897827 0.7984496355056763 0.5683489441871643 0.5514824390411377 0.5326200127601624
v -0.1369069665670395 -0.11627906560897827 0.8139535188674927 0.6089271903038025 0.5991288423538208 0.5728282332420349
v -0.136739119887352 -0.11627906560897827 0.8294574022293091 0.6284167766571045 0.6197791695594788 0.5901411175727844
v -0.13621306419372559 -0.11627906560897827 0.8449612855911255 0.6380921602249146 0.6298777461051941 0.5991794466972351
v -0.1356920599937439 -0.11627906560897827 0.8604651689529419 0.6415681838989258 0.6335095167160034 0.6017667651176453
v -0.13542592525482178 -0.11627906560897827 0.8759689331054688 0.6374775767326355 0.6298125386238098 0.5966877341270447
v -0.13504138588905334 -0.11627906560897827 0.8914728164672852 0.6292744874954224 0.6218692064285278 0.5878615975379944
v -0.13467934727668762 -0.11627906560897827 0.9069766998291016 0.6160269379615784 0.6068128347396851 0.5727704167366028
v -0.13447102904319763 -0.11627906560897827 0.922480583190918 0.6077703833580017 0.6012793779373169 0.5663425326347351
v -0.14609293639659882 -0.11627906560897827 0.968992292881012 0.011539705097675323 0.01012275367975235 0.01218724437057972
v -0.14636856317520142 -0.11627906560897827 0.9844961166381836 0.004721577744930983 0.004381485749036074 0.005569718312472105
v -0.13672709465026855 -0.10077518224716187 -0.9844961166381836 0.003131776349619031 0.0028759161941707134 0.0037644391413778067
v -0.13706286251544952 -0.10077518224716187 0.7829457521438599 0.25420525670051575 0.24765901267528534 0.22541216015815735
v -0.1377410739660263 -0.10077518224716187 0.7984496355056763 0.5726860165596008 0.5613197088241577 0.5324004292488098
v -0.13795439898967743 -0.10077518224716187 0.8139535188674927 0.6077932715415955 0.5985420346260071 0.5684602856636047
v -0.13767029345035553 -0.10077518224716187 0.8294574022293091 0.6241227984428406 0.6160921454429626 0.585779070854187
v -0.1370595395565033 -0.10077518224716187 0.8449612855911255 0.6327313184738159 0.6251980662345886 0.594591498374939
v -0.1364450752735138 -0.10077518224716187 0.8604651689529419 0.6347048878669739 0.6272883415222168 0.5961873531341553
v -0.13621509075164795 -0.10077518224716187 0.8759689331054688 0.6305720210075378 0.623418927192688 0.5911310315132141
v -0.13633090257644653 -0.10077518224716187 0.8914728164672852 0.6226471066474915 0.6154221296310425 0.5818163752555847
v -0.13668042421340942 -0.10077518224716187 0.9069766998291016 0.6117253303527832 0.6054612398147583 0.5703545212745667
v -0.13681575655937195 -0.10077518224716187 0.922480583190918 0.6031304001808167 0.6005347371101379 0.562450647354126
v -0.14530810713768005 -0.10077518224716187 0.9689922332763672 0.017820924520492554 0.01598536968231201 0.018022093921899796
v -0.1454206258058548 -0.10077518224716187 0.9844961762428284 0.005262748338282108 0.004930400289595127 0.00616524089127779
v -0.13691318035125732 -0.08527129888534546 -0.9844961166381836 0.003065763972699642 0.0028345563914626837 0.0037232190370559692
v -0.14263466000556946 -0.08527129888534546 0.7519380450248718 0.0030590244568884373 0.003171725431457162 0.004307992290705442
v -0.13768431544303894 -0.08527129888534546 0.7829457521438599 0.2465793639421463 0.24049507081508636 0.215271458029747
v -0.13832786679267883 -0.08527129888534546 0.7984496355056763 0.564133882522583 0.5539040565490723 0.523004949092865
v -0.13847510516643524 -0.08527129888534546 0.8139535188674927 0.5974705815315247 0.5893158912658691 0.5589123964309692
v -0.1380978524684906 -0.08527129888534546 0.8294574022293091 0.6121028065681458 0.605178713798523 0.57509845495224
v -0.1373814195394516 -0.08527129888534546 0.8449612855911255 0.6195269823074341 0.6129652261734009 0.5830631256103516
v -0.1366817057132721 -0.08527129888534546 0.8604651689529419 0.6216602921485901 0.6151542663574219 0.5848073959350586
v -0.13642096519470215 -0.08527129888534546 0.8759689331054688 0.616611123085022 0.6100797653198242 0.5789907574653625
v -0.1365995705127716 -0.08527129888534546 0.8914728164672852 0.6097028851509094 0.6031480431556702 0.5709435343742371
v -0.13709226250648499 -0.08527129888534546 0.9069766998291016 0.600983738899231 0.5950421094894409 0.5610536336898804
v -0.13725364208221436 -0.08527129888534546 0.922480583190918 0.5952793955802917 0.5940931439399719 0.5569398403167725
v -0.1447588950395584 -0.08527129888534546 0.9689922332763672 0.02476176992058754 0.023082498461008072 0.024591172114014626
v -0.1455637514591217 -0.08527129888534546 0.9844961166381836 0.005354898516088724 0.005032520741224289 0.006250642705708742
v -0.13687068223953247 -0.06976741552352905 -0.9844961166381836 0.003040042705833912 0.0028080735355615616 0.0036983441095799208
v -0.1433466374874115 -0.06976741552352905 0.751937985420227 0.0029593307990580797 0.003133554244413972 0.004186145029962063
v -0.1376670002937317 -0.06976741552352905 0.7829457521438599 0.1990809142589569 0.19655978679656982 0.17321354150772095
v -0.138370543718338 -0.06976741552352905 0.7984496355056763 0.549793004989624 0.5381724238395691 0.507881224155426
v -0.13846053183078766 -0.06976741552352905 0.8139535188674927 0.5861580967903137 0.578163743019104 0.5484942197799683
v -0.13801461458206177 -0.06976741552352905 0.8294574022293091 0.6006659865379333 0.594010055065155 0.5650213360786438
v -0.13722330331802368 -0.06976741552352905 0.8449612855911255 0.6075109839439392 0.6013171076774597 0.5726445913314819
v -0.1364714801311493 -0.06976741552352905 0.8604651689529419 0.6084601879119873 0.6024183630943298 0.5734162926673889
v -0.13619264960289001 -0.06976741552352905 0.8759689331054688 0.6030247211456299 0.59708571434021 0.5669984221458435
v -0.1363443285226822 -0.06976741552352905 0.8914728164672852 0.5953413248062134 0.5893953442573547 0.5576014518737793
v -0.13657280802726746 -0.06976741552352905 0.9069766998291016 0.5876789093017578 0.5834519863128662 0.5491377711296082
v -0.1360938996076584 -0.06976741552352905 0.922480583190918 0.5846138596534729 0.5854813456535339 0.5471728444099426
v -0.14727920293807983 -0.06976741552352905 0.9534883499145508 0.28649207949638367 0.2593314051628113 0.2493315488100052
v -0.14453983306884766 -0.06976741552352905 0.9689922332763672 0.02148052677512169 0.020400678738951683 0.021725159138441086
v -0.14562426507472992 -0.06976741552352905 0.9844961166381836 0.005246738903224468 0.0049895672127604485 0.006169393192976713
v -0.1368812918663025 -0.05426359176635742 -0.9844961166381836 0.0030526393093168736 0.0028265207074582577 0.0037200036458671093
v -0.14170925319194794 -0.05426359176635742 0.751937985420227 0.003007792169228196 0.0031207797583192587 0.0041842954233288765
v -0.13688160479068756 -0.05426359176635742 0.7829457521438599 0.14296969771385193 0.14409327507019043 0.12573611736297607
v -0.13804411888122559 -0.05426359176635742 0.7984496355056763 0.5306124687194824 0.5155397057533264 0.4886448085308075
v -0.13811896741390228 -0.05426359176635742 0.8139535188674927 0.5759314298629761 0.5668476819992065 0.5385509133338928
v -0.13764560222625732 -0.05426359176635742 0.8294574022293091 0.5924267172813416 0.58486008644104 0.5568548440933228
v -0.13682697713375092 -0.05426359176635742 0.8449612855911255 0.5989495515823364 0.5920600891113281 0.5639696717262268
v -0.13607937097549438 -0.05426359176635742 0.8604651689529419 0.5987098217010498 0.5921444892883301 0.5635497570037842
v -0.13578595221042633 -0.05426359176635742 0.8759689331054688 0.5918024778366089 0.585490345954895 0.5554310083389282
v -0.13566648960113525 -0.05426359176635742 0.8914728164672852 0.5827761888504028 0.5771815776824951 0.5449832677841187
v -0.1350533813238144 -0.05426359176635742 0.9069766998291016 0.5747812390327454 0.5699762105941772 0.5348334908485413
v -0.13291017711162567 -0.05426359176635742 0.922480583190918 0.5866593718528748 0.5877881050109863 0.5495533347129822
v -0.14664596319198608 -0.05426359176635742 0.9534883499145508 0.270498126745224 0.24523238837718964 0.23638494312763214
v -0.1444200724363327 -0.05426359176635742 0.9689922332763672 0.019538812339305878 0.01909804902970791 0.020284410566091537
v -0.14574488997459412 -0.05426359176635742 0.9844961166381836 0.005173949059098959 0.005030479747802019 0.006174786482006311
v -0.13684684038162231 -0.038759708404541016 -0.9844961166381836 0.0030833440832793713 0.0028747683390975 0.00376595719717443
v -0.13185296952724457 -0.038759708404541016 -0.9689922332763672 0.003051243955269456 0.003689283737912774 0.004336117766797543
v -0.13982199132442474 -0.038759708404541016 0.751937985420227 0.0030151826795190573 0.0030978007707744837 0.004063951317220926
v -0.1340038776397705 -0.038759708404541016 0.7829457521438599 0.14883945882320404 0.14780426025390625 0.12940117716789246
v -0.13718031346797943 -0.038759708404541016 0.7984496355056763 0.5031854510307312 0.4834690988063812 0.46200811862945557
v -0.13752292096614838 -0.038759708404541016 0.8139535188674927 0.5609562397003174 0.5509229898452759 0.5239242315292358
v -0.13709202408790588 -0.038759708404541016 0.8294574022293091 0.5822048783302307 0.5741810202598572 0.5456205010414124
v -0.13629204034805298 -0.038759708404541016 0.8449612855911255 0.5892483592033386 0.5820951461791992 0.5527434945106506
v -0.13556888699531555 -0.038759708404541016 0.8604651689529419 0.5884348750114441 0.5818285942077637 0.5514925718307495
v -0.1350051462650299 -0.038759708404541016 0.8759689331054688 0.5798622965812683 0.5739068984985352 0.5421018600463867
v -0.1338302195072174 -0.038759708404541016 0.8914728164672852 0.5714113116264343 0.5636412501335144 0.5306910276412964
v -0.14683470129966736 -0.038759708404541016 0.9534883499145508 0.19047479331493378 0.1722719669342041 0.1643097847700119
v -0.1446731984615326 -0.038759708404541016 0.9689922332763672 0.016525711864233017 0.016130344942212105 0.017400814220309258
v -0.14627806842327118 -0.038759708404541016 0.9844961166381836 0.005107242148369551 0.005049454048275948 0.006195342633873224
v -0.13662327826023102 -0.02325582504272461 -0.9844961166381836 0.0031323316507041454 0.0029513754416257143 0.0038270496297627687
v -0.1399146318435669 -0.02325582504272461 0.751937985420227 0.0029926213901489973 0.003070312784984708 0.003999005071818829
v -0.13539832830429077 -0.02325582504272461 0.7984496355056763 0.48999714851379395 0.4720281660556793 0.45401909947395325
v -0.1368645429611206 -0.02325582504272461 0.8139535188674927 0.5511263608932495 0.5378251671791077 0.5098598003387451
v -0.13673065602779388 -0.02325582504272461 0.8294574022293091 0.5749356150627136 0.5668085813522339 0.5359457731246948
v -0.13595403730869293 -0.02325582504272461 0.8449612855911255 0.5830013155937195 0.5757874250411987 0.5436357259750366
v -0.13489025831222534 -0.02325582504272461 0.8604651689529419 0.5821028351783752 0.575059711933136 0.5419098138809204
v -0.13276119530200958 -0.02325582504272461 0.8759689331054688 0.5780391693115234 0.5689501166343689 0.5363134741783142
v -0.14693164825439453 -0.02325582504272461 0.9534884095191956 0.1910490095615387 0.17306149005889893 0.16515801846981049
v -0.14500835537910461 -0.02325582504272461 0.9689922332763672 0.019874026998877525 0.019206054508686066 0.0203737560659647
v -0.14716744422912598 -0.02325582690536976 0.9844961166381836 0.005281555000692606 0.005164784844964743 0.0062708780169487
v -0.1362193077802658 -0.007751941680908203 -0.9844961166381836 0.0032040104269981384 0.0030437353998422623 0.003901850199326873
v -0.141433984041214 -0.007751941680908203 0.751937985420227 0.002950542839244008 0.0030694555025547743 0.003966866061091423
v -0.13488194346427917 -0.007751941680908203 0.8139535188674927 0.5471673011779785 0.5351395010948181 0.5071132779121399
v -0.13563024997711182 -0.007751941680908203 0.8294574022293091 0.5714447498321533 0.5607982277870178 0.5279590487480164
v -0.13489848375320435 -0.007751941680908203 0.8449612855911255 0.5802332162857056 0.5703408718109131 0.5360541343688965
v -0.13255615532398224 -0.007751941680908203 0.8604651689529419 0.584814190864563 0.5759995579719543 0.5423891544342041
v -0.1467341184616089 -0.007751941215246916 0.953488290309906 0.22939340770244598 0.20739823579788208 0.19682322442531586
v -0.1451309770345688 -0.007751941680908203 0.9689922332763672 0.030220426619052887 0.029030481353402138 0.02921282686293125
v -0.1361258178949356 0.007751941680908203 -0.9844961166381836 0.0032584236469119787 0.003107135184109211 0.0039582462050020695
v -0.14234855771064758 0.007751941680908203 0.751937985420227 0.0029534767381846905 0.003110480960458517 0.0039850398898124695
v -0.13322271406650543 0.007751941680908203 0.8139535188674927 0.5532420873641968 0.5405640006065369 0.507591962814331
v -0.13455989956855774 0.007751941680908203 0.8294574022293091 0.574055016040802 0.5641076564788818 0.5301194787025452
v -0.13385866582393646 0.007751941680908203 0.8449612855911255 0.5831615328788757 0.5736744403839111 0.5383862853050232
v -0.1464940905570984 0.00775194214656949 0.9534883499145508 0.21908098459243774 0.1984662264585495 0.1879013478755951
v -0.14505507051944733 0.007751941680908203 0.9689922332763672 0.02797592803835869 0.027155743911862373 0.02743447944521904
v -0.1362645924091339 0.02325582504272461 -0.9844961166381836 0.003302952740341425 0.003143695183098316 0.0039929854683578014
v -0.1420094221830368 0.02325582504272461 0.751937985420227 0.00303330784663558 0.003191807307302952 0.004073649179190397
v -0.13439229130744934 0.02325582504272461 0.8139535188674927 0.5564163327217102 0.5438132882118225 0.5131396651268005
v -0.1350320428609848 0.02325582504272461 0.8294574022293091 0.5778779983520508 0.5665861964225769 0.5319331884384155
v -0.13430507481098175 0.02325582504272461 0.8449612855911255 0.5849727988243103 0.5746652483940125 0.5385293364524841
v -0.1320766657590866 0.02325582504272461 0.8604651689529419 0.5870345234870911 0.577531635761261 0.5401051640510559
v -0.14640288054943085 0.02325582504272461 0.9534884095191956 0.19669616222381592 0.17774046957492828 0.16885384917259216
v -0.14495514333248138 0.02325582504272461 0.9689922332763672 0.02082308940589428 0.020295053720474243 0.021250542253255844
v -0.14707039296627045 0.02325582504272461 0.9844961166381836 0.005443822592496872 0.005340471398085356 0.006422939244657755
v -0.13644655048847198 0.038759708404541016 -0.9844961166381836 0.0033240027260035276 0.0031414483673870564 0.0039898911491036415
v -0.14185069501399994 0.038759708404541016 0.751937985420227 0.003166836453601718 0.003303802339360118 0.00421332661062479
v -0.13333629071712494 0.038759708404541016 0.7984496355056763 0.5226258635520935 0.506112813949585 0.48064571619033813
v -0.135231152176857 0.038759708404541016 0.8139535188674927 0.5686528086662292 0.555338442325592 0.523048996925354
v -0.13534921407699585 0.038759708404541016 0.8294574022293091 0.5861785411834717 0.5770164728164673 0.542014479637146
v -0.1346503645181656 0.038759708404541016 0.8449612855911255 0.5906020998954773 0.5822787880897522 0.5461211204528809
v -0.13340036571025848 0.038759708404541016 0.8604651689529419 0.5896776914596558 0.5803123712539673 0.5427849888801575
v -0.14628712832927704 0.038759708404541016 0.9534884095191956 0.22789010405540466 0.2054414302110672 0.1951005607843399
v -0.1447061449289322 0.038759708404541016 0.968992292881012 0.020283063873648643 0.01971857063472271 0.02063353918492794
v -0.1462971270084381 0.038759708404541016 0.9844960570335388 0.0053912196308374405 0.005247850436717272 0.006346104200929403
v -0.13666881620883942 0.05426359176635742 -0.9844961166381836 0.00335947098210454 0.0031527027022093534 0.00400511035695672
v -0.14181679487228394 0.05426359176635742 0.751937985420227 0.0033146096393465996 0.0034043185878545046 0.0043296669609844685
v -0.13454177975654602 0.05426359176635742 0.7984496355056763 0.5400687456130981 0.5262896418571472 0.4979800283908844
v -0.13567352294921875 0.05426359176635742 0.8139535188674927 0.579623281955719 0.5685828328132629 0.5346910357475281
v -0.13564276695251465 0.05426359176635742 0.8294574022293091 0.5937806963920593 0.5857152938842773 0.5500990748405457
v -0.13498379290103912 0.05426359176635742 0.8449612855911255 0.597455620765686 0.5898415446281433 0.5533629059791565
v -0.13406074047088623 0.05426359176635742 0.8604651689529419 0.595948338508606 0.5882262587547302 0.5501787662506104
v -0.13264045119285583 0.05426359176635742 0.8759689331054688 0.5940809845924377 0.5849393010139465 0.5446576476097107
v -0.14608266949653625 0.05426359176635742 0.9534883499145508 0.2571398615837097 0.2334008514881134 0.22113864123821259
v -0.14442437887191772 0.05426359176635742 0.9689922332763672 0.02096407301723957 0.020521236583590508 0.021403435617685318
v -0.14571283757686615 0.05426359176635742 0.9844961166381836 0.005299812648445368 0.005118946079164743 0.006196279078722
v -0.13684512674808502 0.06976747512817383 -0.9844961166381836 0.0033339993096888065 0.0031069600954651833 0.003975804429501295
v -0.14054155349731445 0.06976747512817383 0.751937985420227 0.003391645848751068 0.003443686291575432 0.00434133131057024
v -0.135423481464386 0.06976747512817383 0.7984496355056763 0.5484945178031921 0.5343980193138123 0.5060653686523438
v -0.1361277550458908 0.06976747512817383 0.8139535188674927 0.5860158801078796 0.5757028460502625 0.5422829389572144
v -0.13598504662513733 0.06976747512817383 0.8294574022293091 0.5995033383369446 0.5911526083946228 0.5561436414718628
v -0.13536357879638672 0.06976747512817383 0.8449612855911255 0.6032971143722534 0.5952305197715759 0.5595167875289917
v -0.13463115692138672 0.06976747512817383 0.8604651689529419 0.6013091206550598 0.5936983823776245 0.5568368434906006
v -0.13377267122268677 0.06976747512817383 0.8759689331054688 0.597831130027771 0.5891964435577393 0.550326943397522
v -0.13244731724262238 0.06976747512817383 0.8914728164672852 0.5970348715782166 0.5880230665206909 0.5470715761184692
v -0.14651136100292206 0.06976747512817383 0.9534883499145508 0.23020000755786896 0.20786912739276886 0.19681081175804138
v -0.144403874874115 0.06976747512817383 0.9689921736717224 0.01731310412287712 0.016709022223949432 0.018017547205090523
v -0.14550764858722687 0.06976747512817383 0.9844961166381836 0.004957656841725111 0.004777558147907257 0.00583787402138114
v -0.13686789572238922 0.08527135848999023 -0.9844961166381836 0.0033301913645118475 0.003084904979914427 0.0039684888906776905
v -0.13481192290782928 0.08527135848999023 0.751937985420227 0.003730186028406024 0.003773466683924198 0.004253481049090624
v -0.13370610773563385 0.08527135848999023 0.7829457521438599 0.2884836494922638 0.2787494659423828 0.2452683001756668
v -0.1359112560749054 0.08527135848999023 0.7984496355056763 0.5532283782958984 0.5372172594070435 0.5116477608680725
v -0.1363801807165146 0.08527135848999023 0.8139535188674927 0.591856837272644 0.5806475877761841 0.5494245290756226
v -0.13617590069770813 0.08527135848999023 0.8294574022293091 0.6063929796218872 0.5961344242095947 0.5631269216537476
v -0.135605588555336 0.08527135848999023 0.8449612855911255 0.6107021570205688 0.6007365584373474 0.5668942332267761
v -0.1350134015083313 0.08527135848999023 0.8604651689529419 0.6089127063751221 0.5992996692657471 0.5646356344223022
v -0.13454845547676086 0.08527135848999023 0.8759689331054688 0.6034055352210999 0.5942375063896179 0.5584579110145569
v -0.13382084667682648 0.08527135848999023 0.8914728164672852 0.5974552035331726 0.5867553949356079 0.5500367283821106
v -0.13305805623531342 0.08527135848999023 0.9069766998291016 0.5895795822143555 0.5804514288902283 0.5434688925743103
v -0.14457902312278748 0.08527135848999023 0.9689922332763672 0.014057217165827751 0.013356662355363369 0.014896766282618046
v -0.14540892839431763 0.08527135848999023 0.9844961166381836 0.004729859065264463 0.004574344959110022 0.005620443727821112
v -0.13670232892036438 0.10077524185180664 -0.9844961166381836 0.0034078576136380434 0.003128352575004101 0.004012982361018658
v -0.13432596623897552 0.10077524185180664 0.7829457521438599 0.2371981143951416 0.2294817715883255 0.2011193484067917
v -0.1357795149087906 0.10077524185180664 0.7984496355056763 0.5532316565513611 0.5352413654327393 0.5149941444396973
v -0.13612735271453857 0.10077524185180664 0.8139535188674927 0.5983735918998718 0.5862518548965454 0.5579239130020142
v -0.1359272599220276 0.10077524185180664 0.8294574022293091 0.6155894994735718 0.6046181321144104 0.5733587741851807
v -0.13543935120105743 0.10077524185180664 0.8449612855911255 0.6210829019546509 0.6099412441253662 0.5774909853935242
v -0.1349596083164215 0.10077524185180664 0.8604651689529419 0.6199308037757874 0.6086896061897278 0.5754489898681641
v -0.13466021418571472 0.10077524185180664 0.8759689331054688 0.6141898036003113 0.6035013198852539 0.5692980289459229
v -0.13408824801445007 0.10077524185180664 0.8914728164672852 0.6051080822944641 0.5928453207015991 0.5585579872131348
v -0.13371269404888153 0.10077524185180664 0.9069766998291016 0.5883790254592896 0.5767244100570679 0.5446048378944397
v -0.13337984681129456 0.10077524185180664 0.922480583190918 0.5834670662879944 0.5770036578178406 0.5453794002532959
v -0.14496704936027527 0.10077524185180664 0.9689922332763672 0.011788979172706604 0.01103016547858715 0.012713088653981686
v -0.14517195522785187 0.10077524185180664 0.9844961166381836 0.004734034650027752 0.004634438548237085 0.005743768066167831
v -0.13653530180454254 0.11627912521362305 -0.9844961166381836 0.0035546710714697838 0.00323850498534739 0.004108988679945469
v -0.13276903331279755 0.11627912521362305 0.7829457521438599 0.19140270352363586 0.18084591627120972 0.16007938981056213
v -0.13464240729808807 0.11627912521362305 0.7984496355056763 0.5461036562919617 0.5256124138832092 0.516467809677124
v -0.1350824534893036 0.11627912521362305 0.8139535188674927 0.6012883186340332 0.5861032009124756 0.5656436681747437
v -0.13499291241168976 0.11627912521362305 0.8294574022293091 0.6217563152313232 0.6101847290992737 0.5844025015830994
v -0.13465750217437744 0.11627912521362305 0.8449612855911255 0.6286134719848633 0.6171772480010986 0.589229941368103
v -0.1341409832239151 0.11627912521362305 0.8604651689529419 0.6291040778160095 0.6169136762619019 0.5879329442977905
v -0.13337044417858124 0.11627912521362305 0.8759689331054688 0.6231338977813721 0.608808159828186 0.5797733664512634
v -0.13212810456752777 0.11627912521362305 0.8914728164672852 0.6129871606826782 0.5976862907409668 0.5711526870727539
v -0.13207308948040009 0.11627912521362305 0.9069766998291016 0.5916635394096375 0.576880693435669 0.5548092722892761
v -0.1324726790189743 0.11627912521362305 0.922480583190918 0.5778652429580688 0.5641059279441833 0.5446414947509766
v -0.14616048336029053 0.11627912521362305 0.9689922332763672 0.007891512475907803 0.007282189093530178 0.008806994184851646
v -0.14549235999584198 0.11627911776304245 0.9844960570335388 0.004467442631721497 0.004391419235616922 0.005571269895881414
v -0.13425582647323608 0.1317828893661499 -0.9844961166381836 0.0037481465842574835 0.0034803510643541813 0.004412791691720486
v -0.14436496794223785 0.1317828893661499 0.7674418687820435 0.003940089605748653 0.003287739586085081 0.0043944381177425385
v -0.13354554772377014 0.1317828893661499 0.7829457521438599 0.0284684170037508 0.025106756016612053 0.026574669405817986
v -0.13456550240516663 0.1317828893661499 0.7984496355056763 0.30868053436279297 0.28274351358413696 0.2778679430484772
v -0.13489755988121033 0.1317828893661499 0.8139535188674927 0.46948960423469543 0.44380983710289 0.4379410445690155
v -0.1348748505115509 0.1317828893661499 0.8294574022293091 0.5151385068893433 0.4949018955230713 0.48408272862434387
v -0.13471075892448425 0.1317828893661499 0.8449612855911255 0.5030394792556763 0.48453256487846375 0.4707333743572235
v -0.13434076309204102 0.1317828893661499 0.8604651689529419 0.4639148414134979 0.4442363679409027 0.42743203043937683
v -0.13373267650604248 0.1317828893661499 0.8759689331054688 0.4061810374259949 0.38388296961784363 0.3653191924095154
v -0.13192196190357208 0.1317828893661499 0.922480583190918 0.28543388843536377 0.26288485527038574 0.24311071634292603
v -0.13228479027748108 0.1317828893661499 0.9379844665527344 0.2864188253879547 0.25952914357185364 0.23986747860908508
v -0.13735860586166382 0.1317828893661499 0.9534883499145508 0.06414305418729782 0.05811427906155586 0.05602075904607773
v -0.14608371257781982 0.1317828893661499 0.9689922332763672 0.005495832767337561 0.004981333389878273 0.006293120328336954
v -0.13240672647953033 0.1472867727279663 0.9689922332763672 0.005496531259268522 0.004582797642797232 0.005956077016890049
v -0.13811568915843964 0.1472867727279663 0.9844961166381836 0.00422348128631711 0.0033601666800677776 0.004740558099001646
v -0.1206992119550705 -0.13178294897079468 -0.9689922332763672 0.003945427015423775 0.004223693627864122 0.005776112899184227
v -0.12499824166297913 -0.13178294897079468 0.751937985420227 0.005144514609128237 0.004498507361859083 0.006455353461205959
v -0.12207686901092529 -0.13178294897079468 0.7829457521438599 0.46337637305259705 0.4138203561306 0.4045504629611969
v -0.12506933510303497 -0.13178294897079468 0.8914728164672852 0.680966854095459 0.6666102409362793 0.624856173992157
v -0.1284593939781189 -0.13178294897079468 0.9069766402244568 0.6275359988212585 0.6105819940567017 0.5777262449264526
v -0.1286877691745758 -0.13178294897079468 0.9224805235862732 0.6135280132293701 0.5913755893707275 0.5597524046897888
v -0.12930569052696228 -0.13178294897079468 0.9844961762428284 0.03779632970690727 0.03157765790820122 0.03553251549601555
v -0.12715443968772888 -0.11627906560897827 -0.9689922332763672 0.0033073830418288708 0.0038541036192327738 0.004543007351458073
v -0.1300538182258606 -0.11627906560897827 0.751937985420227 0.004358768928796053 0.00406369986012578 0.005289529450237751
v -0.12477965652942657 -0.11627906560897827 0.7829457521438599 0.5528125166893005 0.5089025497436523 0.4943681061267853
v -0.11941800266504288 -0.11627906560897827 0.7984496355056763 0.6613574028015137 0.6412596106529236 0.6060983538627625
v -0.1170668676495552 -0.11627906560897827 0.8139535188674927 0.6896451711654663 0.671926736831665 0.6323302984237671
v -0.11895230412483215 -0.11627906560897827 0.8759689331054688 0.7039249539375305 0.692157506942749 0.6449084877967834
v -0.12291224300861359 -0.11627906560897827 0.8914728164672852 0.6867374181747437 0.6762164235115051 0.6313984990119934
v -0.12552756071090698 -0.11627906560897827 0.9069766998291016 0.6692687273025513 0.65746009349823 0.6156766414642334
v -0.1276455968618393 -0.11627906560897827 0.9224806427955627 0.6536923050880432 0.6417984366416931 0.6010134220123291
v -0.12728939950466156 -0.10077518224716187 -0.9689922332763672 0.0033210718538612127 0.003885805606842041 0.004504534415900707
v -0.1317596137523651 -0.10077518224716187 0.751937985420227 0.003999589942395687 0.003900510724633932 0.004770837724208832
v -0.12214900553226471 -0.10077518224716187 0.7829457521438599 0.5953754782676697 0.5661435723304749 0.5276647210121155
v -0.11813770234584808 -0.10077518224716187 0.7984496355056763 0.648065447807312 0.6373880505561829 0.5922623872756958
v -0.1199500635266304 -0.10077518224716187 0.8914728164672852 0.6723176836967468 0.6684781312942505 0.621528685092926
v -0.12292321026325226 -0.10077518224716187 0.9069766998291016 0.6631013751029968 0.658218264579773 0.6124123334884644
v -0.12567196786403656 -0.10077518224716187 0.922480583190918 0.6522358655929565 0.6472305059432983 0.600856602191925
v -0.12803414463996887 -0.08527129143476486 -0.9689922332763672 0.00330321304500103 0.003854484297335148 0.004474335350096226
v -0.12311230599880219 -0.08527129888534546 0.7829457521438599 0.5855684280395508 0.561813235282898 0.5109479427337646
v -0.11904499679803848 -0.08527129888534546 0.7984496355056763 0.6323561668395996 0.6261343359947205 0.5741974115371704
v -0.12026755511760712 -0.08527129888534546 0.8914728164672852 0.6518816947937012 0.6514879465103149 0.6072391271591187
v -0.12324011325836182 -0.08527129888534546 0.9069766998291016 0.645487368106842 0.6436921954154968 0.599376916885376
v -0.1260550320148468 -0.08527129888534546 0.922480583190918 0.6375932097434998 0.6355040073394775 0.5897466540336609
v -0.12947021424770355 -0.06976741552352905 -0.9689922332763672 0.003200956853106618 0.00376125518232584 0.00440535182133317
v -0.12504664063453674 -0.06976741552352905 0.7829457521438599 0.5505746603012085 0.5264819860458374 0.4804416000843048
v -0.12119794636964798 -0.06976741552352905 0.7984496355056763 0.6141243577003479 0.6093882322311401 0.5560461282730103
v -0.11888720840215683 -0.06976741552352905 0.8139535188674927 0.6300535798072815 0.6285336017608643 0.5803818702697754
v -0.1167643815279007 -0.06976741552352905 0.8294574022293091 0.639890730381012 0.6390597820281982 0.5918191075325012
v -0.11644914001226425 -0.06976741552352905 0.8604651689529419 0.6433486342430115 0.643974244594574 0.5994536280632019
v -0.12003624439239502 -0.06976741552352905 0.8759689331054688 0.6369287371635437 0.6390615105628967 0.5963218808174133
v -0.12323430180549622 -0.06976741552352905 0.8914728164672852 0.6316345930099487 0.6327603459358215 0.5907316207885742
v -0.12557807564735413 -0.06976741552352905 0.9069766998291016 0.6257619857788086 0.6245679259300232 0.5814065933227539
v -0.1281442940235138 -0.06976741552352905 0.922480583190918 0.6197099089622498 0.6183765530586243 0.574028491973877
v -0.13164259493350983 -0.05426359176635742 -0.9689922332763672 0.003071617567911744 0.0036738510243594646 0.004342489875853062
v -0.12740637362003326 -0.05426359176635742 0.7829457521438599 0.4687364995479584 0.4405052959918976 0.41578948497772217
v -0.12357468903064728 -0.05426359176635742 0.7984496355056763 0.5960482954978943 0.5885750651359558 0.5427576303482056
v -0.12186052650213242 -0.05426359176635742 0.8139535188674927 0.6136413812637329 0.6116699576377869 0.5697344541549683
v -0.12061754614114761 -0.05426359176635742 0.8294574022293091 0.6213549375534058 0.6213812828063965 0.5800816416740417
v -0.1200987845659256 -0.05426359176635742 0.8449612855911255 0.6246587038040161 0.6256871223449707 0.5856779217720032
v -0.121558278799057 -0.05426359176635742 0.8604651689529419 0.6237753629684448 0.6260770559310913 0.5871302485466003
v -0.12405107915401459 -0.05426359176635742 0.8759689331054688 0.6185417175292969 0.6204078197479248 0.5811334848403931
v -0.12628500163555145 -0.05426359176635742 0.8914728164672852 0.6116645932197571 0.611664354801178 0.5728430151939392
v -0.12839670479297638 -0.05426359176635742 0.9069766998291016 0.602677047252655 0.6007478833198547 0.5614752769470215
v -0.13105662167072296 -0.05426359176635742 0.9224806427955627 0.5957481861114502 0.594009518623352 0.5541903376579285
v -0.13055145740509033 -0.038759708404541016 0.7829457521438599 0.2677929103374481 0.25293436646461487 0.23880109190940857
v -0.12667930126190186 -0.038759708404541016 0.7984496355056763 0.5650545358657837 0.551128089427948 0.5178227424621582
v -0.12513203918933868 -0.038759708404541016 0.8139535188674927 0.5945339202880859 0.5883015394210815 0.5526798367500305
v -0.1243508905172348 -0.038759708404541016 0.8294574022293091 0.6058419942855835 0.6032965779304504 0.5669274926185608
v -0.12429076433181763 -0.038759708404541016 0.8449612855911255 0.6094264984130859 0.6087756156921387 0.5727854371070862
v -0.1254599392414093 -0.038759708404541016 0.8604651689529419 0.608131468296051 0.6081687808036804 0.5715606212615967
v -0.12722451984882355 -0.038759708404541016 0.875968873500824 0.6003007292747498 0.5985766053199768 0.5618466734886169
v -0.12945646047592163 -0.038759708404541016 0.8914728164672852 0.5884034633636475 0.583655834197998 0.5486823916435242
v -0.13088399171829224 -0.02325582504272461 -0.9689922332763672 0.003033067099750042 0.0037258320953696966 0.004309667740017176
v -0.12945958971977234 -0.02325582504272461 0.7984496355056763 0.5341975092887878 0.514090359210968 0.4875296950340271
v -0.12765109539031982 -0.02325582504272461 0.8139535188674927 0.5788756608963013 0.5683723092079163 0.533047080039978
v -0.12690144777297974 -0.02325582504272461 0.8294574022293091 0.5947504639625549 0.589046835899353 0.5513114333152771
v -0.12689882516860962 -0.02325582504272461 0.8449612855911255 0.5996410250663757 0.5959625244140625 0.5588351488113403
v -0.1280008852481842 -0.02325582504272461 0.8604651689529419 0.5978984832763672 0.5941925048828125 0.5578653216362
v -0.130679652094841 -0.02325582504272461 0.8759689331054688 0.5846954584121704 0.5774162411689758 0.544133186340332
v -0.1290799379348755 -0.007751941680908203 -0.9689922332763672 0.003085311036556959 0.003824675688520074 0.004354191944003105
v -0.12992361187934875 -0.007751941680908203 0.8139535188674927 0.568687379360199 0.5544964671134949 0.5163017511367798
v -0.12890449166297913 -0.007751941680908203 0.8294574022293091 0.5880789160728455 0.5786741971969604 0.536219596862793
v -0.12897568941116333 -0.007751941680908203 0.8449612855911255 0.593262791633606 0.5856096744537354 0.5450255274772644
v -0.13103288412094116 -0.007751941680908203 0.8604651093482971 0.588896632194519 0.5809118151664734 0.5457112193107605
v -0.12808749079704285 0.007751941680908203 -0.9689922332763672 0.003166506765410304 0.003931776620447636 0.004446475300937891
v -0.13102807104587555 0.007751941680908203 0.8139535188674927 0.5639890432357788 0.5496717691421509 0.5114611387252808
v -0.12993565201759338 0.007751941680908203 0.8294574022293091 0.5858624577522278 0.576275110244751 0.5329137444496155
v -0.13010960817337036 0.007751941680908203 0.8449612855911255 0.5907729864120483 0.5825970768928528 0.5408200025558472
v -0.12825845181941986 0.02325582504272461 -0.9689922332763672 0.0032397357281297445 0.004010395146906376 0.0045144022442400455
v -0.13025212287902832 0.02325582504272461 0.8139535188674927 0.5683455467224121 0.5553586483001709 0.5188343524932861
v -0.12943482398986816 0.02325582318007946 0.8294574022293091 0.5880742073059082 0.5796642899513245 0.538124144077301
v -0.12961351871490479 0.02325582504272461 0.8449612259864807 0.5931993126869202 0.5863743424415588 0.5458052754402161
v -0.1315130591392517 0.02325582504272461 0.8604652285575867 0.5882470607757568 0.5792709589004517 0.541508138179779
v -0.1300944685935974 0.038759708404541016 -0.9689922332763672 0.0032370302360504866 0.003995401784777641 0.00451952638104558
v -0.13090062141418457 0.038759708404541016 0.7984496355056763 0.5383379459381104 0.5198292136192322 0.4919087290763855
v -0.12930980324745178 0.038759708404541016 0.8139535188674927 0.5820770859718323 0.5717143416404724 0.5334211587905884
v -0.12871180474758148 0.038759708404541016 0.8294574022293091 0.5968795418739319 0.5904288291931152 0.5488021373748779
v -0.12890025973320007 0.038759708404541016 0.8449612855911255 0.6003597974777222 0.5950887203216553 0.5533479452133179
v -0.13008622825145721 0.038759708404541016 0.8604651689529419 0.5968354344367981 0.5899575352668762 0.5489739179611206
v -0.1302250176668167 0.05426359549164772 -0.9689922332763672 0.0033129958901554346 0.0040264856070280075 0.0045620957389473915
v -0.12981082499027252 0.05426359176635742 0.7984496355056763 0.5664815306663513 0.5508500933647156 0.5137892961502075
v -0.12839770317077637 0.05426359176635742 0.8139535188674927 0.5987045168876648 0.5898614525794983 0.5480079650878906
v -0.127811998128891 0.05426359176635742 0.8294574022293091 0.6104467511177063 0.6050172448158264 0.5607041716575623
v -0.1280030459165573 0.05426359176635742 0.8449612855911255 0.6124635338783264 0.608573317527771 0.5642868280410767
v -0.1290321797132492 0.05426359176635742 0.8604651689529419 0.6088023781776428 0.6039082407951355 0.5594974756240845
v -0.13083416223526 0.05426359176635742 0.8759689331054688 0.6000925898551941 0.5926135778427124 0.5499555468559265
v -0.13086578249931335 0.06976747512817383 -0.9689922332763672 0.003268621861934662 0.003921099007129669 0.004512052983045578
v -0.12835577130317688 0.06976747512817383 0.798449695110321 0.5903677940368652 0.5746870636940002 0.5343292355537415
v -0.12694400548934937 0.06976747512817383 0.8139535188674927 0.6163820624351501 0.6070550084114075 0.5639920234680176
v -0.1262681782245636 0.06976747512817383 0.8294574022293091 0.6258909106254578 0.6200964450836182 0.5748809576034546
v -0.12642352283000946 0.06976747512817383 0.8449612855911255 0.6271892786026001 0.6234883069992065 0.5782338976860046
v -0.12749524414539337 0.06976747512817383 0.8604651689529419 0.6238691210746765 0.6199893951416016 0.5743938684463501
v -0.12913593649864197 0.06976747512817383 0.8759689927101135 0.6152950525283813 0.6095722317695618 0.5645602345466614
v -0.13105352222919464 0.06976747512817383 0.8914728164672852 0.603145182132721 0.5949802994728088 0.5524604320526123
v -0.12977781891822815 0.08527135848999023 -0.9689922332763672 0.0033312139566987753 0.003909922204911709 0.00451305927708745
v -0.13002349436283112 0.08527135848999023 0.7829457521438599 0.4113408625125885 0.38395196199417114 0.3559478521347046
v -0.12607786059379578 0.08527135848999023 0.7984496355056763 0.6132876873016357 0.5955842733383179 0.5588954091072083
v -0.12435433268547058 0.08527135848999023 0.8139535188674927 0.6365874409675598 0.6244909763336182 0.5849964618682861
v -0.1233559101819992 0.08527135848999023 0.8294574022293091 0.6452311873435974 0.6371830105781555 0.5955089926719666
v -0.12333269417285919 0.08527135848999023 0.8449612855911255 0.6463482975959778 0.6406875252723694 0.5980801582336426
v -0.12463271617889404 0.08527135848999023 0.8604651689529419 0.6423709392547607 0.6377094984054565 0.594252347946167
v -0.12655088305473328 0.08527135848999023 0.8759689331054688 0.6341467499732971 0.628603994846344 0.5852032899856567
v -0.12870100140571594 0.08527135848999023 0.8914728164672852 0.6211463212966919 0.6132655739784241 0.5719533562660217
v -0.1302526593208313 0.08527135848999023 0.9069766998291016 0.6077370047569275 0.5981482863426208 0.558018147945404
v -0.12846684455871582 0.10077524185180664 -0.9689922332763672 0.003502072999253869 0.004070973955094814 0.004645318258553743
v -0.1306745707988739 0.10077524930238724 0.7519380450248718 0.00386208132840693 0.0039163087494671345 0.0044283559545874596
v -0.1280003786087036 0.10077524185180664 0.7829457521438599 0.45026493072509766 0.4119062125682831 0.39544662833213806
v -0.1233920305967331 0.10077524185180664 0.7984496355056763 0.6342475414276123 0.6133852601051331 0.5865759253501892
v -0.12145549058914185 0.10077524185180664 0.8139535188674927 0.6608221530914307 0.6436541676521301 0.6122492551803589
v -0.12014482170343399 0.10077524185180664 0.8294574022293091 0.6720508337020874 0.6573339700698853 0.6225477457046509
v -0.11976779252290726 0.10077524185180664 0.8449612855911255 0.6734703779220581 0.6611778736114502 0.6241807341575623
v -0.1211768165230751 0.10077524185180664 0.8604651689529419 0.6673229336738586 0.6574996113777161 0.6186422109603882
v -0.12358133494853973 0.10077524185180664 0.8759689331054688 0.6567342877388 0.6476283669471741 0.608593225479126
v -0.1265258491039276 0.10077524185180664 0.8914728164672852 0.6395677924156189 0.6301538944244385 0.5930617451667786
v -0.12824709713459015 0.10077523440122604 0.9069766998291016 0.6221011281013489 0.611187756061554 0.5763174295425415
v -0.12956851720809937 0.10077524185180664 0.9224805235862732 0.612109899520874 0.6017012596130371 0.5662642121315002
v -0.1282661408185959 0.11627912521362305 -0.968992292881012 0.0037013699766248465 0.004273085854947567 0.004849469754844904
v -0.12830910086631775 0.11627912521362305 0.7519379258155823 0.0038336897268891335 0.003813993651419878 0.004670918919146061
v -0.12896372377872467 0.11627912521362305 0.7829457521438599 0.33124420046806335 0.29787930846214294 0.28156721591949463
v -0.12179353088140488 0.11627912521362305 0.7984496355056763 0.6522276401519775 0.6250753998756409 0.6074872612953186
v -0.11962613463401794 0.11627912521362305 0.8139535188674927 0.6883350014686584 0.6636157035827637 0.637628972530365
v -0.11822226643562317 0.11627912521362305 0.8294574022293091 0.704738199710846 0.6811196208000183 0.6510024666786194
v -0.11764482408761978 0.11627912521362305 0.8449612855911255 0.7080677151679993 0.6868597865104675 0.6535484790802002
v -0.11926910281181335 0.11627912521362305 0.8604651689529419 0.6990461945533752 0.6805858612060547 0.6454895734786987
v -0.12342824786901474 0.11627912521362305 0.8759689331054688 0.6741177439689636 0.659091055393219 0.6245718598365784
v -0.13020415604114532 0.11627912521362305 0.8914728164672852 0.6240735650062561 0.6099875569343567 0.5828495025634766
v -0.1308223456144333 0.11627913266420364 0.9069766998291016 0.6002880930900574 0.5859922170639038 0.5633253455162048
v -0.13014443218708038 0.11627911776304245 0.922480583190918 0.5968024134635925 0.5807076692581177 0.5597341656684875
v -0.11925552785396576 0.1317828893661499 -0.9689922332763672 0.004440665245056152 0.004589882679283619 0.005921007599681616
v -0.13121862709522247 0.1317828893661499 0.922480583190918 0.3043621778488159 0.2802836000919342 0.2598322927951813
v -0.1310250461101532 0.1317828893661499 0.9379844665527344 0.31642428040504456 0.286153644323349 0.26598310470581055
v -0.12890005111694336 0.1317828893661499 0.9534883499145508 0.2130609154701233 0.18376584351062775 0.1676964908838272
v -0.12576737999916077 0.1317828893661499 0.9689922332763672 0.05483793839812279 0.04264103248715401 0.04310930147767067
v -0.12042617052793503 0.1317828893661499 0.9844961166381836 0.012465089559555054 0.010167398490011692 0.013113605789840221
v -0.13120044767856598 0.1472867727279663 0.7674418687820435 0.004865290131419897 0.003719744272530079 0.005181912798434496
v -0.12291893362998962 0.1472867727279663 0.7829457521438599 0.013352029956877232 0.010505849495530128 0.011854496784508228
v -0.11725557595491409 0.1472867727279663 0.7984496355056763 0.19143466651439667 0.17777180671691895 0.17550548911094666
v -0.11677003651857376 0.1472867727279663 0.9379844665527344 0.041455622762441635 0.03412489965558052 0.03236057236790657
v -0.10301361978054047 -0.13178294897079468 0.7829457521438599 0.673223614692688 0.6301800012588501 0.6069367527961731
v -0.10240543633699417 -0.13178294897079468 0.8914728164672852 0.7921524047851562 0.7722866535186768 0.7221469283103943
v -0.11282750964164734 -0.11627906560897827 0.8294574022293091 0.714838445186615 0.6954492926597595 0.6521413326263428
v -0.11060956120491028 -0.11627906560897827 0.8449612855911255 0.7300145626068115 0.7103941440582275 0.6647396683692932
v -0.11406856030225754 -0.11627905815839767 0.8604651689529419 0.7215878963470459 0.7056946754455566 0.65811687707901
v -0.114486925303936 -0.10077518224716187 0.8139535188674927 0.6740434765815735 0.663176953792572 0.6172746419906616
v -0.11053946614265442 -0.10077518224716187 0.8294574022293091 0.6931246519088745 0.6799430251121521 0.632123589515686
v -0.10870037972927094 -0.10077518224716187 0.8449612855911255 0.7012395858764648 0.6877907514572144 0.6387770175933838
v -0.11028024554252625 -0.10077518224716187 0.8604651689529419 0.6983283162117004 0.6873417496681213 0.6375421285629272
v -0.11504215747117996 -0.10077518969774246 0.8759689331054688 0.6848289966583252 0.6784971356391907 0.6296014189720154
v -0.11602599918842316 -0.08527129888534546 0.8139535784721375 0.6524131298065186 0.6474368572235107 0.5991101861000061
v -0.11267295479774475 -0.08527129888534546 0.8294573426246643 0.6658543944358826 0.6599793434143066 0.611498236656189
v -0.11095254123210907 -0.08527129888534546 0.8449612855911255 0.672598123550415 0.6659892797470093 0.6172820925712585
v -0.11208764463663101 -0.08527129888534546 0.8604651689529419 0.6694185733795166 0.6645669341087341 0.6165629029273987
v -0.1158401295542717 -0.08527129888534546 0.8759689331054688 0.6603787541389465 0.6587340831756592 0.612706184387207
v -0.11533396691083908 -0.06976741552352905 0.8449613451957703 0.6447948813438416 0.6441194415092468 0.5981366634368896
v -0.10870634019374847 0.1472867727279663 0.751937985420227 0.005168457981199026 0.004488035570830107 0.0066864681430161
v -0.10904736816883087 0.1472867727279663 0.8139535188674927 0.6076973080635071 0.5946797132492065 0.5586416125297546
v -0.1156337708234787 0.14728675782680511 0.9534883499145508 0.016647720709443092 0.013507972471415997 0.01426126528531313
v -0.08815696090459824 -0.13178294897079468 0.9069766998291016 0.8071027994155884 0.7894037961959839 0.7402965426445007
v -0.09638800472021103 0.1317828893661499 0.8914728164672852 0.8160095810890198 0.7997295260429382 0.7570250630378723
v -0.09980811178684235 0.1472867727279663 0.8294573426246643 0.753445029258728 0.7479658722877502 0.707050085067749
v -0.07002510130405426 -0.11627906560897827 0.8449612855911255 0.8080208897590637 0.7846837639808655 0.7393220663070679
v -0.07076922059059143 0.1472867727279663 0.8294574022293091 0.8050350546836853 0.8040651679039001 0.7693929672241211
v -0.0663781613111496 -0.13178294897079468 0.7829457521438599 0.7159411907196045 0.6868661046028137 0.6545831561088562
v -0.06836535781621933 -0.13178294897079468 0.9069767594337463 0.811775267124176 0.7974585294723511 0.7473731637001038
v -0.06922744959592819 -0.11627906560897827 0.8449612855911255 0.807411789894104 0.7841503620147705 0.7389416694641113
v -0.05725041404366493 0.1317828893661499 0.8914728164672852 0.8362793922424316 0.8307691812515259 0.7957122921943665
v -0.06162314489483833 0.1472867727279663 0.8294574022293091 0.8045817017555237 0.8037336468696594 0.7694908976554871
v -0.0477149561047554 -0.13178294897079468 0.7984496355056763 0.7680689692497253 0.748192548751831 0.7062926292419434
v -0.04964621737599373 -0.13178294897079468 0.8914727568626404 0.8158786296844482 0.8043318390846252 0.7559664845466614
v -0.04120580479502678 -0.02325582504272461 0.9379844665527344 0.0035246966872364283 0.0036649464163929224 0.0040396819822490215
v -0.041493918746709824 -0.007751941680908203 0.9379844665527344 0.0036455870140343904 0.0038361086044460535 0.004107065964490175
v -0.039958029985427856 0.007751941680908203 0.9379844665527344 0.003560018027201295 0.003761677537113428 0.00401817774400115
v -0.03092789649963379 -0.13178294897079468 0.8139535188674927 0.7725615501403809 0.7545341849327087 0.7151216864585876
v -0.025774378329515457 -0.13178294897079468 0.8759689331054688 0.7995242476463318 0.78839510679245 0.7459699511528015
v -0.026045937091112137 -0.05426359176635742 0.9379844665527344 0.003524813335388899 0.003592879744246602 0.004183918237686157
v -0.0367710143327713 -0.03875970467925072 0.9379844665527344 0.003319985931739211 0.0035041021183133125 0.003988485783338547
v -0.027230801060795784 -0.038759708404541016 0.9534883499145508 0.004492947831749916 0.0041988384909927845 0.004720543045550585
v -0.03200910985469818 -0.02325582504272461 0.9534883499145508 0.004913694225251675 0.0045144036412239075 0.004835315048694611
v -0.023975681513547897 -0.007751941680908203 0.922480583190918 0.0032846201211214066 0.0035134372301399708 0.0040273782797157764
v -0.031079817563295364 -0.00775194214656949 0.9534883499145508 0.005218724720180035 0.0048081944696605206 0.004873314872384071
v -0.026316793635487556 0.007751941680908203 0.9534883499145508 0.005328197032213211 0.004919065162539482 0.004960310645401478
v -0.03396168723702431 0.02325582690536976 0.9379844665527344 0.003708613570779562 0.003720134263858199 0.0041098338551819324
v -0.026324981823563576 0.1317828893661499 0.751937985420227 0.013554174453020096 0.010508858598768711 0.013009069487452507
v -0.03383275866508484 0.1317828893661499 0.8759689331054688 0.8299808502197266 0.8255965113639832 0.7962653636932373
v -0.03383053466677666 0.1472867727279663 0.8294574022293091 0.7907662987709045 0.7897699475288391 0.7546685934066772
v -0.03504163771867752 0.1472867727279663 0.9379845261573792 0.5106373429298401 0.4845676124095917 0.44226911664009094
v -0.018778139725327492 -0.13178294897079468 0.8294574022293091 0.769758939743042 0.7522897124290466 0.7160601615905762
v -0.01237662136554718 -0.13178294897079468 0.8449612855911255 0.7794613242149353 0.7639769911766052 0.7285042405128479
v -0.015367608517408371 -0.13178294897079468 0.8604651689529419 0.7908291816711426 0.7781057953834534 0.7406861186027527
v -0.017994211986660957 -0.02325582504272461 0.922480583190918 0.0037541300989687443 0.0039313859306275845 0.00475149555131793
v -0.01728646270930767 -0.007751941680908203 -0.9534883499145508 0.00546318618580699 0.0052411830984056 0.006199500057846308
v -0.015020384453237057 -0.007751941680908203 -0.9379844665527344 0.006515295710414648 0.005814418662339449 0.0068687028251588345
v -0.01494029350578785 -0.007751941680908203 -0.9224806427955627 0.006534327752888203 0.00559775298461318 0.0065984358079731464
v -0.015907946974039078 -0.007751941680908203 -0.9069766998291016 0.006110109388828278 0.005242328159511089 0.006262483075261116
v -0.015992188826203346 -0.007751941680908203 -0.8914728760719299 0.005773590877652168 0.0050763399340212345 0.006060607731342316
v -0.014928678050637245 -0.007751941680908203 -0.8759689927101135 0.005741030443459749 0.005038013681769371 0.005951273255050182
v -0.01420862041413784 -0.007751941680908203 -0.8604651689529419 0.0058317892253398895 0.005052350927144289 0.0058952271938323975
v -0.013947948813438416 -0.007751941680908203 -0.8449612259864807 0.0058789500035345554 0.00508370716124773 0.0058927894569933414
v -0.014071695506572723 -0.007751941680908203 -0.8294573426246643 0.00589003786444664 0.00509845232591033 0.005903922952711582
v -0.014302960596978664 -0.007751941680908203 -0.8139535188674927 0.006049106828868389 0.005234242416918278 0.0059951781295239925
v -0.014379896223545074 -0.007751941680908203 -0.7984496355056763 0.005832276772707701 0.00509395357221365 0.0058660004287958145
v -0.014103058725595474 -0.007751941680908203 -0.7829457521438599 0.005761799868196249 0.00506394449621439 0.005851219408214092
v -0.01375133078545332 -0.007751941680908203 -0.7674418687820435 0.0055715530179440975 0.0048951441422104836 0.005723465234041214
v -0.013463834300637245 -0.007751941680908203 -0.751937985420227 0.005331179592758417 0.004641975741833448 0.0055145081132650375
v -0.013521283864974976 -0.007751941680908203 -0.7364341020584106 0.005111280363053083 0.004429384600371122 0.00531381368637085
v -0.013491563498973846 -0.007751941680908203 -0.7209302186965942 0.005067318212240934 0.004408711101859808 0.0053184665739536285
v -0.013287447392940521 -0.007751941680908203 -0.7054263353347778 0.0050300112925469875 0.004367487505078316 0.005296286195516586
v -0.013185461983084679 -0.007751941680908203 -0.6899224519729614 0.005021567456424236 0.004348452668637037 0.005287729669362307
v -0.013095407746732235 -0.007751941680908203 -0.674418568611145 0.0050197686068713665 0.004340838640928268 0.0052784341387450695
v -0.01305951364338398 -0.007751941680908203 -0.6589146852493286 0.005119915585964918 0.004421341698616743 0.005338300950825214
v -0.013004964217543602 -0.007751941680908203 -0.643410861492157 0.005193064454942942 0.0044988421723246574 0.005394619423896074
v -0.01300876960158348 -0.007751941680908203 -0.6279069781303406 0.00527441781014204 0.00457454239949584 0.005453675985336304
v -0.012962531298398972 -0.007751941680908203 -0.6124030947685242 0.005333011504262686 0.004649855196475983 0.005507642403244972
v -0.01304767094552517 -0.007751941680908203 -0.5968992114067078 0.005359712988138199 0.004682803060859442 0.0055263047106564045
v -0.013081690296530724 -0.007751941680908203 -0.5813953876495361 0.005354291759431362 0.004686013795435429 0.0055413637310266495
v -0.013011297211050987 -0.007751941680908203 -0.5658915042877197 0.0053685917519032955 0.004702258855104446 0.0055784364230930805
v -0.01295832172036171 -0.007751941680908203 -0.5503876209259033 0.0052649700082838535 0.004607073497027159 0.005511753726750612
v -0.013067030347883701 -0.007751941680908203 -0.5348837375640869 0.005249880254268646 0.004586422815918922 0.005490264855325222
v -0.013011148199439049 -0.007751941680908203 -0.5193798542022705 0.0054359445348382 0.004750222433358431 0.005643307231366634
v -0.013054093345999718 -0.007751941680908203 -0.5038759708404541 0.005533975083380938 0.00483301654458046 0.005715664476156235
v -0.013231465592980385 -0.007751941680908203 -0.4883720874786377 0.005606297869235277 0.004859723150730133 0.005730709992349148
v -0.013343531638383865 -0.007751941680908203 -0.4728682041168213 0.005625404417514801 0.00485532870516181 0.005712111014872789
v -0.013464385643601418 -0.007751941680908203 -0.4573643207550049 0.0056726871989667416 0.004870480392128229 0.005693546496331692
v -0.013603340834379196 -0.007751941680908203 -0.4418604373931885 0.005658139940351248 0.0048487987369298935 0.005659428425133228
v -0.013641799800097942 -0.007751941680908203 -0.42635661363601685 0.005650175269693136 0.004842360038310289 0.005641786847263575
v -0.013667293824255466 -0.007751941680908203 -0.41085273027420044 0.0055559552274644375 0.004780702758580446 0.005590460263192654
v -0.01360464096069336 -0.007751941680908203 -0.39534884691238403 0.0055202944204211235 0.0047760033048689365 0.005604164209216833
v -0.013539950363337994 -0.007751941680908203 -0.3798449635505676 0.0055226231925189495 0.004785933066159487 0.0056287385523319244
v -0.013458570465445518 -0.007751941680908203 -0.3643410801887512 0.00558108976110816 0.004829638171941042 0.005682021379470825
v -0.013340085744857788 -0.007751941680908203 -0.3488371968269348 0.005559748038649559 0.004820740316063166 0.005695938598364592
v -0.013315539807081223 -0.007751941680908203 -0.3333333134651184 0.00556557159870863 0.004832122009247541 0.005711990874260664
v -0.013325795531272888 -0.007751941680908203 -0.317829430103302 0.0055722990073263645 0.004835238214582205 0.005711835343390703
v -0.013331558555364609 -0.007751941680908203 -0.30232560634613037 0.005586359649896622 0.004841870162636042 0.005708249751478434
v -0.013344896957278252 -0.007751941680908203 -0.28682172298431396 0.00557762011885643 0.004833472426980734 0.005686718504875898
v -0.013427414000034332 -0.007751941680908203 -0.27131783962249756 0.005594553425908089 0.004855399951338768 0.005686139687895775
v -0.013485664501786232 -0.007751941680908203 -0.25581395626068115 0.005562180653214455 0.0048549966886639595 0.005670636892318726
v -0.013587512075901031 -0.007751941680908203 -0.24031007289886475 0.005546176340430975 0.004859404172748327 0.005658603273332119
v -0.013658864423632622 -0.007751941680908203 -0.22480618953704834 0.005503099877387285 0.004844247829169035 0.005623918492347002
v -0.013604836538434029 -0.007751941680908203 -0.20930230617523193 0.005428836680948734 0.004810817539691925 0.005594748072326183
v -0.0135236456990242 -0.007751941680908203 -0.19379842281341553 0.00546039966866374 0.004858389496803284 0.005647776182740927
v -0.013403362594544888 -0.007751941680908203 -0.1782945990562439 0.00553478579968214 0.004952274262905121 0.005750472191721201
v -0.013198936358094215 -0.007751941680908203 -0.1627907156944275 0.005659284070134163 0.005061820615082979 0.005880153737962246
v -0.013260052539408207 -0.007751941680908203 -0.14728683233261108 0.005664655473083258 0.005071442108601332 0.0059038130566477776
v -0.01333129033446312 -0.007751941680908203 -0.13178294897079468 0.005860932637006044 0.005242862738668919 0.006054549477994442
v -0.013493197038769722 -0.007751941680908203 -0.11627906560897827 0.005946253892034292 0.005310011096298695 0.006111388094723225
v -0.013646252453327179 -0.007751941680908203 -0.10077518224716187 0.006034174468368292 0.0053696706891059875 0.006158855278044939
v -0.013457559049129486 -0.007751941680908203 -0.08527129888534546 0.006020049098879099 0.005379821639508009 0.006134239491075277
v -0.013397421687841415 -0.007751941680908203 -0.06976741552352905 0.006076940335333347 0.005432439967989922 0.006152071058750153
v -0.013428423553705215 -0.007751941680908203 -0.05426359176635742 0.005944635719060898 0.005313956178724766 0.006040110252797604
v -0.013603560626506805 -0.007751941680908203 -0.038759708404541016 0.005875657312572002 0.005239585880190134 0.005985125433653593
v -0.01351134292781353 -0.007751941680908203 -0.02325582504272461 0.0057885306887328625 0.00519003439694643 0.0059639886021614075
v -0.013154160231351852 -0.007751941680908203 -0.007751941680908203 0.0056006088852882385 0.005090098362416029 0.005918548442423344
v -0.012864870950579643 -0.007751941680908203 0.007751941680908203 0.005435131955891848 0.0049584368243813515 0.005818881094455719
v -0.012684313580393791 -0.007751941680908203 0.02325582504272461 0.005358630325645208 0.00488940579816699 0.005764997564256191
v -0.012443224899470806 -0.007751941680908203 0.038759708404541016 0.005290125031024218 0.004841835703700781 0.0057531907223165035
v -0.01222280040383339 -0.007751941680908203 0.05426359176635742 0.005255246069282293 0.0048067606985569 0.0057294019497931
v -0.012079941108822823 -0.007751941680908203 0.06976747512817383 0.005241798236966133 0.004780161194503307 0.005706040654331446
v -0.011900834739208221 -0.007751941680908203 0.08527135848999023 0.005200688727200031 0.004737921990454197 0.005648436956107616
v -0.0117407888174057 -0.007751941680908203 0.10077524185180664 0.005233387928456068 0.00475895032286644 0.005660212133079767
v -0.011622180230915546 -0.007751941680908203 0.11627912521362305 0.005193668883293867 0.004727688152343035 0.005612267181277275
v -0.011572744697332382 -0.007751941680908203 0.1317828893661499 0.005149456672370434 0.004681183025240898 0.005550902336835861
v -0.011470235884189606 -0.007751941680908203 0.1472867727279663 0.005072521511465311 0.004634842276573181 0.005494425538927317
v -0.011350331827998161 -0.007751941680908203 0.16279065608978271 0.005064176395535469 0.004684692248702049 0.005516473203897476
v -0.01115988940000534 -0.007751941680908203 0.17829453945159912 0.004982157610356808 0.004644134547561407 0.0054796370677649975
v -0.010942846536636353 -0.007751941680908203 0.19379842281341553 0.004975032061338425 0.0046330285258591175 0.005479532293975353
v -0.010649498552083969 -0.007751941680908203 0.20930230617523193 0.00496629299595952 0.004650007467716932 0.0054948353208601475
v -0.01051616482436657 -0.007751941680908203 0.22480618953704834 0.0051402803510427475 0.00484705762937665 0.005677582696080208
v -0.010563290677964687 -0.007751941680908203 0.24031007289886475 0.005202632397413254 0.004910842981189489 0.005735816899687052
v -0.010491490364074707 -0.007751941680908203 0.25581395626068115 0.005300925578922033 0.004996627569198608 0.005815107375383377
v -0.010369135066866875 -0.007751941680908203 0.27131783962249756 0.005335547029972076 0.005007393658161163 0.005822522100061178
v -0.010318207554519176 -0.007751941680908203 0.28682172298431396 0.005329461768269539 0.004989334382116795 0.005792349576950073
v -0.010129565373063087 -0.007751941680908203 0.30232560634613037 0.005283505190163851 0.00494631240144372 0.00575720239430666
v -0.01001978199928999 -0.007751941680908203 0.3178294897079468 0.00519780907779932 0.004840999376028776 0.005701533053070307
v -0.010181938298046589 -0.007751941680908203 0.3333333730697632 0.005130868870764971 0.004744197241961956 0.005634389817714691
v -0.010303584858775139 -0.007751941680908203 0.3488372564315796 0.005092142149806023 0.004658146761357784 0.00549563392996788
v -0.010487036779522896 -0.007751941680908203 0.364341139793396 0.005070464685559273 0.004660543520003557 0.005458077881485224
v -0.010591106489300728 -0.007751941680908203 0.37984490394592285 0.004847884178161621 0.004485461860895157 0.005312997382134199
v -0.01017683744430542 -0.007751941680908203 0.39534878730773926 0.004757980816066265 0.004435000475496054 0.0052676135674119
v -0.009776808321475983 -0.007751941680908203 0.41085267066955566 0.0047257402911782265 0.004416570067405701 0.005238689482212067
v -0.009667410515248775 -0.007751941680908203 0.42635655403137207 0.004636929836124182 0.004315659869462252 0.0051399581134319305
v -0.009442001581192017 -0.007751941680908203 0.4418604373931885 0.004450379870831966 0.004157583229243755 0.005013494286686182
v -0.009059729054570198 -0.007751941680908203 0.4573643207550049 0.004298945888876915 0.004049468319863081 0.004917283076792955
v -0.008564426563680172 -0.007751941680908203 0.4728682041168213 0.004079136997461319 0.003909642808139324 0.00477607361972332
v -0.008086660876870155 -0.007751941680908203 0.4883720874786377 0.003972500562667847 0.00385736720636487 0.004717030096799135
v -0.007956031709909439 -0.007751941680908203 0.5348837375640869 0.0036673753056675196 0.003646273398771882 0.004587419331073761
v -0.00845352653414011 -0.007751941680908203 0.5503876209259033 0.003717493498697877 0.0036677003372460604 0.004566127900034189
v -0.008823909796774387 -0.007751941680908203 0.5658915042877197 0.0037191170267760754 0.0036503488663583994 0.004554085433483124
v -0.008796244859695435 -0.007751941680908203 0.5813953876495361 0.0034990436397492886 0.0034586454275995493 0.00438214186578989
v -0.008600649423897266 -0.007751941680908203 0.5968992710113525 0.003413045546039939 0.0034025514032691717 0.004306245595216751
v -0.008379989303648472 -0.007751941680908203 0.612403154373169 0.0034014927223324776 0.003398498985916376 0.004296103958040476
v -0.008233783766627312 -0.007751941680908203 0.6279069185256958 0.0032688002102077007 0.0033371762838214636 0.00415291590616107
v -0.00811681803315878 -0.007751941680908203 0.6434108018875122 0.003153969068080187 0.003266517538577318 0.004023919813334942
v -0.008250303566455841 -0.007751941680908203 0.6589146852493286 0.003100887406617403 0.0032598653342574835 0.003964737523347139
v -0.008738098666071892 -0.007751941680908203 0.674418568611145 0.0030929839704185724 0.0032053578179329634 0.003921915777027607
v -0.009203122928738594 -0.007751941680908203 0.6899224519729614 0.0031310690101236105 0.0031750763300806284 0.003971178084611893
v -0.009358221665024757 -0.007751941680908203 0.7054263353347778 0.0033486615866422653 0.003241942496970296 0.004114436451345682
v -0.009306248277425766 -0.007751941680908203 0.7209302186965942 0.0034613735042512417 0.0032995701767504215 0.004266001284122467
v -0.009941549971699715 -0.007751941680908203 0.7364341020584106 0.003466449212282896 0.0033092449884861708 0.00437913928180933
v -0.013059353455901146 -0.007751941680908203 0.751937985420227 0.003657531924545765 0.0034481065813452005 0.004423788283020258
v -0.010909473523497581 -0.007751941680908203 0.7674418687820435 0.0034157291520386934 0.003387786215171218 0.004383706487715244
v -0.011033765971660614 -0.007751941680908203 0.7829457521438599 0.003339333925396204 0.0032371438574045897 0.004288961179554462
v -0.011065177619457245 -0.007751941680908203 0.7984496355056763 0.003541624639183283 0.003432825207710266 0.004490429535508156
v -0.011138960719108582 -0.007751941680908203 0.8139535188674927 0.0037869876250624657 0.0036554536782205105 0.004708808846771717
v -0.011140968650579453 -0.007751941680908203 0.8294574022293091 0.0037994638551026583 0.0036331755109131336 0.00467540230602026
v -0.01091354712843895 -0.007751941680908203 0.8449612855911255 0.003858209354802966 0.0036498447880148888 0.004692631773650646
v -0.01059301383793354 -0.007751941680908203 0.8604651689529419 0.003910833038389683 0.0036520720459520817 0.004705748055130243
v -0.010136897675693035 -0.007751941680908203 0.8759689331054688 0.003942026756703854 0.003655686741694808 0.004731218796223402
v -0.009804190136492252 -0.007751941680908203 0.8914728164672852 0.0039824615232646465 0.003673181403428316 0.004782284144312143
v -0.010461520403623581 -0.007751941680908203 0.9069766998291016 0.00397119577974081 0.003718328196555376 0.004789871629327536
v -0.01640050671994686 0.007751941680908203 -0.9534883499145508 0.0054356553591787815 0.0052877492271363735 0.00621867086738348
v -0.013774650171399117 0.007751941680908203 -0.9379844665527344 0.006348480004817247 0.005983634386211634 0.006933749187737703
v -0.013917990028858185 0.007751941680908203 -0.922480583190918 0.0062575978226959705 0.005670332349836826 0.0066607180051505566
v -0.014802943915128708 0.007751941680908203 -0.9069767594337463 0.005965647753328085 0.005339907947927713 0.0063958801329135895
v -0.015050996094942093 0.007751941680908203 -0.8914728760719299 0.005734271835535765 0.00522486912086606 0.00626413244754076
v -0.014317560940980911 0.007751941680908203 -0.8759689927101135 0.00574472825974226 0.0052215405739843845 0.00620494969189167
v -0.013754714280366898 0.007751941680908203 -0.8604651093482971 0.00585781829431653 0.005262313410639763 0.006159720476716757
v -0.0135501092299819 0.007751941680908203 -0.8449612855911255 0.005896252114325762 0.005286884028464556 0.00615494791418314
v -0.013622701168060303 0.007751941680908203 -0.8294574022293091 0.005865543615072966 0.005269668996334076 0.006171021144837141
v -0.01382443681359291 0.007751941680908203 -0.8139535188674927 0.005905412137508392 0.005335720721632242 0.00621136836707592
v -0.013839829713106155 0.007751941680908203 -0.7984496355056763 0.005665385629981756 0.005164944101125002 0.006058332044631243
v -0.013541056774556637 0.007751941680908203 -0.7829457521438599 0.005617949180305004 0.005138718988746405 0.0060363938100636005
v -0.013224484398961067 0.007751941680908203 -0.7674418687820435 0.005431110505014658 0.004968884866684675 0.005902188830077648
v -0.012965187430381775 0.007751941680908203 -0.751937985420227 0.005189916584640741 0.00468973396345973 0.0056847939267754555
v -0.0130844097584486 0.007751941680908203 -0.7364341020584106 0.004964163061231375 0.004465422127395868 0.00548163428902626
v -0.012991905212402344 0.007751941680908203 -0.7209302186965942 0.0049326298758387566 0.004470248706638813 0.005500185303390026
v -0.012717544101178646 0.007751941680908203 -0.7054263353347778 0.0048938351683318615 0.0044376733712852 0.005484590772539377
v -0.012582242488861084 0.007751941680908203 -0.6899224519729614 0.004928003065288067 0.00444435328245163 0.005514752585440874
v -0.012460380792617798 0.007751941680908203 -0.674418568611145 0.004961965139955282 0.004455004818737507 0.005524046719074249
v -0.012414943426847458 0.007751941680908203 -0.6589146852493286 0.00504415575414896 0.004519053269177675 0.005564324092119932
v -0.012344978749752045 0.007751941680908203 -0.643410861492157 0.005079713184386492 0.004558848217129707 0.00557576073333621
v -0.01236768253147602 0.007751941680908203 -0.6279069781303406 0.0051025873981416225 0.004594146739691496 0.005583891645073891
v -0.01229759119451046 0.007751941680908203 -0.6124030947685242 0.00512094609439373 0.004632480442523956 0.005598293151706457
v -0.01238302979618311 0.007751941680908203 -0.5968992114067078 0.005094201769679785 0.0046198866330087185 0.005574102513492107
v -0.012374261394143105 0.007751941680908203 -0.5813953876495361 0.005067108664661646 0.004598795901983976 0.005555875599384308
v -0.012240009382367134 0.007751941680908203 -0.5658915042877197 0.005085165146738291 0.004615293815732002 0.005589286796748638
v -0.012172067537903786 0.007751941680908203 -0.5503876209259033 0.005019955337047577 0.004526833537966013 0.005530104041099548
v -0.012175647541880608 0.007751941680908203 -0.5348837375640869 0.005007913336157799 0.004508044570684433 0.005511236842721701
v -0.012111298739910126 0.007751941680908203 -0.5193798542022705 0.005151055753231049 0.004660917446017265 0.005647285375744104
v -0.012152012437582016 0.007751941680908203 -0.5038759708404541 0.005223121494054794 0.004726223181933165 0.0057024830020964146
v -0.012346064671874046 0.007751941680908203 -0.4883720874786377 0.005233044270426035 0.004720158409327269 0.005690495017915964
v -0.012447088956832886 0.007751941680908203 -0.4728682041168213 0.00524864811450243 0.004715400747954845 0.005678217858076096
v -0.012554943561553955 0.007751941680908203 -0.4573643207550049 0.005242729093879461 0.004713015630841255 0.0056524500250816345
v -0.01265257690101862 0.007751941680908203 -0.4418604373931885 0.005192886106669903 0.0046740989200770855 0.005604470148682594
v -0.012640008702874184 0.007751941680908203 -0.42635661363601685 0.005149727687239647 0.004651917144656181 0.005581861361861229
v -0.012617751955986023 0.007751941680908203 -0.41085273027420044 0.005047348327934742 0.0045859660021960735 0.005534325260668993
v -0.012563595548272133 0.007751941680908203 -0.39534884691238403 0.004989885725080967 0.004557881038635969 0.0055185831151902676
v -0.012494156137108803 0.007751941680908203 -0.3798449635505676 0.004961814731359482 0.004547878168523312 0.005520551931113005
v -0.012371418997645378 0.007751941680908203 -0.3643410801887512 0.004985135979950428 0.004581603687256575 0.005560673773288727
v -0.012212199158966541 0.007751941680908203 -0.3488371968269348 0.004968968220055103 0.004577404819428921 0.005573068745434284
v -0.012173276394605637 0.007751941680908203 -0.3333333134651184 0.004987075459212065 0.004595017991960049 0.0055944109335541725
v -0.012186811305582523 0.007751941680908203 -0.317829430103302 0.00501946872100234 0.0046098195016384125 0.005606769118458033
v -0.01225661113858223 0.007751941680908203 -0.30232560634613037 0.005035092122852802 0.0046195778995752335 0.005612608976662159
v -0.012291956692934036 0.007751941680908203 -0.28682172298431396 0.0050598434172570705 0.004629781469702721 0.005614398047327995
v -0.012422630563378334 0.007751941680908203 -0.27131783962249756 0.005114234983921051 0.004669106099754572 0.005636782851070166
v -0.012471849098801613 0.007751941680908203 -0.25581395626068115 0.0051393937319517136 0.0047007156535983086 0.005653457250446081
v -0.012532039545476437 0.007751941680908203 -0.24031007289886475 0.0051512219943106174 0.00472312280908227 0.005658056121319532
v -0.012558184564113617 0.007751941680908203 -0.22480618953704834 0.005101537797600031 0.0047077639028429985 0.005632740445435047
v -0.012492358684539795 0.007751941680908203 -0.20930230617523193 0.005024846643209457 0.004661828279495239 0.005589072592556477
v -0.012458990328013897 0.007751941680908203 -0.19379842281341553 0.005010128952562809 0.004669514950364828 0.005596937611699104
v -0.012333521619439125 0.007751941680908203 -0.1782945990562439 0.005057014059275389 0.004744861274957657 0.00567636638879776
v -0.012212615460157394 0.007751941680908203 -0.1627907156944275 0.005125497933477163 0.004812970757484436 0.005750282667577267
v -0.012247104197740555 0.007751941680908203 -0.14728683233261108 0.005130683071911335 0.004811215214431286 0.005756805185228586
v -0.012323529459536076 0.007751941680908203 -0.13178294897079468 0.005317866336554289 0.004974324256181717 0.005910811014473438
v -0.012447603046894073 0.007751941680908203 -0.11627906560897827 0.005436142440885305 0.005062426906079054 0.005997742526233196
v -0.012587103992700577 0.007751941680908203 -0.10077518224716187 0.005516307894140482 0.005121343769133091 0.006033923011273146
v -0.01229383796453476 0.007751941680908203 -0.08527129888534546 0.005539128091186285 0.005172447767108679 0.006080924067646265
v -0.012120312079787254 0.007751941680908203 -0.06976741552352905 0.005679449997842312 0.005296904593706131 0.006177028641104698
v -0.012099716812372208 0.007751941680908203 -0.05426359176635742 0.005555693991482258 0.005195934791117907 0.0060902065597474575
v -0.012367653660476208 0.007751941680908203 -0.038759708404541016 0.005414600018411875 0.0050643738359212875 0.005957229528576136
v -0.012263849377632141 0.007751941680908203 -0.02325582504272461 0.005314715206623077 0.005028409883379936 0.0059549217112362385
v -0.011880947276949883 0.007751941680908203 -0.007751941680908203 0.0051298439502716064 0.004961545113474131 0.005951273255050182
v -0.011654633097350597 0.007751941680908203 0.007751941680908203 0.004992676433175802 0.004824216943234205 0.005824502091854811
v -0.011481430381536484 0.007751941680908203 0.02325582504272461 0.004918993450701237 0.004737874027341604 0.0057418085634708405
v -0.011247215792536736 0.007751941680908203 0.038759708404541016 0.0048813349567353725 0.004715352784842253 0.005737931001931429
v -0.011035509407520294 0.007751941680908203 0.05426359176635742 0.004875205457210541 0.004711190238595009 0.005750930402427912
v -0.010920621454715729 0.007751941680908203 0.06976747512817383 0.004889246076345444 0.004703122656792402 0.005731998011469841
v -0.010743090882897377 0.007751941680908203 0.08527135848999023 0.004857346881181002 0.004657863173633814 0.005675208289176226
v -0.01058029755949974 0.007751941680908203 0.10077524185180664 0.004916781559586525 0.004693572409451008 0.005700292997062206
v -0.01043076440691948 0.007751941680908203 0.11627912521362305 0.004929738584905863 0.0046923477202653885 0.005682654213160276
v -0.010396255180239677 0.007751941680908203 0.1317828893661499 0.004926817491650581 0.004670992493629456 0.005650350823998451
v -0.010250748135149479 0.007751941680908203 0.1472867727279663 0.0048841810785233974 0.004629791714251041 0.005591790657490492
v -0.010049131698906422 0.007751941680908203 0.16279065608978271 0.004871093202382326 0.004671642556786537 0.005605991929769516
v -0.00988915003836155 0.007751941680908203 0.17829453945159912 0.004763865377753973 0.004629210103303194 0.005573735106736422
v -0.009820263832807541 0.007751941680908203 0.19379842281341553 0.004709454253315926 0.004581661894917488 0.005529986694455147
v -0.009592107497155666 0.007751941680908203 0.20930230617523193 0.004690861329436302 0.004569966811686754 0.005509726237505674
v -0.00943305529654026 0.007751941680908203 0.22480618953704834 0.004841906949877739 0.004757886286824942 0.005695138592272997
v -0.009374625980854034 0.007751941680908203 0.24031007289886475 0.004869108088314533 0.004805161617696285 0.005756770726293325
v -0.009263470768928528 0.007751941680908203 0.25581395626068115 0.0049695405177772045 0.004877979401499033 0.0058283149264752865
v -0.009143659844994545 0.007751941680908203 0.27131783962249756 0.005063261371105909 0.004927421920001507 0.005867830477654934
v -0.009053821675479412 0.007751941680908203 0.28682172298431396 0.0051138559356331825 0.004951218143105507 0.005874438211321831
v -0.008817930705845356 0.007751941680908203 0.30232560634613037 0.005126504227519035 0.004930678755044937 0.0058599309995770454
v -0.008506577461957932 0.007751941680908203 0.3178294897079468 0.005150805693119764 0.00489970063790679 0.005875892471522093
v -0.008586319163441658 0.007751941680908203 0.3333333730697632 0.005070209968835115 0.004800703376531601 0.005810675676912069
v -0.008819367736577988 0.007751941680908203 0.3488372564315796 0.004879218526184559 0.004647017456591129 0.005624654237180948
v -0.009009523317217827 0.007751941680908203 0.364341139793396 0.004778938367962837 0.004658927675336599 0.005600804463028908
v -0.009073706343770027 0.007751941680908203 0.37984490394592285 0.00460537476465106 0.004581925459206104 0.00555939506739378
v -0.00880556832998991 0.007751941680908203 0.39534878730773926 0.0045183636248111725 0.004533560015261173 0.0055060796439647675
v -0.008426737040281296 0.007751941680908203 0.41085267066955566 0.00443893950432539 0.004464054945856333 0.005419258959591389
v -0.008253321051597595 0.007751941680908203 0.42635655403137207 0.00436196755617857 0.00440286984667182 0.005377996247261763
v -0.00801095925271511 0.007751941680908203 0.4418604373931885 0.004211911000311375 0.0042429594323039055 0.005258546210825443
v -0.007941986434161663 0.007751941680908203 0.5658915042877197 0.0035928557626903057 0.003828989341855049 0.004789080936461687
v -0.00805831328034401 0.007751941680908203 0.5813953876495361 0.0033740936778485775 0.0036057631950825453 0.00458453269675374
v -0.007984359748661518 0.007751941680908203 0.5968992710113525 0.003322419011965394 0.0035309260711073875 0.004480128642171621
v -0.007869529537856579 0.007751941680908203 0.612403154373169 0.003326133592054248 0.003521137870848179 0.004425611346960068
v -0.007866478525102139 0.007751941680908203 0.6279069185256958 0.0031962597277015448 0.0034582139924168587 0.004247997887432575
v -0.007835273630917072 0.007751941680908203 0.6434108018875122 0.0031056778971105814 0.0033939972054213285 0.004106542561203241
v -0.007873385213315487 0.007751941680908203 0.6589146852493286 0.0031207227148115635 0.0033898132387548685 0.004068715963512659
v -0.00816945917904377 0.007751941680908203 0.674418568611145 0.00311411265283823 0.003315364709123969 0.004022363573312759
v -0.008598532527685165 0.007751941680908203 0.6899224519729614 0.0031258752569556236 0.0032878981437534094 0.0041332850232720375
v -0.008680803701281548 0.007751941680908203 0.7054263353347778 0.0032565034925937653 0.0033848213497549295 0.004392300732433796
v -0.00866097491234541 0.007751941680908203 0.7209302186965942 0.003273684997111559 0.003401205176487565 0.004506199155002832
v -0.009493225254118443 0.007751941680908203 0.7364341020584106 0.0033284539822489023 0.003398108296096325 0.004540224093943834
v -0.011949758976697922 0.007751941680908203 0.751937985420227 0.0035646723117679358 0.003479099366813898 0.004482106305658817
v -0.010168982669711113 0.007751941680908203 0.7674418687820435 0.003371536498889327 0.0035251390654593706 0.004601579625159502
v -0.010403919033706188 0.007751941680908203 0.7829457521438599 0.0032196391839534044 0.003315070876851678 0.0043976642191410065
v -0.010429272428154945 0.007751941680908203 0.7984496355056763 0.0034969490952789783 0.003519817255437374 0.004613319877535105
v -0.01036985032260418 0.007751941680908203 0.8139535188674927 0.0037551510613411665 0.003704036120325327 0.004794939421117306
v -0.010330922901630402 0.007751941680908203 0.8294574022293091 0.0037404613103717566 0.003656940534710884 0.004743629600852728
v -0.010131534188985825 0.007751941680908203 0.8449612855911255 0.003767766524106264 0.0036578408908098936 0.004751700442284346
v -0.009901643730700016 0.007751941680908203 0.8604651689529419 0.003793417476117611 0.0036473164800554514 0.004761461168527603
v -0.009566718712449074 0.007751941680908203 0.8759689331054688 0.0038233406376093626 0.003652888583019376 0.004798206500709057
v -0.009334328584372997 0.007751941680908203 0.8914728164672852 0.0038756318390369415 0.003699758555740118 0.0048728869296610355
v -0.009768333286046982 0.007751941680908203 0.9069766998291016 0.003899290459230542 0.003799333469942212 0.004929490853101015
v -0.021098053082823753 0.00775194214656949 0.922480583190918 0.00330413319170475 0.0035821052733808756 0.004060287959873676
v -0.008265065960586071 0.02325582504272461 0.922480583190918 0.005241858307272196 0.005082284566015005 0.005970722530037165
v -0.016423292458057404 0.02325582504272461 0.9534883499145508 0.005633176304399967 0.004775433335453272 0.005151622463017702
v -0.010740106925368309 0.038759708404541016 0.9379844665527344 0.004105834290385246 0.004143846221268177 0.004548447672277689
v -0.018146010115742683 0.1317828893661499 0.7674418687820435 0.11058037728071213 0.09091591835021973 0.08597876131534576
v -0.017140209674835205 0.1317828893661499 0.7829457521438599 0.6266494989395142 0.5810442566871643 0.5526923537254333
v -0.018796062096953392 0.1317828893661499 0.7984496355056763 0.7670100331306458 0.7398085594177246 0.7003726959228516
v -0.017483117058873177 0.1317828893661499 0.8139535188674927 0.7906187176704407 0.7712627649307251 0.7326566576957703
v -0.015126887708902359 0.1317828893661499 0.8294574022293091 0.8066836595535278 0.7928764820098877 0.7586004137992859
v -0.015012654475867748 0.1317828893661499 0.8449612855911255 0.815427839756012 0.8051531314849854 0.7741991281509399
v -0.02303898334503174 0.1317828893661499 0.8604651689529419 0.8204518556594849 0.8134594559669495 0.7845579385757446
v 0.003306455910205841 -0.14728683233261108 0.9069766998291016 0.7072371244430542 0.711851954460144 0.6723538041114807
v 0.0010778512805700302 -0.14728683233261108 0.922480583190918 0.6690075397491455 0.6756377220153809 0.6326934695243835
v 0.003327229991555214 -0.007751941680908203 0.4728682041168213 0.0043532950803637505 0.004089470021426678 0.00502866180613637
v -0.0009009512141346931 -0.007751941680908203 0.4883720874786377 0.004422124940901995 0.004137188196182251 0.005087877158075571
v -0.0032601915299892426 -0.007751941680908203 0.5348837375640869 0.0040649063885211945 0.0038520724046975374 0.004884673748165369
v 0.004553052596747875 -0.007751941680908203 0.5503876209259033 0.0038800027687102556 0.0037077958695590496 0.004716144874691963
v 0.006512870080769062 -0.007751941680908203 0.5968992710113525 0.003361171344295144 0.0033358577638864517 0.00423442805185914
v 0.00468511413782835 -0.007751941680908203 0.612403154373169 0.003459708532318473 0.003381795482710004 0.004382016137242317
v 0.003831644542515278 -0.007751941680908203 0.6279069185256958 0.0033434717915952206 0.003302840981632471 0.004253983497619629
v 0.0022817410062998533 -0.007751941680908203 0.6434108018875122 0.0032639752607792616 0.0032421292271465063 0.004188671242445707
v 0.003534773364663124 -0.007751941680908203 0.6589146852493286 0.0031668245792388916 0.0032072169706225395 0.0040789577178657055
v 0.0073444535955786705 -0.007751941680908203 0.674418568611145 0.0029887929558753967 0.0031391368247568607 0.0037603455130010843
v 0.005402751266956329 0.007751941680908203 0.3178294897079468 0.005397653207182884 0.004921313375234604 0.0059009455144405365
v 0.006287440657615662 0.007751941680908203 0.3333333730697632 0.005255449563264847 0.004791072104126215 0.005804643966257572
v 0.006273205392062664 0.007751941680908203 0.41085267066955566 0.0045924982987344265 0.00439836410805583 0.00536070903763175
v 0.003680965630337596 0.007751941680908203 0.42635655403137207 0.004756823182106018 0.004476469475775957 0.005512210074812174
v -0.0006873514503240585 0.007751941680908203 0.4418604373931885 0.004894980229437351 0.004522025119513273 0.005603941157460213
v 0.004783984273672104 0.007751941680908203 0.5968992710113525 0.0035349437966942787 0.0035012452863156796 0.0045888409949839115
v 0.001935252919793129 0.007751941680908203 0.612403154373169 0.003719891421496868 0.00357237015850842 0.004789763130247593
v 0.002242850139737129 0.007751941680908203 0.6279069185256958 0.003548884531483054 0.0034679309464991093 0.004592197481542826
v -0.0002084702719002962 0.007751941680908203 0.6434108018875122 0.003468309761956334 0.0034220695961266756 0.004527675919234753
v 0.0022714072838425636 0.007751941680908203 0.6589146852493286 0.0034130578860640526 0.0033767542336136103 0.004400188103318214
v 0.0055235037580132484 0.007751941680908203 0.674418568611145 0.0032799786422401667 0.0032805847004055977 0.004123212303966284
v -0.003918925300240517 0.02325582504272461 0.922480583190918 0.005717529449611902 0.0053733401000499725 0.0062724086456000805
v 0.003050316823646426 0.038759708404541016 0.9379844665527344 0.004476738628000021 0.004448871128261089 0.004809638485312462
v 0.015460045076906681 -0.05426359176635742 0.9379844665527344 0.003910135943442583 0.003825560910627246 0.00456554489210248
v 0.020752806216478348 -0.038759708404541016 0.9534883499145508 0.005204210989177227 0.004643752705305815 0.005146727431565523
v 0.01327846385538578 -0.02325582504272461 0.9224805235862732 0.004741395357996225 0.0047679259441792965 0.005622199736535549
v 0.014799147844314575 -0.00775194214656949 -0.9534883499145508 0.005582592450082302 0.005336789879947901 0.006155074108392
v 0.012088312767446041 -0.007751941680908203 -0.9379844665527344 0.006514732260257006 0.005900674499571323 0.006663073319941759
v 0.012634137645363808 -0.007751941680908203 -0.9224806427955627 0.006254840176552534 0.005359224509447813 0.006217541638761759
v 0.013496609404683113 -0.007751941680908203 -0.9069766998291016 0.005835868418216705 0.004949355963617563 0.005850058980286121
v 0.014001071453094482 -0.007751941680908203 -0.8914729356765747 0.005535962525755167 0.004851307719945908 0.005740490276366472
v 0.013569381088018417 -0.007751941680908203 -0.8759689927101135 0.005476694088429213 0.004805086180567741 0.005644557066261768
v 0.013432584702968597 -0.007751941680908203 -0.8604651093482971 0.00549235800281167 0.004797313828021288 0.005566381383687258
v 0.013489857316017151 -0.007751941680908203 -0.8449611663818359 0.005498993210494518 0.004803509917110205 0.005562283098697662
v 0.01361412275582552 -0.007751941680908203 -0.8294572830200195 0.00555739551782608 0.004830417223274708 0.005622714292258024
v 0.013712589628994465 -0.007751941680908203 -0.8139535188674927 0.005737519823014736 0.004974084440618753 0.005747164599597454
v 0.013715697452425957 -0.007751941680908203 -0.7984496355056763 0.0055763800628483295 0.004875897895544767 0.005652629304677248
v 0.013415953144431114 -0.007751941680908203 -0.7829457521438599 0.005523566622287035 0.004860652610659599 0.005637498572468758
v 0.012889471836388111 -0.007751941680908203 -0.7674418687820435 0.005372492130845785 0.004718739539384842 0.005509583745151758
v 0.01253216341137886 -0.007751941680908203 -0.751937985420227 0.005161795765161514 0.004467293154448271 0.005281270947307348
v 0.012428564950823784 -0.007751941680908203 -0.7364341020584106 0.004984140396118164 0.004266595002263784 0.0050687408074736595
v 0.012140041217207909 -0.007751941680908203 -0.7209302186965942 0.004960543941706419 0.004279897082597017 0.005086883902549744
v 0.011762592941522598 -0.007751941680908203 -0.7054263353347778 0.004948660731315613 0.004274406470358372 0.005097956396639347
v 0.011607382446527481 -0.007751941680908203 -0.6899224519729614 0.004944446962326765 0.004257749300450087 0.0050840964540839195
v 0.01147305779159069 -0.007751941680908203 -0.6744186282157898 0.004976567346602678 0.004281436093151569 0.005120218265801668
v 0.011510314419865608 -0.00775194214656949 -0.6589146852493286 0.005084035452455282 0.004364931024610996 0.00518706813454628
v 0.011682742275297642 -0.007751941680908203 -0.643410861492157 0.005172190722078085 0.004454496316611767 0.005261063575744629
v 0.01180965080857277 -0.007751941680908203 -0.6279069781303406 0.005275378469377756 0.004552972968667746 0.005347760394215584
v 0.011845148168504238 -0.007751941680908203 -0.6124030947685242 0.005360370967537165 0.004651914816349745 0.00542873190715909
v 0.012036221101880074 -0.007751941680908203 -0.5968992114067078 0.005392903927713633 0.004685930907726288 0.005435246042907238
v 0.012177401222288609 -0.007751941680908203 -0.5813953876495361 0.0054041920229792595 0.004725235048681498 0.0054824938997626305
v 0.012095481157302856 -0.007751941680908203 -0.5658915042877197 0.005440795794129372 0.004763254430145025 0.005522502586245537
v 0.011969970539212227 -0.007751941680908203 -0.5503876209259033 0.005337857641279697 0.004630257375538349 0.005403638817369938
v 0.011961584910750389 -0.007751941680908203 -0.5348837375640869 0.005314239300787449 0.004588614217936993 0.005355195142328739
v 0.011847017332911491 -0.007751941680908203 -0.5193798542022705 0.005499903578311205 0.004783017560839653 0.005526772700250149
v 0.011708447709679604 -0.007751941680908203 -0.5038759708404541 0.005629916675388813 0.004905794281512499 0.005639179144054651
v 0.011764094233512878 -0.007751941680908203 -0.4883720874786377 0.005705044139176607 0.004926666617393494 0.005639153998345137
v 0.01187856588512659 -0.007751941680908203 -0.4728681743144989 0.005754798650741577 0.004926505498588085 0.005625027231872082
v 0.01197543740272522 -0.007751941680908203 -0.45736435055732727 0.005837318953126669 0.0049693952314555645 0.005628280341625214
v 0.012054698541760445 -0.007751941680908203 -0.4418604373931885 0.005890705622732639 0.005005944054573774 0.005646402947604656
v 0.012127334251999855 -0.007751941680908203 -0.42635661363601685 0.005852986127138138 0.004983039107173681 0.0056151943281292915
v 0.012179933488368988 -0.007751941680908203 -0.41085273027420044 0.005735012702643871 0.0049112229607999325 0.0055646938271820545
v 0.012083536013960838 -0.007751941680908203 -0.39534884691238403 0.005645352881401777 0.004874418489634991 0.0055466401390731335
v 0.011954085901379585 -0.007751941680908203 -0.3798449635505676 0.005644093733280897 0.004875983577221632 0.005563458893448114
v 0.011692095547914505 -0.007751941680908203 -0.3643410801887512 0.005650444887578487 0.004876076243817806 0.0055678896605968475
v 0.01135941594839096 -0.007751941680908203 -0.3488371968269348 0.005614517256617546 0.004839952103793621 0.005557751748710871
v 0.011085962876677513 -0.007751941680908203 -0.3333333134651184 0.0056463791988790035 0.0048773386515676975 0.005614597350358963
v 0.010938946157693863 -0.007751941680908203 -0.317829430103302 0.005643404088914394 0.0048706368543207645 0.005613510962575674
v 0.010928161442279816 -0.007751941680908203 -0.30232560634613037 0.005634812172502279 0.004843184724450111 0.005578366573899984
v 0.010850191116333008 -0.007751941680908203 -0.28682172298431396 0.005661303177475929 0.004863766022026539 0.005593494512140751
v 0.010882144793868065 -0.007751941680908203 -0.27131783962249756 0.005691941827535629 0.004903753753751516 0.005620698910206556
v 0.010956167243421078 -0.007751941680908203 -0.25581395626068115 0.005661689676344395 0.004917316138744354 0.005627757869660854
v 0.01100192591547966 -0.007751941680908203 -0.24031007289886475 0.0056856656447052956 0.0049617053009569645 0.005657991394400597
v 0.011023405939340591 -0.007751941680908203 -0.22480618953704834 0.005651881452649832 0.004962170962244272 0.005650803912431002
v 0.011053074151277542 -0.007751941680908203 -0.20930230617523193 0.00558467535302043 0.0049404664896428585 0.0056452518329024315
v 0.011036421172320843 -0.007751941680908203 -0.19379842281341553 0.005573635455220938 0.004967949353158474 0.005681137088686228
v 0.010903339833021164 -0.007751941680908203 -0.1782945990562439 0.005627294536679983 0.005059428047388792 0.0057856072671711445
v 0.010845232754945755 -0.007751941680908203 -0.1627907156944275 0.00572584243491292 0.005128434859216213 0.005852814763784409
v 0.010865254327654839 -0.007751941680908203 -0.14728683233261108 0.005741571541875601 0.005121427588164806 0.00586632639169693
v 0.010972453281283379 -0.007751941680908203 -0.13178294897079468 0.005858192685991526 0.0052533517591655254 0.005990132689476013
v 0.01104489155113697 -0.007751941680908203 -0.11627905815839767 0.0059685176238417625 0.005365686025470495 0.006106550805270672
v 0.011122696101665497 -0.007751941680908203 -0.10077518224716187 0.00606147013604641 0.005424570757895708 0.006144129205495119
v 0.01104716770350933 -0.007751941680908203 -0.08527129888534546 0.006063315086066723 0.005441802088171244 0.0061510964296758175
v 0.010924332775175571 -0.007751941680908203 -0.06976741552352905 0.006154520437121391 0.005503804888576269 0.006189785432070494
v 0.01086311787366867 -0.007751941680908203 -0.05426359176635742 0.0060974787920713425 0.005440333858132362 0.00613442063331604
v 0.010824183002114296 -0.007751941680908203 -0.038759708404541016 0.006096388678997755 0.005436663515865803 0.0061354972422122955
v 0.01067819818854332 -0.007751941680908203 -0.02325582504272461 0.006023065652698278 0.005408361088484526 0.006135871633887291
v 0.010331443510949612 -0.007751941680908203 -0.007751941680908203 0.005776142235845327 0.005269831512123346 0.006066624075174332
v 0.01008245162665844 -0.007751941680908203 0.007751941680908203 0.0055790613405406475 0.005112942308187485 0.005942775867879391
v 0.00992392934858799 -0.007751941680908203 0.02325582504272461 0.005493857432156801 0.0050268471240997314 0.005878184922039509
v 0.009722301736474037 -0.007751941680908203 0.03875970467925072 0.005395268090069294 0.004951425828039646 0.005832556169480085
v 0.009601172059774399 -0.007751941680908203 0.05426359176635742 0.0053689805790781975 0.004918305668979883 0.005808830726891756
v 0.009474421851336956 -0.007751941215246916 0.06976747512817383 0.0053244479931890965 0.004871063400059938 0.005754932761192322
v 0.009442813694477081 -0.007751941680908203 0.08527135848999023 0.005282271653413773 0.0048237144947052 0.005700830835849047
v 0.009344530291855335 -0.007751941680908203 0.10077524185180664 0.005269905086606741 0.004803362302482128 0.005662320647388697
v 0.009281840175390244 -0.007751941680908203 0.11627912521362305 0.005239936988800764 0.004776945803314447 0.005626602564007044
v 0.009241828694939613 -0.007751941215246916 0.1317828893661499 0.005224532913416624 0.004754988476634026 0.005590605083853006
v 0.009077954106032848 -0.00775194214656949 0.1472867727279663 0.005205914378166199 0.004760487470775843 0.00558895617723465
v 0.008969551883637905 -0.007751941215246916 0.16279065608978271 0.0051935287192463875 0.0047985464334487915 0.005580425262451172
v 0.008881969377398491 -0.007751941680908203 0.17829453945159912 0.005107067059725523 0.0047531165182590485 0.00553998164832592
v 0.008842259645462036 -0.00775194214656949 0.19379842281341553 0.005070911254733801 0.004720315802842379 0.005507562775164843
v 0.008749986998736858 -0.00775194214656949 0.20930230617523193 0.005072700325399637 0.004746066872030497 0.005539184436202049
v 0.008741999045014381 -0.007751941680908203 0.22480620443820953 0.005201619118452072 0.004900255706161261 0.005663964431732893
v 0.008747469633817673 -0.007751941680908203 0.24031005799770355 0.005243417341262102 0.0049447533674538136 0.005705280229449272
v 0.008674503304064274 -0.007751941680908203 0.25581395626068115 0.005340409930795431 0.005038290284574032 0.0057863942347466946
v 0.008596986532211304 -0.007751941680908203 0.27131783962249756 0.005374612752348185 0.005062354728579521 0.005791966803371906
v 0.008519338443875313 -0.007751941680908203 0.28682172298431396 0.00535021023824811 0.0050318678840994835 0.005740765016525984
v 0.008431239053606987 -0.007751941680908203 0.30232560634613037 0.005319886840879917 0.004994435701519251 0.005721330177038908
v 0.008289256133139133 -0.007751941680908203 0.3178294897079468 0.005310749635100365 0.004943686071783304 0.005745322443544865
v 0.008371706120669842 -0.007751941680908203 0.3333333730697632 0.005264852661639452 0.004821927286684513 0.005648402962833643
v 0.008505540899932384 -0.007751941215246916 0.3488372266292572 0.005273144692182541 0.004755675792694092 0.005470994394272566
v 0.008599743247032166 -0.007751941680908203 0.364341139793396 0.00520682567730546 0.004706184379756451 0.005361924879252911
v 0.008695321157574654 -0.007751941680908203 0.37984490394592285 0.0049102227203547955 0.004475603345781565 0.005207405425608158
v 0.008584226481616497 -0.007751941680908203 0.39534878730773926 0.004756487440317869 0.004366549663245678 0.005094442516565323
v 0.008454639464616776 -0.007751941680908203 0.41085267066955566 0.004717099014669657 0.00434091268107295 0.005041033495217562
v 0.008387443609535694 -0.007751941680908203 0.42635655403137207 0.004629890434443951 0.00425225542858243 0.004928183741867542
v 0.00825351569801569 -0.007751941680908203 0.44186046719551086 0.004411555361002684 0.0040880171582102776 0.0047828201204538345
v 0.007895318791270256 -0.007751941680908203 0.4573643207550049 0.004228951409459114 0.003969449549913406 0.004679582547396421
v 0.007843973115086555 -0.007751941680908203 0.5658915042877197 0.0035163122229278088 0.0035981698893010616 0.00421771127730608
v 0.007838716730475426 -0.007751941680908203 0.5813953876495361 0.0033152648247778416 0.0033752296585589647 0.004068729933351278
v 0.008220328018069267 -0.007751941680908203 0.6899223923683167 0.002992521272972226 0.00307975965552032 0.003766791895031929
v 0.00831485167145729 -0.007751941680908203 0.7054263353347778 0.0031533625442534685 0.00313071021810174 0.003908483777195215
v 0.008382718078792095 -0.007751941680908203 0.7209302186965942 0.003223058767616749 0.0031699680257588625 0.0040115779265761375
v 0.009029613807797432 -0.007751941215246916 0.7364340424537659 0.0033193076960742474 0.0032297212164849043 0.004194916691631079
v 0.011483493261039257 -0.00775194214656949 0.751937985420227 0.003495960496366024 0.0032739746384322643 0.004125503823161125
v 0.009575867094099522 -0.007751941680908203 0.7674418687820435 0.0033413940109312534 0.0033193256240338087 0.004275576677173376
v 0.009693971835076809 -0.007751941680908203 0.7829457521438599 0.0031805355101823807 0.0031080234330147505 0.004038562066853046
v 0.009739484637975693 -0.007751941680908203 0.7984496355056763 0.0034108601976186037 0.0033027897588908672 0.004243089351803064
v 0.00964968279004097 -0.007751941680908203 0.8139535188674927 0.0036628975067287683 0.003512950148433447 0.004464414436370134
v 0.00958158541470766 -0.007751941680908203 0.8294574022293091 0.0036565077025443316 0.0034836691338568926 0.0044305273331701756
v 0.009452799335122108 -0.007751941680908203 0.8449612855911255 0.0036948700435459614 0.0034970976412296295 0.00444858567789197
v 0.00932666752487421 -0.007751941680908203 0.8604651689529419 0.0037442694883793592 0.003506696317344904 0.004467845894396305
v 0.009202015586197376 -0.007751941680908203 0.8759689331054688 0.0037685013376176357 0.0035041410010308027 0.004483620636165142
v 0.009064123965799809 -0.007751941680908203 0.8914727568626404 0.0038428506813943386 0.003556561656296253 0.004583827685564756
v 0.009490732103586197 -0.007751941215246916 0.9069766402244568 0.00389923551119864 0.0036602208856493235 0.004684765357524157
v 0.018419643864035606 -0.007751941680908203 0.922480583190918 0.003854937618598342 0.003976273816078901 0.004353339318186045
v 0.014571353793144226 0.007751941680908203 -0.9534883499145508 0.005618622060865164 0.005269831512123346 0.006083018146455288
v 0.01167656946927309 0.007751941680908203 -0.9379844665527344 0.006718331482261419 0.006065295077860355 0.006884037051349878
v 0.012210944667458534 0.00775194214656949 -0.9224807024002075 0.006490022409707308 0.005527571775019169 0.006456657778471708
v 0.013040049001574516 0.007751941680908203 -0.9069767594337463 0.006155363749712706 0.005138328764587641 0.006126866675913334
v 0.013670134358108044 0.007751941680908203 -0.8914728164672852 0.005864540580660105 0.00502275675535202 0.005996948108077049
v 0.013404970988631248 0.007751941680908203 -0.8759689331054688 0.005826560780405998 0.004983085207641125 0.005907879676669836
v 0.013382114470005035 0.007751941680908203 -0.8604650497436523 0.005888449493795633 0.004969325847923756 0.005816534627228975
v 0.013511661440134048 0.007751941680908203 -0.8449612855911255 0.005872518755495548 0.004943951964378357 0.005773670971393585
v 0.013624908402562141 0.007751941680908203 -0.8294574022293091 0.005901116877794266 0.0049652280285954475 0.005834759678691626
v 0.01374016236513853 0.00775194214656949 -0.8139535188674927 0.006021175999194384 0.00507113104686141 0.005924609489738941
v 0.01372910849750042 0.007751941680908203 -0.7984496355056763 0.005826551932841539 0.00494305370375514 0.005795311648398638
v 0.013376640155911446 0.007751941680908203 -0.7829457521438599 0.005781366489827633 0.0049235159531235695 0.005768636707216501
v 0.012879496440291405 0.007751941680908203 -0.7674418687820435 0.0056527722626924515 0.004792379215359688 0.005653597880154848
v 0.012545032426714897 0.007751941680908203 -0.751937985420227 0.005518451798707247 0.004579805303364992 0.005478949286043644
v 0.012488048523664474 0.007751941680908203 -0.7364341020584106 0.005337100010365248 0.004387407097965479 0.005286911502480507
v 0.01215972751379013 0.007751941680908203 -0.7209301590919495 0.0052834791131317616 0.004397399257868528 0.0052998801693320274
v 0.01174217090010643 0.007751941680908203 -0.7054263353347778 0.005244096741080284 0.004390990361571312 0.005304410122334957
v 0.011547894217073917 0.007751941680908203 -0.6899224519729614 0.005264240317046642 0.004384065046906471 0.005306214559823275
v 0.011344322934746742 0.007751941680908203 -0.674418568611145 0.005296635441482067 0.004413100890815258 0.005337929353117943
v 0.011295050382614136 0.007751941680908203 -0.6589146852493286 0.005370567552745342 0.004479499068111181 0.005382307339459658
v 0.011366751976311207 0.007751941680908203 -0.643410861492157 0.005406826734542847 0.004535668063908815 0.005420689471065998
v 0.011466087773442268 0.007751941680908203 -0.6279069781303406 0.005452749785035849 0.0045904358848929405 0.005456096958369017
v 0.011473603546619415 0.007751941680908203 -0.6124030947685242 0.005490629002451897 0.004650766961276531 0.005498965736478567
v 0.011615235358476639 0.00775194214656949 -0.5968992114067078 0.00547192245721817 0.004646222107112408 0.005480123218148947
v 0.011712273582816124 0.007751941680908203 -0.5813953876495361 0.00546711590141058 0.004653577692806721 0.005491271615028381
v 0.011639710515737534 0.007751941680908203 -0.5658915042877197 0.005536094773560762 0.004694969393312931 0.005532713606953621
v 0.01157777477055788 0.007751941215246916 -0.5503876209259033 0.005518599413335323 0.004603179171681404 0.005446326453238726
v 0.01159626990556717 0.007751941680908203 -0.5348837375640869 0.005501730367541313 0.004561078269034624 0.005391618236899376
v 0.01147980522364378 0.007751941680908203 -0.5193798542022705 0.005604865495115519 0.004698022734373808 0.005513079464435577
v 0.011273685842752457 0.007751941680908203 -0.5038759708404541 0.005693285260349512 0.004789888393133879 0.005598875228315592
v 0.011259252205491066 0.00775194214656949 -0.4883720874786377 0.005747279152274132 0.004802827723324299 0.00559935811907053
v 0.01127682812511921 0.007751941680908203 -0.4728682041168213 0.005752308294177055 0.0047941552475094795 0.005586529150605202
v 0.01126592792570591 0.007751941680908203 -0.4573643207550049 0.005756505765020847 0.0048123314045369625 0.0055916993878781796
v 0.011205261573195457 0.007751941680908203 -0.4418604373931885 0.005755144637078047 0.004826418124139309 0.005616704002022743
v 0.011123673990368843 0.007751941215246916 -0.42635661363601685 0.005686076823621988 0.004798856098204851 0.005608410574495792
v 0.011056536808609962 0.007751941680908203 -0.41085273027420044 0.005537297576665878 0.004716793075203896 0.005569166503846645
v 0.01096364390105009 0.007751941680908203 -0.39534884691238403 0.005435439292341471 0.004664079751819372 0.005533675663173199
v 0.01084551028907299 0.007751941215246916 -0.3798449635505676 0.0053850882686674595 0.004635015968233347 0.0055183423683047295
v 0.010642430745065212 0.00775194214656949 -0.3643411099910736 0.0053781382739543915 0.00463571073487401 0.005513631738722324
v 0.010377505794167519 0.007751941215246916 -0.3488371968269348 0.005364726763218641 0.004615194629877806 0.005502654239535332
v 0.01016840711236 0.007751941680908203 -0.3333333134651184 0.005367324687540531 0.004624164663255215 0.005516864825040102
v 0.010042557492852211 0.007751941680908203 -0.317829430103302 0.005395142361521721 0.004628456197679043 0.005518039222806692
v 0.010013303719460964 0.007751941680908203 -0.30232560634613037 0.005395667627453804 0.004618897568434477 0.005502715241163969
v 0.0099049536511302 0.00775194214656949 -0.28682172298431396 0.0054082684218883514 0.004632473923265934 0.005520244594663382
v 0.00990096852183342 0.007751941680908203 -0.27131783962249756 0.005451724398881197 0.0046731578186154366 0.005549658089876175
v 0.009906940162181854 0.007751941680908203 -0.25581395626068115 0.0054493797942996025 0.004697553347796202 0.005565471947193146
v 0.009882403537631035 0.00775194214656949 -0.24031007289886475 0.005464378744363785 0.004733419511467218 0.005593330133706331
v 0.00986472237855196 0.007751941680908203 -0.22480618953704834 0.005425461567938328 0.004729534965008497 0.00558639969676733
v 0.009876564145088196 0.007751941680908203 -0.20930230617523193 0.005357128567993641 0.004694163799285889 0.005564828868955374
v 0.009932311251759529 0.007751941215246916 -0.19379842281341553 0.005348811391741037 0.00470312824472785 0.005573635455220938
v 0.009877687320113182 0.007751941680908203 -0.1782945990562439 0.005400591529905796 0.0047786301001906395 0.005649101920425892
v 0.00994290690869093 0.007751941680908203 -0.1627907156944275 0.005502716172486544 0.004836386535316706 0.005702280905097723
v 0.010040326043963432 0.007751941680908203 -0.14728683233261108 0.005552911199629307 0.004836353939026594 0.005703433882445097
v 0.010113597847521305 0.007751941680908203 -0.13178294897079468 0.005691509693861008 0.00497548608109355 0.005824683234095573
v 0.010092166252434254 0.007751941680908203 -0.11627906560897827 0.005784888286143541 0.005078465677797794 0.005934351123869419
v 0.010126369073987007 0.007751941680908203 -0.10077518969774246 0.0058844126760959625 0.005145094357430935 0.005981513764709234
v 0.010002539493143559 0.007751941680908203 -0.08527129888534546 0.005884583108127117 0.005166942719370127 0.006002624984830618
v 0.00986138079315424 0.007751941680908203 -0.06976741552352905 0.005990494973957539 0.005260742735117674 0.006066866219043732
v 0.009750139899551868 0.007751941680908203 -0.05426359176635742 0.0059153917245566845 0.005200718529522419 0.006028489675372839
v 0.00975029543042183 0.007751941680908203 -0.038759708404541016 0.005876563489437103 0.005149053875356913 0.005999242886900902
v 0.009610237553715706 0.007751941680908203 -0.02325582504272461 0.005795390345156193 0.0051278360188007355 0.006024871487170458
v 0.00937393307685852 0.007751941680908203 -0.007751941680908203 0.005510716699063778 0.0049926708452403545 0.005956984590739012
v 0.009284703060984612 0.007751941680908203 0.007751941680908203 0.005317795556038618 0.004827091936022043 0.005802801810204983
v 0.009234151802957058 0.007751941680908203 0.02325582504272461 0.005246452987194061 0.004744423553347588 0.005717968102544546
v 0.00912853516638279 0.007751941680908203 0.038759708404541016 0.005179055035114288 0.004703099839389324 0.005683349911123514
v 0.009060976095497608 0.007751941680908203 0.05426359176635742 0.005169013515114784 0.004695403855293989 0.005671098828315735
v 0.00899433996528387 0.007751941680908203 0.06976747512817383 0.005158329848200083 0.004671656526625156 0.0056205447763204575
v 0.00895749218761921 0.007751941680908203 0.08527135848999023 0.00510514248162508 0.004625779110938311 0.005571175832301378
v 0.008854877203702927 0.007751941680908203 0.10077524185180664 0.005088290199637413 0.0046205888502299786 0.005563127342611551
v 0.008758550509810448 0.007751941680908203 0.11627912521362305 0.005062666721642017 0.004615378566086292 0.00555860809981823
v 0.00869882944971323 0.007751941680908203 0.1317828893661499 0.005049033556133509 0.004610246978700161 0.005547623615711927
v 0.008557338267564774 0.007751941680908203 0.14728675782680511 0.005030076485127211 0.004599231760948896 0.005525139160454273
v 0.008435163646936417 0.007751941680908203 0.16279065608978271 0.005025862716138363 0.004638748709112406 0.005528835579752922
v 0.008341639302670956 0.007751941215246916 0.17829453945159912 0.00490233302116394 0.00458315946161747 0.005471243988722563
v 0.008358027786016464 0.00775194214656949 0.19379842281341553 0.004838839173316956 0.0045323921367526054 0.005406175274401903
v 0.008302721194922924 0.007751941680908203 0.20930232107639313 0.004839238710701466 0.00454366859048605 0.0054121376015245914
v 0.00828852690756321 0.007751941680908203 0.22480618953704834 0.00495532201603055 0.004689001943916082 0.005542178172618151
v 0.008287608623504639 0.007751941680908203 0.24031007289886475 0.004966394975781441 0.004718550015240908 0.005588505882769823
v 0.008248494938015938 0.007751941680908203 0.25581395626068115 0.005075841210782528 0.004804058000445366 0.005670479498803616
v 0.008215132169425488 0.007751941680908203 0.27131783962249756 0.0051631988026201725 0.004856511019170284 0.005707160569727421
v 0.008129777386784554 0.007751941680908203 0.28682172298431396 0.005187375005334616 0.004852565936744213 0.005689513869583607
v 0.007972048595547676 0.007751941680908203 0.30232560634613037 0.005202605854719877 0.004855767358094454 0.005726281553506851
v 0.007895724847912788 0.007751941680908203 0.3488372564315796 0.005042978562414646 0.004619219806045294 0.00551661616191268
v 0.007927918806672096 0.007751941680908203 0.364341139793396 0.004908425733447075 0.004567366559058428 0.005419936031103134
v 0.007927976548671722 0.007751941680908203 0.37984487414360046 0.004658882971853018 0.0044402857311069965 0.005379990208894014
v 0.007835883647203445 0.007751941680908203 0.39534878730773926 0.0045227175578475 0.00436814408749342 0.005288504995405674
v 0.007800946477800608 0.007751941680908203 0.5658915042877197 0.0034088550601154566 0.0037809081841260195 0.0043141888454556465
v 0.007822904735803604 0.007751941680908203 0.5813953876495361 0.003229012480005622 0.003535916330292821 0.004108443856239319
v 0.007897515781223774 0.007751941680908203 0.6899224519729614 0.00313973193988204 0.0032353238202631474 0.0039797620847821236
v 0.007901099510490894 0.007751941680908203 0.7054263353347778 0.0032326180953532457 0.0033203891944140196 0.004235847387462854
v 0.007885290309786797 0.007751941680908203 0.7209302186965942 0.0032270760275423527 0.003336215391755104 0.004338911734521389
v 0.008513031527400017 0.007751941680908203 0.7364341020584106 0.00330169964581728 0.003360003000125289 0.0044385106302797794
v 0.0102971401065588 0.007751941215246916 0.7519379258155823 0.003484311979264021 0.0033190466929227114 0.004234300460666418
v 0.009044320322573185 0.00775194214656949 0.7674418687820435 0.0033271806314587593 0.0034210074227303267 0.004464488010853529
v 0.009272259660065174 0.00775194214656949 0.7829458117485046 0.003153904341161251 0.0032193411607295275 0.00422882754355669
v 0.009375544264912605 0.007751941680908203 0.7984496355056763 0.003465162357315421 0.0034188313875347376 0.0044268714264035225
v 0.009257952682673931 0.007751941680908203 0.8139535188674927 0.003741784952580929 0.0035670101642608643 0.004578485153615475
v 0.009184250608086586 0.007751941215246916 0.8294574022293091 0.0037209349684417248 0.003512950148433447 0.004522946663200855
v 0.009060237556695938 0.007751941680908203 0.8449612855911255 0.0037505829241126776 0.0035220622085034847 0.004539350979030132
v 0.008946015499532223 0.007751941680908203 0.8604651689529419 0.0037924714852124453 0.0035413079895079136 0.004580705426633358
v 0.008815978653728962 0.007751941680908203 0.8759689331054688 0.0038172255735844374 0.0035557246301323175 0.004635652992874384
v 0.008697804063558578 0.007751941680908203 0.8914728164672852 0.003891571192070842 0.0036319298669695854 0.00476763816550374
v 0.008982575498521328 0.007751941680908203 0.9069766998291016 0.003919200971722603 0.003739939769729972 0.004838940687477589
v 0.01595485955476761 0.007751941680908203 0.922480583190918 0.003825902473181486 0.003915539011359215 0.0043807365000247955
v 0.010492723435163498 0.02325582504272461 0.9534883499145508 0.005881562363356352 0.004865515045821667 0.005193773657083511
v 0.02243741601705551 0.1472867727279663 0.7984496355056763 0.5240349769592285 0.49705690145492554 0.4603394865989685
v 0.009461642242968082 0.1472867727279663 0.8139535188674927 0.6937111616134644 0.6781012415885925 0.6408611536026001
v 0.02987094223499298 -0.14728683233261108 0.9069766998291016 0.6977930068969727 0.7012611031532288 0.6556848883628845
v 0.025836283341050148 -0.14728683233261108 0.922480583190918 0.6360459923744202 0.6433451771736145 0.5978077054023743
v 0.03457866236567497 -0.13178294897079468 0.8294574022293091 0.7732250094413757 0.7567000389099121 0.7171453833580017
v 0.027128472924232483 -0.13178294897079468 0.8449612855911255 0.7737671136856079 0.7585865259170532 0.7202649712562561
v 0.0307556614279747 -0.13178294897079468 0.8604651689529419 0.7864565253257751 0.7734206318855286 0.7331895232200623
v 0.028470251709222794 -0.038759708404541016 0.9379844665527344 0.0041192094795405865 0.004019167274236679 0.004498142283409834
v 0.028338007628917694 -0.02325582504272461 0.9534883499145508 0.005628262180835009 0.004934655036777258 0.005273063201457262
v 0.02764791250228882 -0.007751941680908203 0.9534883499145508 0.006018190644681454 0.005273116286844015 0.005373137071728706
v 0.03337506577372551 0.007751941680908203 0.9379844665527344 0.004228669218719006 0.004216099623590708 0.004421827383339405
v 0.023646803572773933 0.007751941680908203 0.9534883499145508 0.005884912330657244 0.0051810056902468204 0.00525981979444623
v 0.027797721326351166 0.02325582504272461 0.9379844665527344 0.004391526337713003 0.004159718751907349 0.00451239850372076
v 0.036777742207050323 0.1317828893661499 0.751937985420227 0.009703930467367172 0.007785509340465069 0.010378082282841206
v 0.034644659608602524 0.1317828893661499 0.7674418687820435 0.06839116662740707 0.05945361778140068 0.05636247247457504
v 0.03559432923793793 0.1317828893661499 0.7829457521438599 0.5936378836631775 0.5508033633232117 0.5208245515823364
v 0.03805266693234444 0.1317828893661499 0.7984496355056763 0.7591306567192078 0.7312806844711304 0.6883038282394409
v 0.03649473562836647 0.1317828893661499 0.8139535188674927 0.7843121290206909 0.7639213800430298 0.7213489413261414
v 0.033021945506334305 0.1317828893661499 0.8294574022293091 0.7978067994117737 0.7816808819770813 0.7438368797302246
v 0.032783299684524536 0.1317828893661499 0.8449612855911255 0.8064952492713928 0.7925058603286743 0.7586051225662231
v 0.02523602917790413 0.1472867727279663 0.7984496355056763 0.5419995784759521 0.5159493088722229 0.47758767008781433
v 0.03716782480478287 0.1472867727279663 0.8139535188674927 0.7241076827049255 0.7116797566413879 0.6689689755439758
v 0.05129588767886162 -0.13178294897079468 0.8139535188674927 0.7688644528388977 0.7513781189918518 0.708884596824646
v 0.0440155565738678 -0.13178294897079468 0.875968873500824 0.7986809611320496 0.7865715622901917 0.7431678175926208
v 0.03902093693614006 -0.02325582504272461 0.9379844665527344 0.004143578000366688 0.004072386771440506 0.004543105140328407
v 0.03889872878789902 -0.007751941680908203 0.9379845261573792 0.004153129644691944 0.004138575401157141 0.00436929939314723
v 0.04504777863621712 0.1317828893661499 0.8604651689529419 0.8153699040412903 0.8049921989440918 0.7737016677856445
v 0.062128692865371704 0.1472867727279663 0.8294574022293091 0.7680149078369141 0.763431966304779 0.72660231590271
v 0.0799877867102623 0.1317828893661499 0.7674418687820435 0.048057302832603455 0.041537702083587646 0.041209328919649124
v 0.08016656339168549 0.1317828893661499 0.7829457521438599 0.6180693507194519 0.5702908039093018 0.5388533473014832
v 0.08478419482707977 0.1317828893661499 0.8604651689529419 0.8122149109840393 0.7984246611595154 0.7595409750938416
v 0.07658188045024872 0.1472867727279663 0.8294574022293091 0.7609091401100159 0.7553044557571411 0.7175678014755249
v 0.09963683784008026 -0.13178294897079468 0.8139535188674927 0.7442825436592102 0.7226152420043945 0.6839585900306702
v 0.09892866015434265 -0.13178294897079468 0.8604651689529419 0.7762520909309387 0.7611290812492371 0.7152013182640076
v 0.08649656921625137 -0.13178294897079468 0.8759689331054688 0.7964467406272888 0.7822451591491699 0.7346282005310059
v 0.08752580732107162 0.1317828893661499 0.7984496355056763 0.749335765838623 0.7163293361663818 0.6728745698928833
v 0.0896703451871872 0.1317828893661499 0.8139535188674927 0.7785056233406067 0.7528716921806335 0.7090460062026978
v 0.0917976051568985 0.1317828893661499 0.8294574022293091 0.7915481328964233 0.7700831890106201 0.7274922728538513
v 0.09152460843324661 0.1317828893661499 0.8449612855911255 0.7990450859069824 0.7805758714675903 0.7392647862434387
v 0.09759627282619476 0.1472867727279663 0.8139535188674927 0.5667252540588379 0.5537733435630798 0.5215862393379211
v 0.10576683282852173 -0.13178294897079468 0.8294574022293091 0.7408990263938904 0.7207579016685486 0.6826552152633667
v 0.10662537813186646 -0.13178294897079468 0.8449612855911255 0.7467890977859497 0.7289910316467285 0.68873131275177
v 0.11553528904914856 -0.10077518224716187 0.8449612855911255 0.6396123766899109 0.6405631899833679 0.6022204160690308
v 0.11170405894517899 0.1472867727279663 0.751937985420227 0.004870065953582525 0.004262181464582682 0.006426861044019461
v 0.109324149787426 0.1472867727279663 0.7984496355056763 0.1282467097043991 0.12067852914333344 0.11749987304210663
v 0.10346084833145142 0.1472867727279663 0.9534883499145508 0.018666347488760948 0.01575378142297268 0.0166724044829607
v 0.12344074249267578 -0.13178294897079468 -0.9689922332763672 0.004207687918096781 0.004459912423044443 0.006122473627328873
v 0.12543901801109314 -0.13178294897079468 0.751937985420227 0.0046923160552978516 0.004162396304309368 0.006139772012829781
v 0.12584464251995087 -0.13178294897079468 0.7984496355056763 0.5434619188308716 0.500447690486908 0.5029875636100769
v 0.12254399061203003 -0.13178294897079468 0.8139535188674927 0.6223925948143005 0.5918564200401306 0.5785146355628967
v 0.12092316895723343 -0.13178294897079468 0.8294574022293091 0.6595361232757568 0.6376219987869263 0.6140558123588562
v 0.12124241888523102 -0.13178294897079468 0.8449612855911255 0.665418803691864 0.6486967206001282 0.6209222674369812
v 0.1244162768125534 -0.13178294897079468 0.8604651689529419 0.6450130939483643 0.6317303776741028 0.6044303178787231
v 0.12805819511413574 -0.13178294897079468 0.8759689331054688 0.5985738635063171 0.585189163684845 0.5641035437583923
v 0.13107427954673767 -0.11627906560897827 0.751937985420227 0.004137298092246056 0.0038818297907710075 0.00517629086971283
v 0.13067308068275452 -0.11627906560897827 0.7829457521438599 0.35166728496551514 0.3131583034992218 0.2948979437351227
v 0.12553516030311584 -0.11627906560897827 0.7984496355056763 0.6019230484962463 0.5813387036323547 0.564617931842804
v 0.12259633839130402 -0.11627906560897827 0.8139535188674927 0.6318914294242859 0.6182053685188293 0.5953062176704407
v 0.1208232194185257 -0.11627906560897827 0.8294574022293091 0.6507278680801392 0.6424973607063293 0.6154516935348511
v 0.12036644667387009 -0.11627906560897827 0.8449612855911255 0.659917414188385 0.654548168182373 0.625086784362793
v 0.12187302857637405 -0.11627906560897827 0.8604651689529419 0.6595693826675415 0.656655490398407 0.6250014305114746
v 0.1242227703332901 -0.11627906560897827 0.8759689331054688 0.6492987871170044 0.6469823718070984 0.6157294511795044
v 0.12711505591869354 -0.11627906560897827 0.8914728164672852 0.6278125643730164 0.6240767240524292 0.5964990258216858
v 0.12874910235404968 -0.11627906560897827 0.9069766998291016 0.6052325963973999 0.5979617834091187 0.5743098855018616
v 0.12991392612457275 -0.11627906560897827 0.922480583190918 0.5971691608428955 0.5874029397964478 0.564735472202301
v 0.1275300681591034 -0.10077518224716187 0.7829457521438599 0.4987524747848511 0.46445077657699585 0.44098159670829773
v 0.12285229563713074 -0.10077518224716187 0.7984496355056763 0.6036109924316406 0.5952110886573792 0.556602418422699
v 0.11982221156358719 -0.10077518224716187 0.8139535784721375 0.6206820011138916 0.6180759072303772 0.5787817239761353
v 0.11713806539773941 -0.10077518224716187 0.8294574022293091 0.6313068270683289 0.6317165493965149 0.5927361249923706
v 0.11689317226409912 -0.10077518224716187 0.8604651689529419 0.6412758231163025 0.6440414190292358 0.6060692667961121
v 0.12020230293273926 -0.10077518224716187 0.8759689331054688 0.6373022198677063 0.641318142414093 0.603870153427124
v 0.1233702301979065 -0.10077518224716187 0.8914728164672852 0.628034234046936 0.6316730380058289 0.5966743230819702
v 0.12553386390209198 -0.10077518224716187 0.9069766998291016 0.6177036762237549 0.6188867688179016 0.5862272381782532
v 0.1278418004512787 -0.10077518224716187 0.922480583190918 0.6073985695838928 0.6072677969932556 0.575240433216095
v 0.12849397957324982 -0.08527129888534546 0.7829457521438599 0.49278849363327026 0.4645397663116455 0.42807915806770325
v 0.1239553913474083 -0.08527129888534546 0.7984496355056763 0.5899142026901245 0.5863893032073975 0.5336183905601501
v 0.12108374387025833 -0.08527129888534546 0.8139535188674927 0.6015061736106873 0.6043728590011597 0.5547112822532654
v 0.11851032078266144 -0.08527129888534546 0.8294574022293091 0.6082594394683838 0.6143480539321899 0.5677399635314941
v 0.11663705855607986 -0.08527129143476486 0.8449612259864807 0.6140866875648499 0.619870662689209 0.5757281184196472
v 0.11790908873081207 -0.08527129888534546 0.8604651689529419 0.6157134771347046 0.6222639679908752 0.5815577507019043
v 0.12085312604904175 -0.08527129888534546 0.8759689331054688 0.6148870587348938 0.6216763257980347 0.5837834477424622
v 0.12361800670623779 -0.08527129888534546 0.8914728164672852 0.6096850037574768 0.615121066570282 0.5795777440071106
v 0.12561193108558655 -0.08527129888534546 0.9069766998291016 0.6030834913253784 0.6062278151512146 0.5721836090087891
v 0.1279211938381195 -0.08527129888534546 0.922480583190918 0.5967000126838684 0.5988808274269104 0.5650840401649475
v 0.13043777644634247 -0.06976741552352905 0.7829457521438599 0.4247613549232483 0.39852288365364075 0.36254584789276123
v 0.12631559371948242 -0.06976741552352905 0.7984496355056763 0.57268887758255 0.5679764747619629 0.5132399797439575
v 0.12412112951278687 -0.06976741552352905 0.8139535188674927 0.5866217613220215 0.5896891355514526 0.5376655459403992
v 0.12251637876033783 -0.06976741552352905 0.8294574022293091 0.593612015247345 0.6011356115341187 0.5532515645027161
v 0.12171927094459534 -0.06976741552352905 0.8449612855911255 0.5979613661766052 0.6063805818557739 0.563417375087738
v 0.12273700535297394 -0.06976741552352905 0.8604651689529419 0.5997964143753052 0.6076499223709106 0.5697478652000427
v 0.12455226480960846 -0.06976741552352905 0.8759689331054688 0.5971027612686157 0.6035242080688477 0.5674134492874146
v 0.1262739896774292 -0.06976741552352905 0.8914728164672852 0.590099573135376 0.5939702391624451 0.560116708278656
v 0.12774710357189178 -0.06976741552352905 0.9069766998291016 0.5833470225334167 0.5843719840049744 0.5515519976615906
v 0.12980711460113525 -0.06976741552352905 0.922480583190918 0.581179141998291 0.580764889717102 0.5464765429496765
v 0.12819701433181763 -0.05426359176635742 0.7984496355056763 0.5498487949371338 0.5386199951171875 0.49654972553253174
v 0.12649881839752197 -0.05426359176635742 0.8139535188674927 0.5722176432609558 0.5703659653663635 0.5292567610740662
v 0.12557940185070038 -0.05426359176635742 0.8294574022293091 0.5824993848800659 0.5855955481529236 0.5453779101371765
v 0.12535560131072998 -0.05426359176635742 0.8449612855911255 0.5868769884109497 0.5911047458648682 0.555673360824585
v 0.12616066634655 -0.05426359176635742 0.8604651689529419 0.5867288708686829 0.5902339816093445 0.5574447512626648
v 0.12734374403953552 -0.05426359176635742 0.8759689331054688 0.5801253914833069 0.5816128253936768 0.5500920414924622
v 0.12864923477172852 -0.05426359176635742 0.8914728164672852 0.5697560906410217 0.5678374767303467 0.5383135676383972
v 0.13024747371673584 -0.05426359176635742 0.9069766998291016 0.5611906051635742 0.5564029216766357 0.5275149941444397
v 0.1301136612892151 -0.038759708404541016 0.7984496355056763 0.5145776867866516 0.4961601495742798 0.4690816402435303
v 0.12841960787773132 -0.038759708404541016 0.8139535188674927 0.5532453060150146 0.5446372628211975 0.5127488970756531
v 0.12766388058662415 -0.038759708404541016 0.8294574022293091 0.5699679851531982 0.5670793652534485 0.534045934677124
v 0.12754464149475098 -0.038759708404541016 0.8449612855911255 0.5749646425247192 0.5735841393470764 0.5415749549865723
v 0.1281345784664154 -0.038759708404541016 0.8604651689529419 0.5734663605690002 0.571586549282074 0.5416767597198486
v 0.129389226436615 -0.038759708404541016 0.8759689331054688 0.5639204978942871 0.5594046115875244 0.5313810110092163
v 0.13124963641166687 -0.038759708404541016 0.8914728164672852 0.5496309399604797 0.5418514609336853 0.5171156525611877
v 0.13038693368434906 -0.02325582504272461 0.8139535188674927 0.5397650003433228 0.5264853239059448 0.49300190806388855
v 0.12938691675662994 -0.02325582504272461 0.8294574022293091 0.561992347240448 0.5552065968513489 0.5172262191772461
v 0.12917308509349823 -0.02325582504272461 0.8449612855911255 0.5679087042808533 0.5628534555435181 0.5280649065971375
v 0.13002699613571167 -0.02325582504272461 0.8604651689529419 0.5653793215751648 0.559347927570343 0.5286276340484619
v 0.13138897716999054 -0.007751941680908203 0.8294574022293091 0.560090184211731 0.5522564053535461 0.5052311420440674
v 0.1311468631029129 -0.007751941680908203 0.8449612855911255 0.5664610266685486 0.5600602030754089 0.5172390341758728
v 0.1312861442565918 0.02325582504272461 0.8294574022293091 0.560957670211792 0.5530093312263489 0.5092906355857849
v 0.13116836547851562 0.02325582504272461 0.8449612855911255 0.567363440990448 0.5608819127082825 0.5203185081481934
v 0.13106974959373474 0.038759708404541016 0.8139535188674927 0.5497580766677856 0.5378873944282532 0.4998716115951538
v 0.1302621066570282 0.038759708404541016 0.8294574022293091 0.570072591304779 0.563740611076355 0.5209875702857971
v 0.1301822066307068 0.038759708404541016 0.8449612855911255 0.575956404209137 0.5710926055908203 0.5287633538246155
v 0.1310282051563263 0.038759708404541016 0.8604651689529419 0.5743883848190308 0.5684781074523926 0.5295197367668152
v 0.13059060275554657 0.05426359176635742 0.8139535188674927 0.5645679235458374 0.5547707080841064 0.5112413763999939
v 0.12982894480228424 0.05426359176635742 0.8294574022293091 0.5806814432144165 0.5756465196609497 0.5292529463768005
v 0.1297367364168167 0.05426359176635742 0.8449612855911255 0.5855687260627747 0.5818267464637756 0.5361583232879639
v 0.13043220341205597 0.05426359176635742 0.8604651689529419 0.5845186114311218 0.579997718334198 0.5361778140068054
v 0.13119901716709137 0.06976747512817383 0.7984496355056763 0.5490866899490356 0.5322954654693604 0.49207329750061035
v 0.12969975173473358 0.06976747512817383 0.8139535188674927 0.5800466537475586 0.5712418556213379 0.5247431397438049
v 0.12891075015068054 0.06976747512817383 0.8294574022293091 0.592292845249176 0.5880739688873291 0.5392895936965942
v 0.1287824511528015 0.06976747512817383 0.8449612855911255 0.5960411429405212 0.5932864546775818 0.5456846952438354
v 0.12938851118087769 0.06976747512817383 0.8604651689529419 0.5952067375183105 0.5920113921165466 0.545107364654541
v 0.13069646060466766 0.06976747512817383 0.8759689331054688 0.5899477601051331 0.5848702788352966 0.5410297513008118
v 0.12926720082759857 0.08527135848999023 0.7984496355056763 0.5660536289215088 0.5496352910995483 0.511016309261322
v 0.12769122421741486 0.08527135848999023 0.8139535188674927 0.5933316946029663 0.5849201679229736 0.5414366126060486
v 0.1268187165260315 0.08527135848999023 0.8294574022293091 0.6045727133750916 0.6009377241134644 0.554765522480011
v 0.12666727602481842 0.08527135848999023 0.8449612855911255 0.6076306700706482 0.6057783365249634 0.5598777532577515
v 0.12733502686023712 0.08527135848999023 0.8604651689529419 0.6060068011283875 0.6041322946548462 0.5595161318778992
v 0.12845638394355774 0.08527135848999023 0.8759689331054688 0.6008056998252869 0.5975375175476074 0.5546290874481201
v 0.12991200387477875 0.08527135848999023 0.8914728164672852 0.5912182927131653 0.5851474404335022 0.5449020266532898
v 0.13122020661830902 0.08527135848999023 0.9069766998291016 0.5788402557373047 0.5702611207962036 0.5306840538978577
v 0.13050834834575653 0.10077524185180664 0.7829457521438599 0.376981258392334 0.3410888612270355 0.3173029124736786
v 0.1271492838859558 0.10077524185180664 0.7984496355056763 0.5769927501678467 0.5586571097373962 0.5309734344482422
v 0.1252666860818863 0.10077524185180664 0.8139535188674927 0.606012761592865 0.5953418612480164 0.5624823570251465
v 0.12411045283079147 0.10077524185180664 0.8294574022293091 0.6192148923873901 0.6133447289466858 0.5768413543701172
v 0.12384115159511566 0.10077524185180664 0.8449612855911255 0.6231485605239868 0.6200469732284546 0.5825138688087463
v 0.12479551881551743 0.10077524185180664 0.8604651689529419 0.6215770244598389 0.6190723180770874 0.5808053016662598
v 0.12630806863307953 0.10077524185180664 0.8759689331054688 0.6140718460083008 0.6108936667442322 0.5738608837127686
v 0.12810580432415009 0.10077524185180664 0.8914728164672852 0.5992631912231445 0.5944821834564209 0.5606617331504822
v 0.12924368679523468 0.10077524185180664 0.9069766998291016 0.5834336280822754 0.5759293437004089 0.5432866811752319
v 0.13052429258823395 0.10077524185180664 0.922480583190918 0.5794904232025146 0.5693904757499695 0.5340831875801086
v 0.1294095516204834 0.11627912521362305 0.751937985420227 0.0037090014666318893 0.003629012731835246 0.0045761954970657825
v 0.13026313483715057 0.11627912521362305 0.7829457521438599 0.2574807405471802 0.2262244075536728 0.20549234747886658
v 0.12687380611896515 0.11627912521362305 0.7984496355056763 0.5596901774406433 0.5354673862457275 0.5299844145774841
v 0.12485882639884949 0.11627912521362305 0.8139535188674927 0.6031240224838257 0.5858115553855896 0.5716204047203064
v 0.12358875572681427 0.11627912521362305 0.8294574022293091 0.6245594620704651 0.6115636229515076 0.5920976996421814
v 0.1233811154961586 0.11627912521362305 0.8449612855911255 0.6315540671348572 0.6215169429779053 0.598375678062439
v 0.12484723329544067 0.11627912521362305 0.8604651689529419 0.6273611783981323 0.6193907856941223 0.5937423706054688
v 0.1272304207086563 0.11627912521362305 0.8759689331054688 0.6086730360984802 0.6017398238182068 0.5767480731010437
v 0.12975051999092102 0.11627912521362305 0.8914728164672852 0.5805613398551941 0.5719170570373535 0.5505053997039795
v 0.13020336627960205 0.11627912521362305 0.9069766998291016 0.5594547986984253 0.5472254753112793 0.530080258846283
v 0.13028959929943085 0.11627912521362305 0.922480583190918 0.5527008771896362 0.5364178419113159 0.5205168128013611
v 0.11981445550918579 0.1317828893661499 -0.9689922332763672 0.004967165179550648 0.004983954597264528 0.006346242502331734
v 0.12054507434368134 0.1317828893661499 0.7674418687820435 0.01022962387651205 0.008281758055090904 0.01086893305182457
v 0.12574200332164764 0.1317828893661499 0.7829457521438599 0.07416625320911407 0.06364487111568451 0.06292999535799026
v 0.12412938475608826 0.1317828893661499 0.7984496355056763 0.40962955355644226 0.3686649799346924 0.36616113781929016
v 0.12346074730157852 0.1317828893661499 0.8139535188674927 0.5132283568382263 0.480878621339798 0.4746612012386322
v 0.12294531613588333 0.1317828893661499 0.8294574022293091 0.5620245933532715 0.5355669260025024 0.5224255323410034
v 0.12357765436172485 0.1317828893661499 0.8449612855911255 0.5569443702697754 0.5343698859214783 0.5176346302032471
v 0.1262684315443039 0.1317828893661499 0.8604651689529419 0.4957007169723511 0.47610488533973694 0.45899084210395813
v 0.12941612303256989 0.1317828893661499 0.8759689331054688 0.37360548973083496 0.3549328148365021 0.33717525005340576
v 0.13128003478050232 0.1317828893661499 0.9534883499145508 0.17136621475219727 0.15077905356884003 0.1410824954509735
v 0.12972158193588257 0.1317828893661499 0.9689922332763672 0.0399092361330986 0.03328936547040939 0.03664325550198555
v 0.12498543411493301 0.1317828893661499 0.9844961166381836 0.011150483042001724 0.009298188611865044 0.012576915323734283
v 0.13118402659893036 0.1472867727279663 0.7674418687820435 0.004785913974046707 0.0036691271234303713 0.005109261721372604
v 0.12335339933633804 0.1472867727279663 0.7829457521438599 0.009729723446071148 0.00774845015257597 0.009175603277981281
v 0.12493360042572021 0.1472867727279663 0.9689922332763672 0.005665521137416363 0.004996027331799269 0.006394869182258844
v 0.14577245712280273 -0.14728683233261108 0.751937985420227 0.0035106190480291843 0.0030120941810309887 0.004648379050195217
v 0.14329826831817627 -0.14728683233261108 0.7674418687820435 0.004383289720863104 0.0033401960972696543 0.00490221893414855
v 0.1395859718322754 -0.14728683233261108 0.7829457521438599 0.006436249706894159 0.004989645443856716 0.006873857229948044
v 0.13876007497310638 -0.14728683233261108 0.7984496355056763 0.012066767551004887 0.010128059424459934 0.011998727917671204
v 0.13872002065181732 -0.14728683233261108 0.8139535188674927 0.016151167452335358 0.01392033975571394 0.015764877200126648
v 0.13864034414291382 -0.14728683233261108 0.8294574022293091 0.020283007994294167 0.017650606110692024 0.019339164718985558
v 0.1384219527244568 -0.14728683233261108 0.8449612855911255 0.020239468663930893 0.017496779561042786 0.01890723779797554
v 0.13811273872852325 -0.14728683233261108 0.8604651689529419 0.019486146047711372 0.0166139118373394 0.01794423907995224
v 0.13787543773651123 -0.14728683233261108 0.8759689331054688 0.018080800771713257 0.015165246091783047 0.0167161263525486
v 0.1371188759803772 -0.14728683233261108 0.8914728164672852 0.01803881675004959 0.015036417171359062 0.016937853768467903
v 0.1369236707687378 -0.14728683233261108 0.9069766998291016 0.01626206561923027 0.013776502572000027 0.015851281583309174
v 0.1378023624420166 -0.14728683233261108 0.922480583190918 0.018712101504206657 0.016147272661328316 0.018446138128638268
v 0.1392926424741745 -0.14728683233261108 0.9379844665527344 0.0250390712171793 0.021157898008823395 0.023985078558325768
v 0.14127174019813538 -0.14728683233261108 0.9534883499145508 0.01823205128312111 0.014958268962800503 0.017883462831377983
v 0.1455971747636795 -0.14728683233261108 0.9689922332763672 0.0062723360024392605 0.005274213384836912 0.006812337785959244
v 0.13389596343040466 -0.13178294897079468 -0.9844961166381836 0.0042121149599552155 0.003657505614683032 0.0048299385234713554
v 0.14387379586696625 -0.13178294897079468 0.7674418687820435 0.004680261481553316 0.003918420989066362 0.0056395805440843105
v 0.1365559697151184 -0.13178294897079468 0.7984496355056763 0.32806187868118286 0.3021854758262634 0.3083623945713043
v 0.13883736729621887 -0.13178294897079468 0.8139535188674927 0.3950228691101074 0.3674696981906891 0.3741243779659271
v 0.13907387852668762 -0.13178294897079468 0.8294574022293091 0.47413352131843567 0.45297813415527344 0.4539485275745392
v 0.1380203366279602 -0.13178294897079468 0.8449612855911255 0.5113784074783325 0.4946667551994324 0.48960670828819275
v 0.1363767385482788 -0.13178294897079468 0.8604651689529419 0.5339732766151428 0.5191168785095215 0.5091527104377747
v 0.13434869050979614 -0.13178294897079468 0.875968873500824 0.5371866822242737 0.5201451778411865 0.5083566904067993
v 0.14437609910964966 -0.13178294897079468 0.9689922332763672 0.016257667914032936 0.014833816327154636 0.018608855083584785
v 0.1334330290555954 -0.13178294897079468 0.9844961166381836 0.020452912896871567 0.017943736165761948 0.02255976013839245
v 0.13836389780044556 -0.11627905815839767 -0.9844961166381836 0.0035234715323895216 0.003131684148684144 0.003998169209808111
v 0.1321677416563034 -0.11627905815839767 -0.9689922332763672 0.0033343529794365168 0.003943014889955521 0.004687760025262833
v 0.1431821882724762 -0.11627906560897827 0.7674418687820435 0.004740656819194555 0.0040542930364608765 0.005645561497658491
v 0.1340160220861435 -0.11627906560897827 0.7829457521438599 0.23180532455444336 0.21185742318630219 0.1926041543483734
v 0.13914060592651367 -0.11627906560897827 0.7984496355056763 0.4815281629562378 0.45632046461105347 0.4503594934940338
v 0.14036014676094055 -0.11627906560897827 0.8139535188674927 0.5422754287719727 0.527188777923584 0.511360228061676
v 0.140213742852211 -0.11627906560897827 0.8294574022293091 0.575234591960907 0.5664404630661011 0.5439181923866272
v 0.1394055187702179 -0.11627906560897827 0.8449612855911255 0.5902739763259888 0.5832697153091431 0.5572887063026428
v 0.13843241333961487 -0.11627906560897827 0.8604651689529419 0.5944439172744751 0.5884839296340942 0.5605869889259338
v 0.13741928339004517 -0.11627906560897827 0.8759689331054688 0.5902102589607239 0.5853183269500732 0.5566279292106628
v 0.136093869805336 -0.11627906560897827 0.8914728164672852 0.5792021155357361 0.5714786648750305 0.5439488291740417
v 0.13541074097156525 -0.11627906560897827 0.9069766998291016 0.561579167842865 0.5518620014190674 0.527976393699646
v 0.13542228937149048 -0.11627906560897827 0.922480583190918 0.555837869644165 0.5493786334991455 0.5267162919044495
v 0.14432641863822937 -0.11627906560897827 0.9534883499145508 0.34607940912246704 0.31686919927597046 0.3091045022010803
v 0.14354443550109863 -0.11627906560897827 0.9689922332763672 0.03935989737510681 0.03932373598217964 0.04257367178797722
v 0.14264443516731262 -0.11627906560897827 0.9844961166381836 0.007937867194414139 0.007826872169971466 0.010135695338249207
v 0.13851606845855713 -0.10077518224716187 -0.9844961166381836 0.0033539480064064264 0.0030375265050679445 0.003898198250681162
v 0.13204851746559143 -0.10077518224716187 -0.9689922332763672 0.0032493004109710455 0.003902369411662221 0.004557156935334206
v 0.13912075757980347 -0.10077518224716187 0.751937985420227 0.0034387477207928896 0.003324995283037424 0.0046524181962013245
v 0.14168882369995117 -0.10077518224716187 0.7674418687820435 0.004957226105034351 0.004260434303432703 0.005638353526592255
v 0.1406925618648529 -0.10077518224716187 0.7829457521438599 0.07148987054824829 0.06682724505662918 0.06338789314031601
v 0.1419966220855713 -0.10077518224716187 0.7984496355056763 0.49853619933128357 0.477785587310791 0.4600881338119507
v 0.1421257108449936 -0.10077518224716187 0.8139535188674927 0.5555862784385681 0.5453062653541565 0.5224080681800842
v 0.14151707291603088 -0.10077518224716187 0.8294574022293091 0.5811989307403564 0.5740218758583069 0.5475631356239319
v 0.14054818451404572 -0.10077518224716187 0.8449612855911255 0.5935892462730408 0.5873770117759705 0.558659553527832
v 0.13971254229545593 -0.10077518224716187 0.8604651689529419 0.59596848487854 0.5902822017669678 0.5602573156356812
v 0.13930991291999817 -0.10077518224716187 0.8759689331054688 0.5888500809669495 0.5834406018257141 0.5531934499740601
v 0.1391560435295105 -0.10077518224716187 0.8914728164672852 0.5758579969406128 0.5701154470443726 0.5409608483314514
v 0.13942080736160278 -0.10077518224716187 0.9069766998291016 0.5603097677230835 0.5532664060592651 0.5252771377563477
v 0.14000895619392395 -0.10077518224716187 0.922480583190918 0.5521841645240784 0.5450134873390198 0.5157086849212646
v 0.14325326681137085 -0.10077518224716187 0.9534883499145508 0.44554081559181213 0.4226304888725281 0.4067215919494629
v 0.143336683511734 -0.10077518224716187 0.9689922332763672 0.06966901570558548 0.07076208293437958 0.07065454125404358
v 0.14309221506118774 -0.10077518224716187 0.9844961166381836 0.009013276547193527 0.0088952099904418 0.011160473339259624
v 0.13849160075187683 -0.08527129888534546 -0.9844961166381836 0.003235145239159465 0.0029692172538489103 0.0038227259647101164
v 0.13191035389900208 -0.08527129888534546 -0.9689922332763672 0.003238156670704484 0.0038766837678849697 0.004520125221461058
v 0.14258897304534912 -0.08527129888534546 0.751937985420227 0.0032813039142638445 0.0032153157517313957 0.004560363478958607
v 0.1420808583498001 -0.08527129888534546 0.7674418687820435 0.004841144662350416 0.004159868229180574 0.0054191239178180695
v 0.14231115579605103 -0.08527129888534546 0.7829457521438599 0.05855906009674072 0.05377167835831642 0.05212533846497536
v 0.14289774000644684 -0.08527129888534546 0.7984496355056763 0.4997009336948395 0.4801744818687439 0.45995208621025085
v 0.1428816318511963 -0.08527129888534546 0.8139535188674927 0.5507709980010986 0.5409576892852783 0.5175172090530396
v 0.14212241768836975 -0.08527129888534546 0.8294574022293091 0.5743875503540039 0.5671815276145935 0.5409255027770996
v 0.14096908271312714 -0.08527129888534546 0.8449612855911255 0.5851272344589233 0.5785247087478638 0.5506901144981384
v 0.1399892121553421 -0.08527129888534546 0.8604651689529419 0.5872034430503845 0.581009030342102 0.5522512793540955
v 0.1395404040813446 -0.08527129888534546 0.8759689331054688 0.579727053642273 0.5736056566238403 0.5448566675186157
v 0.13954156637191772 -0.08527129888534546 0.8914728164672852 0.5679013133049011 0.5613098740577698 0.5335904359817505
v 0.14006520807743073 -0.08527129888534546 0.9069766998291016 0.5549578070640564 0.5474618673324585 0.5206398963928223
v 0.14084994792938232 -0.08527129888534546 0.922480583190918 0.5497464537620544 0.5431810617446899 0.5150678753852844
v 0.14647363126277924 -0.08527129888534546 0.9379844665527344 0.5260405540466309 0.5096839070320129 0.492781400680542
v 0.14289817214012146 -0.08527129888534546 0.9534883499145508 0.4616382122039795 0.44306474924087524 0.42407092452049255
v 0.14332011342048645 -0.08527129888534546 0.9689922332763672 0.08481774479150772 0.08618621528148651 0.08346225321292877
v 0.14390523731708527 -0.08527129888534546 0.9844961166381836 0.008725560270249844 0.008565343916416168 0.010613801889121532
v 0.1383344829082489 -0.06976741552352905 -0.9844961166381836 0.003152853576466441 0.002912250580266118 0.003766292007640004
v 0.13184700906276703 -0.06976741552352905 -0.968992292881012 0.0032280434388667345 0.0038557040970772505 0.004493353888392448
v 0.14319069683551788 -0.06976741552352905 0.751937985420227 0.003179952735081315 0.0031568880658596754 0.0044476487673819065
v 0.14293795824050903 -0.06976741552352905 0.7674418687820435 0.004551314283162355 0.003923132084310055 0.005179120693355799
v 0.1409500241279602 -0.06976741552352905 0.7829457521438599 0.06531212478876114 0.06048164144158363 0.05674852430820465
v 0.14274577796459198 -0.06976741552352905 0.7984496355056763 0.48658615350723267 0.46415194869041443 0.4438408315181732
v 0.14283111691474915 -0.06976741552352905 0.8139535188674927 0.5422119498252869 0.5314834117889404 0.5089071989059448
v 0.14203527569770813 -0.06976741552352905 0.8294574022293091 0.565379798412323 0.5576549768447876 0.5328121185302734
v 0.14078788459300995 -0.06976741552352905 0.8449612855911255 0.575791597366333 0.5689671039581299 0.5427350997924805
v 0.1397063434123993 -0.06976741552352905 0.8604651689529419 0.5765776634216309 0.5700324773788452 0.5427496433258057
v 0.13912460207939148 -0.06976741552352905 0.8759689331054688 0.5692335367202759 0.5627341270446777 0.5352640748023987
v 0.1389128565788269 -0.06976741552352905 0.8914728164672852 0.5579368472099304 0.5510554313659668 0.5236899256706238
v 0.13890285789966583 -0.06976741552352905 0.9069766998291016 0.5474951863288879 0.5399743318557739 0.5117563605308533
v 0.13828343152999878 -0.06976741552352905 0.922480583190918 0.5456081032752991 0.542338490486145 0.5105034112930298
v 0.14353615045547485 -0.06976741552352905 0.9534883499145508 0.4401351511478424 0.4163834750652313 0.40047702193260193
v 0.14352113008499146 -0.06976741552352905 0.9689922332763672 0.06626762449741364 0.06721518933773041 0.06577707827091217
v 0.1444193720817566 -0.06976741552352905 0.9844961166381836 0.007899385876953602 0.007780629675835371 0.009539837948977947
v 0.13830941915512085 -0.05426359176635742 -0.9844961166381836 0.0031190672889351845 0.002908554393798113 0.0037631969898939133
v 0.13196760416030884 -0.05426359176635742 -0.968992292881012 0.003214296419173479 0.0038646794855594635 0.00448997737839818
v 0.14256644248962402 -0.05426359176635742 0.751937985420227 0.0031339330598711967 0.003089248901233077 0.004366180393844843
v 0.14339029788970947 -0.05426359176635742 0.7674418687820435 0.0043638041242957115 0.0037796986289322376 0.005039067938923836
v 0.14193162322044373 -0.05426359176635742 0.7984496355056763 0.4585717022418976 0.43192845582962036 0.4143894910812378
v 0.14227700233459473 -0.05426359176635742 0.8139535188674927 0.5299899578094482 0.516758382320404 0.49626287817955017
v 0.14151960611343384 -0.05426359176635742 0.8294574022293091 0.55511474609375 0.5457112789154053 0.522565484046936
v 0.14025039970874786 -0.05426359176635742 0.8449612855911255 0.5653387904167175 0.5573000311851501 0.5321453213691711
v 0.13910500705242157 -0.05426359176635742 0.8604651689529419 0.5659449696540833 0.5584297776222229 0.5319997072219849
v 0.1382306069135666 -0.05426359176635742 0.8759689331054688 0.5571629405021667 0.5497347712516785 0.5221710801124573
v 0.1372372806072235 -0.05426359176635742 0.8914728164672852 0.5466621518135071 0.5389697551727295 0.5103152394294739
v 0.13552570343017578 -0.05426359549164772 0.9069767594337463 0.5378115177154541 0.530959963798523 0.5020654201507568
v 0.14407849311828613 -0.05426359176635742 0.9534883499145508 0.39797332882881165 0.36864548921585083 0.3574434518814087
v 0.14366324245929718 -0.05426359176635742 0.9689922332763672 0.050029657781124115 0.050436701625585556 0.05038336664438248
v 0.14487256109714508 -0.05426359176635742 0.9844961166381836 0.007454425562173128 0.00741217378526926 0.009001855738461018
v 0.1382649540901184 -0.038759708404541016 -0.9844961166381836 0.0031096027232706547 0.002931224647909403 0.003778411541134119
v 0.13207069039344788 -0.038759708404541016 -0.9689922332763672 0.0031797525007277727 0.003869325388222933 0.004473547451198101
v 0.14180588722229004 -0.038759708404541016 0.751937985420227 0.003105486510321498 0.003036811947822571 0.00428432272747159
v 0.14379529654979706 -0.038759708404541016 0.7674418687820435 0.004221727605909109 0.0036602148320525885 0.004910703748464584
v 0.1392645388841629 -0.038759708404541016 0.7984496355056763 0.4296749532222748 0.40474116802215576 0.3899432122707367
v 0.14103193581104279 -0.038759708404541016 0.8139535188674927 0.5113525986671448 0.49536657333374023 0.47565335035324097
v 0.14058083295822144 -0.038759708404541016 0.8294574022293091 0.5437562465667725 0.5328284502029419 0.5095489025115967
v 0.1393982172012329 -0.038759708404541016 0.8449612855911255 0.5557371377944946 0.5468494892120361 0.52120041847229
v 0.13805173337459564 -0.038759708404541016 0.8604651689529419 0.5559907555580139 0.548076331615448 0.5208597779273987
v 0.1361488401889801 -0.038759708404541016 0.8759689331054688 0.5476714968681335 0.5398449301719666 0.5110812187194824
v 0.13295070827007294 -0.038759708404541016 0.8914728164672852 0.543503999710083 0.535908579826355 0.5112034678459167
v 0.14466455578804016 -0.038759708404541016 0.9534883499145508 0.3420780301094055 0.31085556745529175 0.30303698778152466
v 0.1439703106880188 -0.038759708404541016 0.9689922332763672 0.04046684131026268 0.03971383720636368 0.04073981195688248
v 0.14557847380638123 -0.038759708404541016 0.9844961166381836 0.007259398698806763 0.0071886079385876656 0.00873245857656002
v 0.1382841169834137 -0.02325582504272461 -0.9844961166381836 0.00311084883287549 0.0029568341560661793 0.003782282816246152
v 0.13210926949977875 -0.02325582504272461 -0.9689921736717224 0.003095847787335515 0.0038421666249632835 0.004401173908263445
v 0.14194254577159882 -0.02325582504272461 0.751937985420227 0.003041751915588975 0.0029881512746214867 0.004186298232525587
v 0.14411595463752747 -0.02325582504272461 0.7674418687820435 0.004059570375829935 0.0035335631109774113 0.004732009954750538
v 0.1381617784500122 -0.02325582504272461 0.8139535188674927 0.5004864931106567 0.4846382141113281 0.4617714583873749
v 0.13909271359443665 -0.02325582504272461 0.8294574022293091 0.5377531051635742 0.5268566012382507 0.5003880858421326
v 0.13809162378311157 -0.02325582504272461 0.8449612855911255 0.5504477024078369 0.5420008301734924 0.5137172341346741
v 0.13571929931640625 -0.02325582504272461 0.8604651689529419 0.5518103241920471 0.5431712865829468 0.5140938758850098
v 0.14498725533485413 -0.02325582504272461 0.9534883499145508 0.33925023674964905 0.3062031865119934 0.2978366017341614
v 0.1442757099866867 -0.02325582504272461 0.9689922332763672 0.052391670644283295 0.05053982138633728 0.051004018634557724
v 0.14647263288497925 -0.02325582504272461 0.9844961166381836 0.007652326952666044 0.0074634975753724575 0.009051446802914143
v 0.13817280530929565 -0.007751941680908203 -0.9844961166381836 0.0031443240586668253 0.0030032664071768522 0.0038013753946870565
v 0.1320568323135376 -0.007751941680908203 -0.9689922332763672 0.003063202602788806 0.00385197252035141 0.004386925138533115
v 0.14276613295078278 -0.007751941680908203 0.751937985420227 0.0029716072604060173 0.002956938464194536 0.004051619209349155
v 0.14454340934753418 -0.007751941680908203 0.7674418687820435 0.003872575471177697 0.003407697658985853 0.004509865306317806
v 0.13383300602436066 -0.007751941680908203 0.8294574022293091 0.5468512773513794 0.5388239026069641 0.5082010626792908
v 0.1340194195508957 -0.007751941680908203 0.8449612855911255 0.5540689826011658 0.5481777787208557 0.5196118354797363
v 0.14503546059131622 -0.007751941680908203 0.9534883499145508 0.36559242010116577 0.33120569586753845 0.31786853075027466
v 0.14444255828857422 -0.007751941680908203 0.9689922332763672 0.0798179879784584 0.0763651579618454 0.07387983798980713
v 0.14718104898929596 -0.007751941680908203 0.9844961166381836 0.008444525301456451 0.008153676986694336 0.009840582497417927
v 0.13812881708145142 0.007751941680908203 -0.9844961166381836 0.003181104315444827 0.003044950310140848 0.003840766614302993
v 0.13201306760311127 0.007751941680908203 -0.9689922332763672 0.0030955118127167225 0.003911048173904419 0.004450649488717318
v 0.14318446815013885 0.007751941680908203 0.751937985420227 0.0029407276306301355 0.0029537747614085674 0.003989160992205143
v 0.14473044872283936 0.007751941680908203 0.7674418687820435 0.0038953875191509724 0.0034535606391727924 0.0045177829451859
v 0.1449381411075592 0.007751941680908203 0.9534883499145508 0.3451087474822998 0.312069296836853 0.29890161752700806
v 0.14438743889331818 0.007751941680908203 0.9689922332763672 0.06515058130025864 0.06328265368938446 0.06203904002904892
v 0.14718689024448395 0.007751941680908203 0.9844961166381836 0.007597350515425205 0.007459172513335943 0.009010972455143929
v 0.13808739185333252 0.02325582504272461 -0.9844961166381836 0.0032498170621693134 0.0030813529156148434 0.003886982100084424
v 0.131941020488739 0.02325582690536976 -0.968992292881012 0.0031623574905097485 0.0039781322702765465 0.00451621925458312
v 0.14288756251335144 0.02325582504272461 0.751937985420227 0.00302320159971714 0.003032868728041649 0.004096130840480328
v 0.1451629102230072 0.02325582504272461 0.7674418687820435 0.004046785645186901 0.0035517862997949123 0.0046298629604279995
v 0.13405607640743256 0.02325582504272461 0.8294574618339539 0.5498670339584351 0.5415564179420471 0.5116182565689087
v 0.1338808387517929 0.02325582504272461 0.8449612855911255 0.5603691339492798 0.5538054704666138 0.5234425067901611
v 0.1449003666639328 0.02325582504272461 0.9534883499145508 0.31161433458328247 0.28066861629486084 0.26933419704437256
v 0.1443202644586563 0.02325582504272461 0.9689922332763672 0.04114818945527077 0.04087027534842491 0.04200878366827965
v 0.1467057168483734 0.02325582504272461 0.9844961166381836 0.006770949810743332 0.006730713415890932 0.008188941515982151
v 0.13805298507213593 0.038759708404541016 -0.9844961762428284 0.003325115190818906 0.0030985320918262005 0.003913101274520159
v 0.13194642961025238 0.038759708404541016 -0.968992292881012 0.0032695287372916937 0.00404957914724946 0.004591578152030706
v 0.14282271265983582 0.038759708404541016 0.751937985420227 0.0031793490052223206 0.003156203543767333 0.0042550875805318356
v 0.14552746713161469 0.038759708404541016 0.7674418687820435 0.004344942048192024 0.0037185901310294867 0.0047571477480232716
v 0.13484607636928558 0.038759708404541016 0.8139535188674927 0.5349355936050415 0.5234583020210266 0.4954058825969696
v 0.1365239918231964 0.038759708404541016 0.8294574022293091 0.5593729019165039 0.5489199161529541 0.5157378911972046
v 0.13591799139976501 0.038759708404541016 0.8449612855911255 0.5679135322570801 0.558847188949585 0.5243615508079529
v 0.13364356756210327 0.038759708404541016 0.8604651689529419 0.5695669651031494 0.5613138675689697 0.526810348033905
v 0.14466464519500732 0.038759708404541016 0.9534883499145508 0.3401710093021393 0.3094956576824188 0.2947511672973633
v 0.14407522976398468 0.038759708404541016 0.9689922332763672 0.03672647476196289 0.03711351007223129 0.038296107202768326
v 0.14588530361652374 0.038759708404541016 0.9844961166381836 0.006583090405911207 0.006533657666295767 0.007965671829879284
v 0.13806524872779846 0.05426359176635742 -0.9844961166381836 0.0033962801098823547 0.0031252685002982616 0.003951400984078646
v 0.1318672001361847 0.05426359176635742 -0.9689922332763672 0.0033766611013561487 0.004106532782316208 0.004676612559705973
v 0.14325757324695587 0.05426359176635742 0.751937985420227 0.003313141642138362 0.003260503290221095 0.004388928413391113
v 0.1455163210630417 0.05426359176635742 0.7674418687820435 0.004661858547478914 0.0039109415374696255 0.0049187191762030125
v 0.13574182987213135 0.05426359549164772 0.8139535784721375 0.5473074913024902 0.5358923673629761 0.5035839080810547
v 0.1368076652288437 0.05426359176635742 0.8294574022293091 0.5677087903022766 0.5586465001106262 0.5234273076057434
v 0.13627654314041138 0.05426359176635742 0.8449612855911255 0.57496577501297 0.5669854879379272 0.5305902361869812
v 0.1346367746591568 0.05426359176635742 0.8604651689529419 0.5754667520523071 0.5671563148498535 0.5296575427055359
v 0.1443784534931183 0.05426359176635742 0.9534883499145508 0.37029752135276794 0.34127557277679443 0.32237938046455383
v 0.1437937617301941 0.05426359176635742 0.9689922332763672 0.0355522446334362 0.036568533629179 0.03751552104949951
v 0.14534243941307068 0.05426359176635742 0.9844961166381836 0.006239074748009443 0.006170822773128748 0.007526342291384935
v 0.13807426393032074 0.06976747512817383 -0.9844961166381836 0.0034240635577589273 0.0031107107643038034 0.003950669430196285
v 0.1319097876548767 0.06976747512817383 -0.9689922332763672 0.0034066711086779833 0.004061505664139986 0.004693139810115099
v 0.14317868649959564 0.06976747512817383 0.751937985420227 0.003361561568453908 0.0033011992927640676 0.004454738460481167
v 0.14523932337760925 0.06976747512817383 0.7674418687820435 0.0047956169582903385 0.00400330126285553 0.005027438048273325
v 0.13398553431034088 0.06976747512817383 0.7984496355056763 0.5267741084098816 0.5103382468223572 0.4809119403362274
v 0.13712723553180695 0.06976747512817383 0.8139535188674927 0.5530217885971069 0.5412756204605103 0.5074012279510498
v 0.13767576217651367 0.06976747512817383 0.8294574022293091 0.5736454725265503 0.565106213092804 0.5295474529266357
v 0.1371120810508728 0.06976747512817383 0.8449612855911255 0.5802927017211914 0.5726811289787292 0.5360983610153198
v 0.13588087260723114 0.06976747512817383 0.8604651689529419 0.5797804594039917 0.5726376175880432 0.5349283814430237
v 0.13377630710601807 0.06976747512817383 0.8759689331054688 0.5792492628097534 0.571630597114563 0.5330689549446106
v 0.14426252245903015 0.06976747512817383 0.9534883499145508 0.36584508419036865 0.3383837640285492 0.31858712434768677
v 0.14365696907043457 0.06976747512817383 0.9689922332763672 0.031098000705242157 0.031999342143535614 0.03332909941673279
v 0.14500421285629272 0.06976747512817383 0.9844961166381836 0.005790320690721273 0.005730716977268457 0.007024017162621021
v 0.13814327120780945 0.08527135848999023 -0.9844961166381836 0.0034891271498054266 0.003137952648103237 0.003987837117165327
v 0.13191482424736023 0.08527135848999023 -0.968992292881012 0.003462639870122075 0.004061623476445675 0.0047257402911782265
v 0.14197908341884613 0.08527135848999023 0.751937985420227 0.0034182509407401085 0.0033182669430971146 0.004508323036134243
v 0.14443983137607574 0.08527135848999023 0.7674418687820435 0.005083207041025162 0.004231708589941263 0.00530814565718174
v 0.13750511407852173 0.08527135848999023 0.7984496355056763 0.5115177631378174 0.4963548183441162 0.4705556631088257
v 0.13879454135894775 0.08527135848999023 0.8139535188674927 0.5568316578865051 0.544235110282898 0.5109087228775024
v 0.13876119256019592 0.08527135848999023 0.8294574022293091 0.5781174898147583 0.5674821138381958 0.5324199199676514
v 0.13806602358818054 0.08527135848999023 0.8449612855911255 0.5855891704559326 0.5756741166114807 0.5395333170890808
v 0.13711094856262207 0.08527135848999023 0.8604651689529419 0.5851829051971436 0.5766382813453674 0.5393837690353394
v 0.1360224485397339 0.08527135848999023 0.8759689927101135 0.5794784426689148 0.5716982483863831 0.5336098670959473
v 0.13454599678516388 0.08527135848999023 0.8914728164672852 0.5713426470756531 0.5626532435417175 0.5255596041679382
v 0.1328989416360855 0.08527135848999023 0.9069766998291016 0.5684744715690613 0.5617612600326538 0.5255833864212036
v 0.14403176307678223 0.08527135848999023 0.9534883499145508 0.365895539522171 0.339194655418396 0.31929275393486023
v 0.1433955729007721 0.08527135848999023 0.9689922332763672 0.030545517802238464 0.03169165551662445 0.033256061375141144
v 0.1445845067501068 0.08527135848999023 0.9844961166381836 0.005796355661004782 0.00579647533595562 0.007103557698428631
v 0.1381576806306839 0.10077524185180664 -0.9844960570335388 0.00365267600864172 0.0032395406160503626 0.004083218518644571
v 0.13186220824718475 0.10077524185180664 -0.9689922332763672 0.00362458941526711 0.004222682677209377 0.004877867177128792
v 0.135738343000412 0.10077524185180664 0.751937985420227 0.003508476074784994 0.003459136001765728 0.004274830687791109
v 0.1427917778491974 0.10077524185180664 0.7674418687820435 0.005118514411151409 0.004415848758071661 0.005600097123533487
v 0.13527129590511322 0.10077524185180664 0.7829457521438599 0.20913991332054138 0.1984933465719223 0.17544390261173248
v 0.1385290026664734 0.10077524185180664 0.7984496355056763 0.5009139776229858 0.4811795949935913 0.45881375670433044
v 0.1392475664615631 0.10077524185180664 0.8139535188674927 0.5554360151290894 0.5421780347824097 0.5117020606994629
v 0.13902543485164642 0.10077524185180664 0.8294574022293091 0.5792713761329651 0.5692538619041443 0.5353860855102539
v 0.1382584422826767 0.10077524185180664 0.8449612855911255 0.5883007049560547 0.5789176225662231 0.5432983040809631
v 0.13731303811073303 0.10077524185180664 0.8604651689529419 0.5896617770195007 0.5809938907623291 0.5442065000534058
v 0.13641420006752014 0.10077524185180664 0.8759689331054688 0.5833235383033752 0.5751144289970398 0.5378033518791199
v 0.13536690175533295 0.10077524185180664 0.8914728164672852 0.5702210068702698 0.5604075789451599 0.524492084980011
v 0.13487310707569122 0.10077524185180664 0.9069766998291016 0.552113950252533 0.5446061491966248 0.5122854113578796
v 0.1341862827539444 0.10077524185180664 0.922480583190918 0.5525544285774231 0.5507091283798218 0.5208292603492737
v 0.1436777114868164 0.10077524185180664 0.9534883499145508 0.3503664433956146 0.32380080223083496 0.30619513988494873
v 0.14292344450950623 0.10077524185180664 0.9689922332763672 0.03516094759106636 0.03691477328538895 0.03844606876373291
v 0.14378516376018524 0.10077524185180664 0.9844961166381836 0.00630352646112442 0.006429010070860386 0.007944227196276188
v 0.13814714550971985 0.11627912521362305 -0.9844961166381836 0.003909481223672628 0.003412107937037945 0.004225630313158035
v 0.13205358386039734 0.11627912521362305 -0.9689922332763672 0.0038862526416778564 0.00445381598547101 0.005148497875779867
v 0.14000649750232697 0.11627912521362305 0.7674418687820435 0.005128533113747835 0.004617456812411547 0.005851306952536106
v 0.13426603376865387 0.11627911776304245 0.7829457521438599 0.13287687301635742 0.12371480464935303 0.11046912521123886
v 0.1368815302848816 0.11627912521362305 0.7984496355056763 0.4732193350791931 0.45051825046539307 0.44328951835632324
v 0.13781090080738068 0.11627912521362305 0.8139535188674927 0.5379846692085266 0.5204744338989258 0.5005024671554565
v 0.13776153326034546 0.11627912521362305 0.8294574022293091 0.5683578252792358 0.5558764934539795 0.5290864109992981
v 0.13699129223823547 0.11627912521362305 0.8449612855911255 0.5801566243171692 0.569659948348999 0.5399835705757141
v 0.1357887089252472 0.11627912521362305 0.8604651689529419 0.5815414786338806 0.5704739689826965 0.5398563146591187
v 0.13444902002811432 0.11627912521362305 0.8759689331054688 0.5750041007995605 0.5636125206947327 0.5346736311912537
v 0.13313010334968567 0.11627912521362305 0.8914727568626404 0.5617488622665405 0.5515373349189758 0.5281030535697937
v 0.13302363455295563 0.11627912521362305 0.9069766998291016 0.5396922826766968 0.5291077494621277 0.5107367038726807
v 0.13344316184520721 0.11627911776304245 0.922480583190918 0.5294997096061707 0.5189376473426819 0.503328800201416
v 0.14540113508701324 0.11627912521362305 0.9534883499145508 0.18535473942756653 0.16628852486610413 0.1628795862197876
v 0.14274848997592926 0.11627912521362305 0.9689922332763672 0.022381819784641266 0.022722629830241203 0.026019036769866943
v 0.1428612768650055 0.11627912521362305 0.9844961166381836 0.006087591405957937 0.006287094671279192 0.008053643628954887
v 0.13529574871063232 0.1317828893661499 -0.9844961166381836 0.004154927097260952 0.003663423005491495 0.004565487150102854
v 0.1362151801586151 0.1317828893661499 0.7829457521438599 0.016039976850152016 0.013916806317865849 0.016791922971606255
v 0.1371854990720749 0.1317828893661499 0.7984496355056763 0.14657719433307648 0.13195259869098663 0.129608154296875
v 0.13839095830917358 0.1317828893661499 0.8139535188674927 0.25864091515541077 0.2341761440038681 0.22822114825248718
v 0.13849487900733948 0.1317828893661499 0.8294574022293091 0.31673312187194824 0.2906082272529602 0.28072723746299744
v 0.1377905309200287 0.1317828893661499 0.8449612855911255 0.31534749269485474 0.2907981276512146 0.2776823937892914
v 0.13628190755844116 0.1317828893661499 0.8604651689529419 0.29076075553894043 0.26734301447868347 0.2520885765552521
v 0.13393953442573547 0.1317828893661499 0.8759689331054688 0.275120347738266 0.25513002276420593 0.23850247263908386
v 0.1365373134613037 0.1317828893661499 0.9534883499145508 0.07974181324243546 0.07371566444635391 0.07058661431074142
v 0.1386362463235855 0.1472867727279663 0.9844961166381836 0.004094887524843216 0.003316435031592846 0.004665323533117771
v 0.14953266084194183 -0.14728683233261108 0.9844961166381836 0.0037529647815972567 0.0032684144098311663 0.004014939535409212
v 0.14825084805488586 -0.13178294897079468 0.751937985420227 0.0033439411781728268 0.0031519727781414986 0.004405729938298464
v 0.1476895809173584 -0.13178294897079468 0.7674418091773987 0.00412730872631073 0.0033494795206934214 0.0045805424451828
v 0.14791235327720642 -0.13178294897079468 0.9689922332763672 0.0091874860227108 0.008055553771555424 0.010334296151995659
v 0.14931108057498932 -0.13178294897079468 0.9844960570335388 0.004546125885099173 0.004082672297954559 0.005302261561155319
v 0.14839251339435577 -0.11627905815839767 0.751937985420227 0.0032059913501143456 0.0031732742208987474 0.004296201281249523
v 0.14823417365550995 -0.11627905815839767 0.7674418687820435 0.004189974628388882 0.0034151587169617414 0.004652516450732946
v 0.14782945811748505 -0.11627906560897827 0.9534883499145508 0.23309829831123352 0.20670223236083984 0.20571106672286987
v 0.14863349497318268 -0.11627906560897827 0.9689922332763672 0.012427762150764465 0.010903388261795044 0.013534178026020527
v 0.14919817447662354 -0.11627906560897827 0.9844961166381836 0.004789311904460192 0.0044689844362437725 0.005638583563268185
v 0.14849965274333954 -0.10077518224716187 0.751937985420227 0.0031695798970758915 0.0032186745665967464 0.004306507762521505
v 0.148532435297966 -0.10077518224716187 0.7674418687820435 0.004146574530750513 0.003371065016835928 0.004536677151918411
v 0.14813348650932312 -0.10077518224716187 0.9534883499145508 0.3288622796535492 0.2946396470069885 0.2913208603858948
v 0.14905203878879547 -0.10077518224716187 0.9689921736717224 0.015458988957107067 0.013478826731443405 0.016290614381432533
v 0.14974065124988556 -0.10077518224716187 0.9844961166381836 0.004966338165104389 0.00462021678686142 0.0057352082803845406
v 0.14857342839241028 -0.08527129888534546 0.751937985420227 0.0031159764621406794 0.003244238905608654 0.004275417886674404
v 0.1487468034029007 -0.08527129888534546 0.7674418687820435 0.004092457704246044 0.0033429625909775496 0.0044541070237755775
v 0.14729630947113037 -0.08527129888534546 0.9379844665527344 0.520543098449707 0.5032382011413574 0.4883047044277191
v 0.14834916591644287 -0.08527130633592606 0.9534883499145508 0.3543646037578583 0.31874752044677734 0.314812034368515
v 0.14936386048793793 -0.08527129888534546 0.9689922332763672 0.01745784282684326 0.015230189077556133 0.018041057512164116
v 0.1497771143913269 -0.08527129888534546 0.9844961166381836 0.00513005256652832 0.004761903081089258 0.005859681870788336
v 0.14866095781326294 -0.06976741552352905 0.751937985420227 0.0030632358975708485 0.003218475729227066 0.004208194091916084
v 0.14880916476249695 -0.06976741552352905 0.7674418687820435 0.004003914538770914 0.0033000647090375423 0.0043802945874631405
v 0.1484166383743286 -0.06976741552352905 0.953488290309906 0.3468008041381836 0.3109073042869568 0.3084956407546997
v 0.14953932166099548 -0.06976741552352905 0.968992292881012 0.015679853036999702 0.013745802454650402 0.016187749803066254
v 0.14962619543075562 -0.06976741552352905 0.9844961166381836 0.005193114280700684 0.004846382420510054 0.00590522913262248
v 0.14885444939136505 -0.05426359176635742 0.7519379258155823 0.003086201846599579 0.003213455667719245 0.004218784626573324
v 0.14882545173168182 -0.05426359176635742 0.7674418687820435 0.003935457207262516 0.003276384901255369 0.00434481306001544
v 0.1485600620508194 -0.05426359176635742 0.9534883499145508 0.32487308979034424 0.2901211977005005 0.2904733419418335
v 0.14980873465538025 -0.05426359176635742 0.9689922332763672 0.015686599537730217 0.013935447670519352 0.016285624355077744
v 0.14945314824581146 -0.05426359176635742 0.9844961166381836 0.005347013473510742 0.005059937480837107 0.006096416153013706
v 0.14895634353160858 -0.038759708404541016 0.751937985420227 0.0031216167844831944 0.003213692456483841 0.004241156857460737
v 0.14869935810565948 -0.038759708404541016 0.7674418687820435 0.00387734267860651 0.0032539526000618935 0.004309563897550106
v 0.14857231080532074 -0.038759708404541016 0.9534883499145508 0.2826971709728241 0.25088733434677124 0.25179681181907654
v 0.14990603923797607 -0.038759708404541016 0.9689922332763672 0.015432730317115784 0.013751834630966187 0.01596923917531967
v 0.14894668757915497 -0.038759708404541016 0.9844961166381836 0.005697273183614016 0.005465315654873848 0.006592764053493738
v 0.14896170794963837 -0.02325582690536976 0.751937985420227 0.003046790836378932 0.003125737188383937 0.0041056666523218155
v 0.14870767295360565 -0.02325582504272461 0.7674418687820435 0.0037447235081344843 0.0031556563917547464 0.004168767482042313
v 0.1485789269208908 -0.02325582504272461 0.9534883499145508 0.29778578877449036 0.2643641531467438 0.26413601636886597
v 0.1499306559562683 -0.02325582504272461 0.9689921736717224 0.021761519834399223 0.019112946465611458 0.021831398829817772
v 0.14811374247074127 -0.02325582504272461 0.9844961166381836 0.0067459107376635075 0.006474480964243412 0.007844503968954086
v 0.14891882240772247 -0.007751941680908203 0.7519379258155823 0.0029515607748180628 0.0030526327900588512 0.003957072738558054
v 0.14874158799648285 -0.007751941680908203 0.7674418687820435 0.0036312921438366175 0.0030917583499103785 0.004057843703776598
v 0.14865432679653168 -0.007751941680908203 0.9534884095191956 0.3304765522480011 0.2947804927825928 0.2914126217365265
v 0.14993935823440552 -0.007751941680908203 0.9689922332763672 0.03354254364967346 0.029247118160128593 0.032566267997026443
v 0.1473965048789978 -0.007751941215246916 0.9844961166381836 0.00845862366259098 0.008161908946931362 0.009847168810665607
v 0.1489730030298233 0.007751941215246916 0.751937985420227 0.0029308144003152847 0.0030632764101028442 0.003931548912078142
v 0.14872528612613678 0.007751941215246916 0.7674418687820435 0.003635956672951579 0.0031254917848855257 0.004084740299731493
v 0.14876365661621094 0.007751941680908203 0.9534884095191956 0.2985652983188629 0.26570120453834534 0.2632507085800171
v 0.1500679850578308 0.007751941680908203 0.9689922332763672 0.02737993746995926 0.024260370060801506 0.027530452236533165
v 0.14739097654819489 0.007751941680908203 0.9844961166381836 0.0076224603690207005 0.007481198757886887 0.009033429436385632
v 0.1489558219909668 0.02325582504272461 0.751937985420227 0.002994048409163952 0.0031107920221984386 0.0039848629385232925
v 0.14830909669399261 0.02325582504272461 0.7674418091773987 0.003778332145884633 0.0032391108106821775 0.004210690502077341
v 0.14871160686016083 0.02325582504272461 0.953488290309906 0.2508520781993866 0.22169987857341766 0.22025460004806519
v 0.15006139874458313 0.02325582504272461 0.9689922332763672 0.017394274473190308 0.015468593686819077 0.018057476729154587
v 0.14788410067558289 0.02325582504272461 0.9844960570335388 0.006172793917357922 0.006042310036718845 0.007359482813626528
v 0.14884017407894135 0.038759708404541016 0.751937985420227 0.003107324941083789 0.0031930282711982727 0.00407820101827383
v 0.1480007916688919 0.038759708404541016 0.7674418687820435 0.0040148296393454075 0.003386469790711999 0.00433014053851366
v 0.14865326881408691 0.038759708404541016 0.9534883499145508 0.2684570848941803 0.23714083433151245 0.23303407430648804
v 0.15001648664474487 0.038759708404541016 0.9689922332763672 0.0146546121686697 0.012924622744321823 0.015130536630749702
v 0.14867708086967468 0.038759708404541016 0.9844961166381836 0.005439853761345148 0.005197157617658377 0.006320619489997625
v 0.14870083332061768 0.05426359176635742 0.751937985420227 0.0032037156634032726 0.0032999764662235975 0.004185601603239775
v 0.14798696339130402 0.05426359176635742 0.7674418687820435 0.004243046045303345 0.003514173673465848 0.004421638324856758
v 0.14864970743656158 0.05426359176635742 0.9534883499145508 0.285038560628891 0.25407445430755615 0.24791410565376282
v 0.14993886649608612 0.05426359176635742 0.9689922332763672 0.012780949473381042 0.011288639158010483 0.013302242383360863
v 0.14912612736225128 0.05426359176635742 0.9844961166381836 0.004960997961461544 0.004682882223278284 0.005699170287698507
v 0.1485947072505951 0.06976747512817383 0.751937985420227 0.0032511900644749403 0.0033663506619632244 0.004262348171323538
v 0.14805889129638672 0.06976747512817383 0.7674418687820435 0.004312322940677404 0.003538025775924325 0.0044365799985826015
v 0.14857633411884308 0.06976747512817383 0.9534883499145508 0.2661511301994324 0.2378719002008438 0.23178331553936005
v 0.14973807334899902 0.06976747512817383 0.9689922332763672 0.010954041965305805 0.009705998934805393 0.011584147810935974
v 0.1493028998374939 0.06976747512817383 0.9844961166381836 0.004564970266073942 0.004305057693272829 0.0052790567278862
v 0.14848537743091583 0.08527135848999023 0.751937985420227 0.003278180956840515 0.003358448389917612 0.004276006482541561
v 0.1481059044599533 0.08527135848999023 0.7674418687820435 0.004386145155876875 0.003554536961019039 0.004460502415895462
v 0.14838066697120667 0.08527135848999023 0.9534884095191956 0.23043273389339447 0.2055520862340927 0.20071899890899658
v 0.14943747222423553 0.08527135848999023 0.968992292881012 0.009807317517697811 0.008723238483071327 0.010508653707802296
v 0.14936110377311707 0.08527135848999023 0.9844961166381836 0.0043749939650297165 0.004139753524214029 0.005097610875964165
v 0.14838780462741852 0.10077524185180664 0.751937985420227 0.0031858899164944887 0.003266027895733714 0.00418845796957612
v 0.14810512959957123 0.10077524185180664 0.7674418687820435 0.00423507671803236 0.0034595485776662827 0.004432282876223326
v 0.14806558191776276 0.10077524185180664 0.9534883499145508 0.2071286290884018 0.18386761844158173 0.18119536340236664
v 0.14905491471290588 0.10077524185180664 0.968992292881012 0.009819786995649338 0.008812411688268185 0.010777882300317287
v 0.1493086963891983 0.10077524185180664 0.9844961166381836 0.004375880118459463 0.004163092002272606 0.005164701957255602
v 0.14826911687850952 0.11627912521362305 0.751937985420227 0.0030652345158159733 0.0031922077760100365 0.004110748413950205
v 0.14802582561969757 0.11627912521362305 0.7674418687820435 0.004008927382528782 0.0033183430787175894 0.004383387975394726
v 0.14754945039749146 0.11627912521362305 0.9534883499145508 0.12229372560977936 0.10784179717302322 0.11021997034549713
v 0.14856359362602234 0.11627912521362305 0.9689922332763672 0.008652200922369957 0.007875912822782993 0.009841874241828918
v 0.14912259578704834 0.11627912521362305 0.9844961166381836 0.004196502733975649 0.004021178465336561 0.005083264783024788
v 0.14812389016151428 0.1317828893661499 0.751937985420227 0.003041787538677454 0.0030794304329901934 0.004063259344547987
v 0.14770352840423584 0.1317828893661499 0.7674418091773987 0.0038066210690885782 0.0030610780231654644 0.004061057232320309
v 0.14769795536994934 0.1317828893661499 0.9689922332763672 0.005793183110654354 0.005182460881769657 0.006627274211496115
v 0.1501479148864746 0.1317828893661499 0.9844961166381836 0.0037189540453255177 0.0033529922366142273 0.0043118600733578205
v -0.14728683233261108 -0.14038875699043274 0.751937985420227 0.002979548880830407 0.0030025315936654806 0.004068478476256132
v -0.14728683233261108 -0.13364718854427338 0.9844961166381836 0.004282896872609854 0.0037991174031049013 0.0049708811566233635
v -0.14728683233261108 -0.12844401597976685 0.9689922332763672 0.007828857749700546 0.006810355000197887 0.008563462644815445
v -0.14728683233261108 -0.06987746059894562 0.9534883499145508 0.28582054376602173 0.2587607204914093 0.2487429976463318
v -0.14728683233261108 -0.020472584292292595 0.9844961166381836 0.005396831315010786 0.005261496640741825 0.006370022892951965
v -0.14728683233261108 0.017777780070900917 0.9844961166381836 0.005486912559717894 0.005370845552533865 0.006428601685911417
v -0.14728683233261108 0.07918508350849152 0.9534883499145508 0.19099579751491547 0.17105963826179504 0.1620151847600937
v -0.14728683233261108 0.12471511960029602 0.9689922332763672 0.005728664807975292 0.0052482024766504765 0.006492340471595526
v -0.14728683233261108 0.13328693807125092 0.751937985420227 0.002651038346812129 0.0029825970996171236 0.0038050005678087473
v -0.14728683233261108 0.13488991558551788 0.9844961166381836 0.0037004947662353516 0.0032410002313554287 0.004221285227686167
v -0.13178294897079468 -0.14955957233905792 0.751937985420227 0.004225378390401602 0.003469883929938078 0.005778306629508734
v -0.13178294897079468 -0.14968250691890717 0.7674418687820435 0.0062629650346934795 0.004408840090036392 0.006184245925396681
v -0.13178294897079468 -0.1489681750535965 0.7829457521438599 0.013060199096798897 0.009936552494764328 0.011911767534911633
v -0.13178294897079468 -0.14864377677440643 0.7984496355056763 0.08358791470527649 0.07623574137687683 0.08144299685955048
v -0.13178294897079468 -0.14855369925498962 0.8139535188674927 0.1499434858560562 0.14576204121112823 0.1504511535167694
v -0.13178294897079468 -0.14853781461715698 0.8294574022293091 0.19631458818912506 0.19468411803245544 0.1965145319700241
v -0.13178294897079468 -0.14852747321128845 0.8449612855911255 0.1989366114139557 0.19833174347877502 0.19856297969818115
v -0.13178294897079468 -0.14852255582809448 0.8604651689529419 0.1849845051765442 0.18376848101615906 0.18376611173152924
v -0.13178294897079468 -0.14849141240119934 0.8759689331054688 0.15780964493751526 0.154876247048378 0.15571966767311096
v -0.13178294897079468 -0.14830784499645233 0.8914728164672852 0.13276450335979462 0.1283971071243286 0.12933187186717987
v -0.13178294897079468 -0.14833836257457733 0.9069766998291016 0.09980840235948563 0.09529980272054672 0.09602891653776169
v -0.13178294897079468 -0.1486639380455017 0.922480583190918 0.09448616206645966 0.08892840147018433 0.08955663442611694
v -0.13178294897079468 -0.1488853543996811 0.9379844665527344 0.11643502861261368 0.10454636067152023 0.10501531511545181
v -0.13178294897079468 -0.14908140897750854 0.9534883499145508 0.07665185630321503 0.06405571103096008 0.06587924063205719
v -0.13178294897079468 -0.14958319067955017 0.9689922332763672 0.01983512006700039 0.015127555467188358 0.01730397716164589
v -0.13178294897079468 -0.15423232316970825 0.9844961166381836 0.005808254703879356 0.004535485524684191 0.00608117925003171
v -0.13178294897079468 -0.13253791630268097 -0.9844961166381836 0.003746147034689784 0.003376319073140621 0.0045500160194933414
v -0.13178294897079468 -0.13464036583900452 0.7674418687820435 0.008054399862885475 0.00659860298037529 0.00872773677110672
v -0.13178294897079468 -0.1367873102426529 0.9379844665527344 0.5171924233436584 0.49785688519477844 0.4698203504085541
v -0.13178294897079468 -0.1400631219148636 0.9534883499145508 0.3237327039241791 0.31554627418518066 0.2825283706188202
v -0.13178294897079468 -0.1393398940563202 0.9689922332763672 0.10104621946811676 0.09895908832550049 0.09350581467151642
v -0.13178294897079468 -0.12787584960460663 0.9844961166381836 0.03333999216556549 0.028920840471982956 0.03238639980554581
v -0.13178296387195587 -0.10059449821710587 0.751937985420227 0.003981655463576317 0.0038886144757270813 0.004754453897476196
v -0.13178294897079468 -0.05254003033041954 -0.9689922332763672 0.003065303433686495 0.003673132508993149 0.004342714324593544
v -0.13178294897079468 -0.04020151123404503 0.9069766998291016 0.574799120426178 0.5687851905822754 0.534344494342804
v -0.13178294897079468 -0.051552657037973404 0.922480583190918 0.5898471474647522 0.5875414609909058 0.5487232208251953
v -0.13178294897079468 -0.029366375878453255 -0.9689922332763672 0.0030206579249352217 0.003693640697747469 0.004314138554036617
v -0.13178294897079468 -0.03282477334141731 0.7829457521438599 0.18571540713310242 0.17856720089912415 0.16274432837963104
v -0.13178294897079468 -0.03169825300574303 0.8914728164672852 0.5747790336608887 0.5668733716011047 0.5344801545143127
v -0.13178294897079468 -0.011478298343718052 0.7984496355056763 0.5142831206321716 0.4913383722305298 0.46640196442604065
v -0.13178294897079468 -0.01996425911784172 0.8759689331054688 0.5797204971313477 0.5708908438682556 0.5381200909614563
v -0.13178294897079468 -0.00047540944069623947 0.8604651689529419 0.5855092406272888 0.576374888420105 0.5409375429153442
v -0.13178294897079468 0.019572138786315918 0.8604651689529419 0.5866584181785583 0.5775551795959473 0.5397704839706421
v -0.13178294897079468 0.02994675561785698 0.7984496355056763 0.5175796747207642 0.49597176909446716 0.4734794795513153
v -0.13178294897079468 0.046965159475803375 0.8759689331054688 0.5911945104598999 0.5819703340530396 0.5417084097862244
v -0.13178294897079468 0.06456388533115387 0.8914728164672852 0.5965626239776611 0.5877317786216736 0.545732319355011
v -0.13178294897079468 0.07058915495872498 0.7829457521438599 0.3448871970176697 0.32605719566345215 0.29712578654289246
v -0.13178294897079468 0.07455480098724365 0.9069766998291016 0.594515860080719 0.5850816965103149 0.5437331795692444
v -0.13178294897079468 0.08789694309234619 0.751937985420227 0.0038762514013797045 0.003953669220209122 0.004306393675506115
v -0.13178293406963348 0.08560089021921158 0.922480583190918 0.601540207862854 0.5929535627365112 0.5523151755332947
v -0.13178294897079468 0.1171281486749649 0.7674418687820435 0.008052963763475418 0.007418343797326088 0.008053665980696678
v -0.13178294897079468 0.12577369809150696 0.8914728164672852 0.5538288950920105 0.5315874814987183 0.5142642855644226
v -0.13178294897079468 0.12112866342067719 0.9069766998291016 0.5707685947418213 0.5507219433784485 0.534217357635498
v -0.13178294897079468 0.12781502306461334 0.9379844665527344 0.4408247470855713 0.40619930624961853 0.3979966342449188
v -0.13178294897079468 0.12701812386512756 0.9534883499145508 0.30767953395843506 0.27857670187950134 0.2613368034362793
v -0.13178294897079468 0.12498833239078522 0.9689922332763672 0.07446952164173126 0.0672636330127716 0.06366043537855148
v -0.13178294897079468 0.12209951132535934 0.9844961166381836 0.01583411544561386 0.013966172002255917 0.016865098848938942
v -0.13178294897079468 0.13455083966255188 -0.9844961166381836 0.0040583484806120396 0.003644907381385565 0.004838854074478149
v -0.13178294897079468 0.14456363022327423 0.751937985420227 0.003895832458510995 0.0034462111070752144 0.005491113290190697
v -0.13178294897079468 0.14716006815433502 0.7674418687820435 0.004829450976103544 0.0036898585967719555 0.005158210638910532
v -0.13178294897079468 0.14230921864509583 0.7829457521438599 0.012649847194552422 0.009068159386515617 0.010866696946322918
v -0.13178294897079468 0.14304576814174652 0.7984496355056763 0.04833356663584709 0.041512008756399155 0.04255698621273041
v -0.13178294897079468 0.1427009552717209 0.8139535188674927 0.10410306602716446 0.09527856856584549 0.09473799914121628
v -0.13178294897079468 0.1421075463294983 0.8294574022293091 0.13872379064559937 0.12701989710330963 0.1237872764468193
v -0.13178294897079468 0.1415328085422516 0.8449612855911255 0.11206353455781937 0.09975121915340424 0.09693488478660583
v -0.13178294897079468 0.14089155197143555 0.8604651689529419 0.09852399677038193 0.08543644845485687 0.08177153766155243
v -0.13178294897079468 0.13983190059661865 0.8759689331054688 0.08591330796480179 0.07386840134859085 0.06950113922357559
v -0.13178294897079468 0.13308197259902954 0.922480583190918 0.22421744465827942 0.2054041475057602 0.1849159598350525
v -0.13178294897079468 0.13416457176208496 0.9379844665527344 0.194416344165802 0.17279288172721863 0.1531149446964264
v -0.13178294897079468 0.13976794481277466 0.9534883499145508 0.02637643925845623 0.02079790271818638 0.02126816287636757
v -0.13178294897079468 0.1474207192659378 0.968992292881012 0.005559181794524193 0.0046476516872644424 0.006011659279465675
v -0.13178294897079468 0.15038876235485077 0.9844961166381836 0.0042790612205863 0.0035456500481814146 0.004920432809740305
v -0.11627906560897827 -0.1498999297618866 0.751937985420227 0.005621558986604214 0.004528643097728491 0.007089273538440466
v -0.11627906560897827 -0.15037916600704193 0.7674418687820435 0.009675512090325356 0.0071126180700957775 0.008852694183588028
v -0.11627906560897827 -0.14941547811031342 0.7829457521438599 0.1449545919895172 0.13061974942684174 0.1308823823928833
v -0.11627906560897827 -0.1490020900964737 0.7984496355056763 0.5769046545028687 0.5738402605056763 0.5537656545639038
v -0.11627906560897827 -0.14883027970790863 0.8139535188674927 0.6560850143432617 0.6554332971572876 0.6258202195167542
v -0.11627906560897827 -0.1487230360507965 0.8294574022293091 0.6965492367744446 0.6964372992515564 0.6611590385437012
v -0.11627906560897827 -0.14867500960826874 0.8449612855911255 0.7078022360801697 0.7080641984939575 0.6706286668777466
v -0.11627906560897827 -0.14879974722862244 0.8604651689529419 0.7064030766487122 0.7071686387062073 0.6686024069786072
v -0.11627906560897827 -0.14908604323863983 0.8759689331054688 0.6863576173782349 0.6876515746116638 0.6492602229118347
v -0.11627906560897827 -0.14934109151363373 0.8914728164672852 0.6418785452842712 0.6437641978263855 0.6070640683174133
v -0.11627906560897827 -0.14974208176136017 0.9069766998291016 0.5587693452835083 0.5630220174789429 0.5308468341827393
v -0.11627906560897827 -0.15022100508213043 0.922480583190918 0.4827752709388733 0.484677791595459 0.4567485451698303
v -0.11627906560897827 -0.15048101544380188 0.9379844665527344 0.45561376214027405 0.4488374590873718 0.4231046438217163
v -0.11627906560897827 -0.15058071911334991 0.9534883499145508 0.3258381187915802 0.3068840503692627 0.29343923926353455
v -0.11627906560897827 -0.1507185697555542 0.9689922332763672 0.06070949509739876 0.05124200880527496 0.05297156795859337
v -0.11627906560897827 -0.1547940969467163 0.9844961166381836 0.007046953774988651 0.0058046733029186726 0.0074727595783770084
v -0.11627906560897827 -0.13756895065307617 -0.9844961166381836 0.005172563251107931 0.004081938415765762 0.006128900684416294
v -0.11627906560897827 -0.13250750303268433 -0.9689922332763672 0.004210267215967178 0.0044578141532838345 0.006142326630651951
v -0.11627906560897827 -0.1418336033821106 0.751937985420227 0.005943302996456623 0.004898472689092159 0.007338105700910091
v -0.11627906560897827 -0.14249297976493835 0.7674418687820435 0.016575947403907776 0.012479418888688087 0.014987231232225895
v -0.11627906560897827 -0.13600760698318481 0.7829457521438599 0.5040560960769653 0.46210065484046936 0.4475811719894409
v -0.11627906560897827 -0.1381319910287857 0.8914728164672852 0.7361953258514404 0.7215233445167542 0.6710713505744934
v -0.11627906560897827 -0.13975247740745544 0.9069766998291016 0.7014593482017517 0.6852186918258667 0.6372009515762329
v -0.11627906560897827 -0.1403212696313858 0.922480583190918 0.670812726020813 0.6518430709838867 0.6040887832641602
v -0.11627906560897827 -0.1418527066707611 0.9379844665527344 0.639814555644989 0.6197337508201599 0.571196973323822
v -0.11627906560897827 -0.143043652176857 0.9534883499145508 0.5467177629470825 0.520797610282898 0.476519376039505
v -0.11627906560897827 -0.14354893565177917 0.9689922332763672 0.2341129183769226 0.2179071009159088 0.1943214386701584
v -0.11627906560897827 -0.13813860714435577 0.9844961166381836 0.04818212613463402 0.03926170989871025 0.04105323925614357
v -0.11627906560897827 -0.12440235912799835 0.7984496355056763 0.6888423562049866 0.663014829158783 0.629397988319397
v -0.11627906560897827 -0.1181989312171936 0.8139535188674927 0.6954665780067444 0.6760726571083069 0.6367906928062439
v -0.11627906560897827 -0.12560932338237762 0.8759689927101135 0.7378191351890564 0.7198226451873779 0.672304630279541
v -0.11627906560897827 -0.11000330746173859 0.8139535188674927 0.6827656626701355 0.6686683893203735 0.6262486577033997
v -0.11627906560897827 -0.10487274080514908 0.8759689331054688 0.6898229122161865 0.682575523853302 0.6336318254470825
v -0.11627905815839767 -0.08436513692140579 0.8139534592628479 0.6504160761833191 0.6457244157791138 0.5971388816833496
v -0.11627906560897827 -0.07212129235267639 0.8294574022293091 0.6428741216659546 0.6417087912559509 0.5940857529640198
v -0.11627906560897827 -0.07039841264486313 0.8604651689529419 0.6444070339202881 0.6448091864585876 0.6002370119094849
v -0.11627906560897827 -0.08389727771282196 0.8759689331054688 0.6580017805099487 0.6567730903625488 0.6110578775405884
v -0.11627906560897827 -0.06705047190189362 0.8449613451957703 0.6408385634422302 0.6408118605613708 0.5958335995674133
v -0.11627906560897827 0.12894803285598755 0.751937985420227 0.004708814900368452 0.0043051536194980145 0.005902198608964682
v -0.11627906560897827 0.13149778544902802 0.7674418687820435 0.015019036829471588 0.01227352861315012 0.014729410409927368
v -0.11627906560897827 0.12836909294128418 0.7829457521438599 0.4536513388156891 0.39856988191604614 0.38566234707832336
v -0.11627906560897827 0.12302853912115097 0.7984496355056763 0.696099579334259 0.6609860062599182 0.6388961672782898
v -0.11627906560897827 0.12071900069713593 0.8139535188674927 0.716388463973999 0.687018096446991 0.6593416929244995
v -0.11627907305955887 0.11874835193157196 0.8294574022293091 0.7206712961196899 0.6944794654846191 0.6639068722724915
v -0.11627906560897827 0.1179143562912941 0.8449612855911255 0.7186804413795471 0.6954411864280701 0.6624394655227661
v -0.11627906560897827 0.12001970410346985 0.8604651689529419 0.7241793870925903 0.7013505697250366 0.6667949557304382
v -0.11627906560897827 0.12694329023361206 0.8759689331054688 0.7327214479446411 0.7070639133453369 0.670071005821228
v -0.11627906560897827 0.13862626254558563 -0.9844961166381836 0.005480737425386906 0.004302831366658211 0.006021416280418634
v -0.11627906560897827 0.13224469125270844 -0.968992292881012 0.004653768613934517 0.004730628337711096 0.006121460348367691
v -0.11627906560897827 0.14613990485668182 0.751937985420227 0.0048150247894227505 0.004187988117337227 0.006390852853655815
v -0.11627906560897827 0.14594534039497375 0.8139535188674927 0.4615900218486786 0.4460724890232086 0.41973885893821716
v -0.11627906560897827 0.14471247792243958 0.8294574022293091 0.5626236796379089 0.5448089838027954 0.5085055232048035
v -0.11627906560897827 0.14310795068740845 0.8449612855911255 0.5859933495521545 0.5609142780303955 0.5205366611480713
v -0.11627906560897827 0.14052604138851166 0.8604651689529419 0.6283974647521973 0.5969811081886292 0.5526643395423889
v -0.11627906560897827 0.13584333658218384 0.8759689331054688 0.6775766015052795 0.6497631072998047 0.6039012670516968
v -0.11627906560897827 0.14714449644088745 0.9379844665527344 0.04687364399433136 0.038498491048812866 0.03611418977379799
v -0.11627906560897827 0.14425939321517944 0.9689922332763672 0.009382147341966629 0.007518605329096317 0.009071215987205505
v -0.11627906560897827 0.13784201443195343 0.9844961166381836 0.007529247086495161 0.006574639119207859 0.008817832916975021
v -0.11627907305955887 0.1478338986635208 0.7674418687820435 0.006930209696292877 0.005213385447859764 0.006910904310643673
v -0.11627907305955887 0.14761683344841003 0.7829458117485046 0.026094716042280197 0.021199723705649376 0.022548604756593704
v -0.11627906560897827 0.1473279595375061 0.7984496355056763 0.22566665709018707 0.21056853234767914 0.20619143545627594
v -0.11627906560897827 0.14732255041599274 0.9379844665527344 0.04410256817936897 0.03635382279753685 0.03431396186351776
v -0.11627906560897827 0.14805352687835693 0.9689922332763672 0.0067230332642793655 0.005739989690482616 0.007257937453687191
v -0.11627906560897827 0.15045058727264404 0.9844961166381836 0.004649253562092781 0.004055595491081476 0.005601047538220882
v -0.10077518224716187 -0.15009650588035583 0.751937985420227 0.007542251143604517 0.005897609516978264 0.008418776094913483
v -0.10077518224716187 -0.15035480260849 0.7674418687820435 0.01753552258014679 0.013436155393719673 0.015156115405261517
v -0.10077518224716187 -0.14958295226097107 0.7829457521438599 0.4409838318824768 0.434231698513031 0.4243590831756592
v -0.10077518224716187 -0.1493355631828308 0.7984496355056763 0.7271081209182739 0.728613018989563 0.6933655142784119
v -0.10077518224716187 -0.14922910928726196 0.8139535188674927 0.7601122856140137 0.7606813311576843 0.7208262085914612
v -0.10077518224716187 -0.14915089309215546 0.8294574022293091 0.7754636406898499 0.7757773995399475 0.7338746190071106
v -0.10077518224716187 -0.14912420511245728 0.8449612855911255 0.7810333967208862 0.7812601327896118 0.7385291457176208
v -0.10077518224716187 -0.1492244005203247 0.8604651689529419 0.7828117609024048 0.7828251719474792 0.7393168210983276
v -0.10077518224716187 -0.1494431346654892 0.8759689331054688 0.7777548432350159 0.7777306437492371 0.7335000038146973
v -0.10077518224716187 -0.14955705404281616 0.8914728164672852 0.7618168592453003 0.7620250582695007 0.7175803780555725
v -0.10077518224716187 -0.14988172054290771 0.9069766998291016 0.7267081141471863 0.7293084859848022 0.6855558753013611
v -0.10077518224716187 -0.15032418072223663 0.922480583190918 0.681498110294342 0.6865673661231995 0.6439700126647949
v -0.10077518224716187 -0.15045958757400513 0.9379844665527344 0.6475206613540649 0.6495171785354614 0.6082366704940796
v -0.10077518224716187 -0.15088975429534912 0.9534883499145508 0.5163111686706543 0.5098066329956055 0.48361271619796753
v -0.10077518224716187 -0.15111154317855835 0.9689922332763672 0.11344821751117706 0.10238786786794662 0.10519889742136002
v -0.10077518224716187 -0.15483823418617249 0.9844961166381836 0.007880385965108871 0.006541126873344183 0.008319180458784103
v -0.10077518224716187 -0.13774599134922028 -0.9844961166381836 0.005385885015130043 0.004314236342906952 0.006430760491639376
v -0.10077518224716187 -0.13246667385101318 -0.9689922332763672 0.004932355601340532 0.0051135956309735775 0.006885046139359474
v -0.10077518224716187 -0.14295412600040436 0.751937985420227 0.00880561675876379 0.006980579812079668 0.00952171627432108
v -0.10077518224716187 -0.14168225228786469 0.7674418687820435 0.03841546177864075 0.03101506270468235 0.032642997801303864
v -0.10077518224716187 -0.13737155497074127 0.9069766998291016 0.7807142734527588 0.7657561302185059 0.7132676839828491
v -0.10077518224716187 -0.14013469219207764 0.922480583190918 0.7517901062965393 0.7382856011390686 0.6841909289360046
v -0.10077518224716187 -0.1422235667705536 0.9379845261573792 0.7203287482261658 0.706957995891571 0.6521862745285034
v -0.10077518224716187 -0.14320984482765198 0.9534883499145508 0.6413617134094238 0.6235355138778687 0.5738711953163147
v -0.10077518969774246 -0.1437816619873047 0.9689922332763672 0.3286261260509491 0.31139758229255676 0.281047523021698
v -0.10077518224716187 -0.13930951058864594 0.9844961166381836 0.04819045215845108 0.04045446217060089 0.041192810982465744
v -0.10077518224716187 -0.13136880099773407 0.7829458117485046 0.6848397850990295 0.6426010131835938 0.6180900931358337
v -0.10077518224716187 -0.12580066919326782 0.7984496355056763 0.7555047273635864 0.7267552614212036 0.6878246665000916
v -0.10077518224716187 -0.12305761873722076 0.8139535188674927 0.7686830759048462 0.7424101829528809 0.7016165852546692
v -0.10077518224716187 -0.12124751508235931 0.8294574022293091 0.7737201452255249 0.7484328150749207 0.7058166861534119
v -0.10077518224716187 -0.12063205987215042 0.8449612855911255 0.7788388729095459 0.7551497220993042 0.7105277180671692
v -0.10077518224716187 -0.12235528230667114 0.8604651689529419 0.7868595719337463 0.764139711856842 0.7180213332176208
v -0.10077518224716187 -0.12589362263679504 0.8759689331054688 0.7921798825263977 0.770129382610321 0.722683310508728
v -0.10077518969774246 -0.1313011646270752 0.8914728760719299 0.7945238947868347 0.7745155692100525 0.7247642278671265
v -0.10077518224716187 0.13059823215007782 0.751937985420227 0.006573357153683901 0.005628899205476046 0.0075425137765705585
v -0.10077518224716187 0.13026545941829681 0.7674418687820435 0.04956834390759468 0.041778359562158585 0.04252653941512108
v -0.10077518224716187 0.1278674453496933 0.7829457521438599 0.6815963983535767 0.6284844279289246 0.6042667627334595
v -0.10077518224716187 0.12518885731697083 0.7984496355056763 0.7836737632751465 0.7513379454612732 0.717971920967102
v -0.10077518224716187 0.12392061203718185 0.8139535188674927 0.7968984246253967 0.7684046626091003 0.7345256209373474
v -0.10077518224716187 0.12283731251955032 0.8294574022293091 0.8041474223136902 0.7771565318107605 0.7433851957321167
v -0.10077518224716187 0.12243259698152542 0.8449612855911255 0.805263102054596 0.7793653607368469 0.7454237341880798
v -0.10077518224716187 0.12382645905017853 0.8604651689529419 0.8075307011604309 0.7837813496589661 0.7482327818870544
v -0.10077518224716187 0.12694720923900604 0.8759689331054688 0.8085789680480957 0.7863311767578125 0.7478522062301636
v -0.10077518224716187 0.13884368538856506 -0.9844961166381836 0.005880225449800491 0.0046398271806538105 0.006408794317394495
v -0.10077518224716187 0.13246355950832367 -0.9689922332763672 0.005477642174810171 0.005379367619752884 0.0067430525086820126
v -0.10077518224716187 0.14724068343639374 0.8294574022293091 0.7482134699821472 0.7424032092094421 0.7010814547538757
v -0.10077518224716187 0.1450766921043396 0.8449612855911255 0.7737135291099548 0.7697760462760925 0.7286023497581482
v -0.10077518224716187 0.14285676181316376 0.8604651689529419 0.7873766422271729 0.7817267179489136 0.7412164807319641
v -0.10077518224716187 0.1404840499162674 0.8759689331054688 0.7897534966468811 0.7805619835853577 0.7382599711418152
v -0.10077518224716187 0.1455778032541275 0.9379844665527344 0.33426034450531006 0.29903727769851685 0.26401740312576294
v -0.10077518224716187 0.1455792486667633 0.9534883499145508 0.060585867613554 0.047894738614559174 0.044995687901973724
v -0.10077518224716187 0.14295253157615662 0.9689922332763672 0.014099848456680775 0.011229411698877811 0.01277936901897192
v -0.10077518224716187 0.13983114063739777 0.9844961166381836 0.006770011503249407 0.0058918544091284275 0.008089015260338783
v -0.10077518224716187 0.14741045236587524 0.751937985420227 0.005742448382079601 0.004877930041402578 0.007138350512832403
v -0.10077517479658127 0.14821524918079376 0.7674418091773987 0.010235664434731007 0.007655887398868799 0.009515495039522648
v -0.10077518224716187 0.14787885546684265 0.7829457521438599 0.15653778612613678 0.13460871577262878 0.13434073328971863
v -0.10077518224716187 0.1475919485092163 0.7984496355056763 0.6239786148071289 0.6056099534034729 0.5666514039039612
v -0.10077518224716187 0.14749622344970703 0.8139535188674927 0.7215319275856018 0.7126749157905579 0.6701810956001282
v -0.10077518224716187 0.1477527916431427 0.9379844069480896 0.2382914274930954 0.21279850602149963 0.1946078985929489
v -0.10077518224716187 0.1478179395198822 0.9534883499145508 0.03679288923740387 0.029792308807373047 0.030009513720870018
v -0.10077518224716187 0.14859841763973236 0.9689922332763672 0.008150274865329266 0.006922281812876463 0.00868634320795536
v -0.10077518224716187 0.15108861029148102 0.9844961166381836 0.004832131788134575 0.004303921479731798 0.005998730193823576
v -0.08527129888534546 -0.15060067176818848 0.751937985420227 0.009619343094527721 0.007364149671047926 0.009938754141330719
v -0.08527129888534546 -0.1503792107105255 0.7674418687820435 0.03156730905175209 0.02490340918302536 0.02718590758740902
v -0.08527129888534546 -0.1497897058725357 0.7829457521438599 0.5983439087867737 0.6001129746437073 0.5780028104782104
v -0.08527129888534546 -0.1496662050485611 0.7984496355056763 0.7629387974739075 0.7643404006958008 0.72662353515625
v -0.08527129888534546 -0.14959798753261566 0.8139535188674927 0.7850055694580078 0.78549724817276 0.7449630498886108
v -0.08527129888534546 -0.14950890839099884 0.8294574022293091 0.795479416847229 0.7957789897918701 0.7540541291236877
v -0.08527129888534546 -0.1494448035955429 0.8449612855911255 0.7998815774917603 0.8000625967979431 0.7576411962509155
v -0.08527129888534546 -0.14946360886096954 0.8604651689529419 0.8022951483726501 0.8021791577339172 0.7590236663818359
v -0.08527129888534546 -0.14956369996070862 0.8759689331054688 0.7994922399520874 0.7991932034492493 0.7554988861083984
v -0.08527129888534546 -0.14948521554470062 0.8914728164672852 0.7910861372947693 0.7907484173774719 0.7463952302932739
v -0.08527129888534546 -0.1496795415878296 0.9069766998291016 0.7689988017082214 0.7696399688720703 0.7246526479721069
v -0.08527129888534546 -0.15012767910957336 0.922480583190918 0.7402147650718689 0.7429529428482056 0.6978986859321594
v -0.08527129888534546 -0.15036267042160034 0.9379844665527344 0.7120060324668884 0.7152619957923889 0.6713597774505615
v -0.08527129888534546 -0.1509501039981842 0.9534883499145508 0.5950786471366882 0.5966612696647644 0.5658396482467651
v -0.08527129888534546 -0.1512935310602188 0.9689922332763672 0.14536446332931519 0.1378544718027115 0.14263220131397247
v -0.08527129888534546 -0.15473799407482147 0.9844961166381836 0.008230630308389664 0.0069467443972826 0.008808953687548637
v -0.08527129888534546 -0.1378965824842453 -0.9844961166381836 0.0054723299108445644 0.004436484072357416 0.00653862114995718
v -0.08527129888534546 -0.13239721953868866 -0.9689922332763672 0.00535815954208374 0.005486032459884882 0.007212595548480749
v -0.08527129888534546 -0.14259281754493713 0.751937985420227 0.012750895693898201 0.010014613159000874 0.012724007479846478
v -0.08527129888534546 -0.14086775481700897 0.7674418687820435 0.08071183413267136 0.06842638552188873 0.06762854009866714
v -0.08527129888534546 -0.13778990507125854 0.922480583190918 0.79021817445755 0.7781503796577454 0.7251506447792053
v -0.08527129888534546 -0.14162126183509827 0.9379844069480896 0.757739245891571 0.7489268779754639 0.6938679814338684
v -0.08527129888534546 -0.14293359220027924 0.9534883499145508 0.6817383766174316 0.671319842338562 0.6206653118133545
v -0.08527129888534546 -0.14364849030971527 0.9689922332763672 0.36932817101478577 0.35867807269096375 0.32785680890083313
v -0.08527129888534546 -0.13961392641067505 0.9844961166381836 0.0438777431845665 0.03879101946949959 0.039522379636764526
v -0.08527129888534546 -0.12909483909606934 0.7829457521438599 0.7320120930671692 0.695591926574707 0.6633833050727844
v -0.08527129888534546 -0.12373574078083038 0.7984496355056763 0.7872160077095032 0.7604090571403503 0.7177462577819824
v -0.08527129888534546 -0.12114343047142029 0.8139535188674927 0.7981156706809998 0.7726923227310181 0.729533314704895
v -0.08527129888534546 -0.11963417381048203 0.8294574022293091 0.8034167289733887 0.7782707810401917 0.7339073419570923
v -0.08527129888534546 -0.11903765052556992 0.8449612855911255 0.8072882890701294 0.7834089994430542 0.7374725937843323
v -0.08527129888534546 -0.1204271912574768 0.8604651689529419 0.8126041889190674 0.7902701497077942 0.7430456876754761
v -0.08527129888534546 -0.12311457097530365 0.8759689331054688 0.8156853914260864 0.7945095300674438 0.7469608187675476
v -0.08527130633592606 -0.1276802271604538 0.8914728760719299 0.8158357739448547 0.797062337398529 0.7493074536323547
v -0.08527129888534546 -0.13123410940170288 0.9069767594337463 0.8092045783996582 0.7915821075439453 0.7426896691322327
v -0.08527129888534546 0.1305890530347824 0.751937985420227 0.010776904411613941 0.008702455088496208 0.011244702152907848
v -0.08527129888534546 0.12941581010818481 0.7674418687820435 0.1886923611164093 0.1591874361038208 0.14728127419948578
v -0.08527129888534546 0.12697231769561768 0.7829457521438599 0.7758724093437195 0.7405015826225281 0.70575350522995
v -0.08527129888534546 0.12484248727560043 0.7984496355056763 0.8180722594261169 0.7942154407501221 0.7570003867149353
v -0.08527129888534546 0.12365990877151489 0.8139535188674927 0.8246929049491882 0.8034154772758484 0.7671951651573181
v -0.08527129888534546 0.12256553024053574 0.8294574022293091 0.8305202722549438 0.8105674386024475 0.7748557329177856
v -0.08527129888534546 0.12203804403543472 0.8449613451957703 0.8335140347480774 0.8147696256637573 0.7791334390640259
v -0.08527129888534546 0.12329201400279999 0.8604651689529419 0.8358774781227112 0.8192330598831177 0.7832684516906738
v -0.08527129888534546 0.12564271688461304 0.8759689331054688 0.8362867832183838 0.8213188052177429 0.7848043441772461
v -0.08527129888534546 0.12970635294914246 0.8914728164672852 0.8343236446380615 0.8222072720527649 0.7833117246627808
v -0.08527129888534546 0.13896521925926208 -0.9844961166381836 0.006125112995505333 0.004837976768612862 0.0066017089411616325
v -0.08527130633592606 0.13262434303760529 -0.9689922332763672 0.005960637703537941 0.005747938994318247 0.006998530123382807
v -0.08527129888534546 0.14624741673469543 0.8449612855911255 0.8099050521850586 0.8109574913978577 0.7766199707984924
v -0.08527129888534546 0.14455963671207428 0.8604651689529419 0.8188470005989075 0.8205334544181824 0.7873159050941467
v -0.08527129888534546 0.14314338564872742 0.8759689331054688 0.8195463418960571 0.8205356001853943 0.7860010862350464
v -0.08527129888534546 0.13881969451904297 0.8914728164672852 0.8247907161712646 0.8226935267448425 0.7842453122138977
v -0.08527129888534546 0.14552205801010132 0.9379844665527344 0.6181865930557251 0.5926159024238586 0.5341574549674988
v -0.08527129888534546 0.14524276554584503 0.9534883499145508 0.16056136786937714 0.13364343345165253 0.12026028335094452
v -0.08527129888534546 0.14295174181461334 0.9689922332763672 0.019443349912762642 0.015298468992114067 0.01648459956049919
v -0.08527129888534546 0.1407673954963684 0.9844961166381836 0.006774133071303368 0.005734630394726992 0.007868788205087185
v -0.08527129888534546 0.14766784012317657 0.751937985420227 0.0070991055108606815 0.005768307950347662 0.00816040113568306
v -0.08527129888534546 0.14833968877792358 0.7674418687820435 0.017555853351950645 0.01339009590446949 0.01579228788614273
v -0.08527130633592606 0.1478152573108673 0.7829457521438599 0.47948306798934937 0.4387349486351013 0.4140010476112366
v -0.08527129888534546 0.14754484593868256 0.7984496355056763 0.7537133097648621 0.7425086498260498 0.6968945264816284
v -0.08527129888534546 0.1475190967321396 0.8139535188674927 0.7837375402450562 0.7788539528846741 0.7380967140197754
v -0.08527129888534546 0.14739234745502472 0.8294574022293091 0.798406720161438 0.7970009446144104 0.7608675360679626
v -0.08527129888534546 0.14766690135002136 0.9379844665527344 0.5446293354034424 0.5162843465805054 0.4693622291088104
v -0.08527129888534546 0.14789094030857086 0.9534883499145508 0.09080120921134949 0.07616356760263443 0.07427404075860977
v -0.08527129888534546 0.1487448513507843 0.9689922332763672 0.009769880212843418 0.008189192973077297 0.010133647359907627
v -0.08527129888534546 0.15120674669742584 0.9844961166381836 0.004969589877873659 0.0044013941660523415 0.006175808142870665
v -0.06976741552352905 -0.15073901414871216 0.751937985420227 0.010034765116870403 0.007632811088114977 0.010324716567993164
v -0.06976741552352905 -0.150393545627594 0.7674418687820435 0.032370131462812424 0.0256098173558712 0.02787383645772934
v -0.06976741552352905 -0.14984804391860962 0.7829457521438599 0.5890561938285828 0.5927543640136719 0.5712911486625671
v -0.06976741552352905 -0.14972232282161713 0.7984496355056763 0.7562232613563538 0.7586408257484436 0.72171950340271
v -0.06976741552352905 -0.1496334820985794 0.8139535188674927 0.780116617679596 0.7810499668121338 0.741049587726593
v -0.06976741552352905 -0.149522602558136 0.8294574022293091 0.7918584942817688 0.7923226356506348 0.7508367300033569
v -0.06976741552352905 -0.14942391216754913 0.8449612855911255 0.7968826293945312 0.7971459031105042 0.7545162439346313
v -0.06976741552352905 -0.14939413964748383 0.8604651689529419 0.8000090718269348 0.7998939156532288 0.756106972694397
v -0.06976741552352905 -0.14943864941596985 0.8759689331054688 0.7980198860168457 0.797656238079071 0.753024160861969
v -0.06976741552352905 -0.14928807318210602 0.8914728164672852 0.7903410792350769 0.789745032787323 0.7445902228355408
v -0.06976741552352905 -0.14948754012584686 0.9069766998291016 0.7704658508300781 0.770762026309967 0.7248120903968811
v -0.06976741552352905 -0.1499968320131302 0.922480583190918 0.7414413690567017 0.7440357208251953 0.6987099647521973
v -0.06976741552352905 -0.15025706589221954 0.9379844665527344 0.7153454422950745 0.7188045382499695 0.6752443313598633
v -0.06976741552352905 -0.1509038656949997 0.9534883499145508 0.594266951084137 0.5972427725791931 0.5684952735900879
v -0.06976741552352905 -0.15138500928878784 0.9689922332763672 0.1444656103849411 0.13910098373889923 0.14515197277069092
v -0.06976741552352905 -0.1547059863805771 0.9844961166381836 0.00838332250714302 0.007171149831265211 0.009068198502063751
v -0.06976741552352905 -0.137753427028656 -0.9844961166381836 0.005432795733213425 0.004459273535758257 0.006542309653013945
v -0.06976741552352905 -0.13226836919784546 -0.9689922332763672 0.005509537179023027 0.0055838231928646564 0.007322727702558041
v -0.06976741552352905 -0.14274568855762482 0.751937985420227 0.012796713039278984 0.010085685178637505 0.012945153750479221
v -0.06976741552352905 -0.1415298581123352 0.7674418687820435 0.06846939772367477 0.05777160823345184 0.05787202715873718
v -0.06976741552352905 -0.13808129727840424 0.922480583190918 0.7915471792221069 0.7815865874290466 0.7276830077171326
v -0.06976741552352905 -0.14177705347537994 0.9379844665527344 0.7604975700378418 0.7532134056091309 0.6981992125511169
v -0.06976741552352905 -0.1429561972618103 0.9534883499145508 0.6783246397972107 0.6694489121437073 0.6204864382743835
v -0.06976741552352905 -0.1436554193496704 0.9689922332763672 0.3570706248283386 0.34814491868019104 0.3205837607383728
v -0.06976741552352905 -0.13983505964279175 0.9844961166381836 0.04220593348145485 0.03797952085733414 0.038545139133930206
v -0.06976741552352905 -0.13013789057731628 0.7829457521438599 0.7230970859527588 0.6910417079925537 0.658844530582428
v -0.06976741552352905 -0.1229851022362709 0.7984496355056763 0.7881212830543518 0.7626013159751892 0.7195890545845032
v -0.06976741552352905 -0.119106724858284 0.8139535188674927 0.7994760274887085 0.7748944759368896 0.7318297624588013
v -0.06976741552352905 -0.11705315858125687 0.8294574022293091 0.804942786693573 0.7806441783905029 0.7365164756774902
v -0.06976741552352905 -0.1182311624288559 0.8604651689529419 0.8151335716247559 0.7941668033599854 0.7476672530174255
v -0.06976741552352905 -0.12182830274105072 0.8759689331054688 0.820112407207489 0.8011597394943237 0.7547481060028076
v -0.06976741552352905 -0.12740850448608398 0.8914728164672852 0.8194271326065063 0.8032019734382629 0.7557612657546997
v -0.06976741552352905 -0.13146445155143738 0.9069766998291016 0.813062310218811 0.7985430359840393 0.7486691474914551
v -0.06976740807294846 -0.11622457206249237 0.8449612855911255 0.8087296485900879 0.7856861352920532 0.7402318120002747
v -0.06976741552352905 0.13042303919792175 0.751937985420227 0.014719367027282715 0.011690751649439335 0.014744519256055355
v -0.06976741552352905 0.12904685735702515 0.7674418687820435 0.3263106048107147 0.27915868163108826 0.2553412616252899
v -0.06976741552352905 0.12677377462387085 0.7829457521438599 0.7963796257972717 0.7683342695236206 0.7317596673965454
v -0.06976741552352905 0.1249937117099762 0.7984496355056763 0.8249796032905579 0.8051534295082092 0.7681002616882324
v -0.06976741552352905 0.12389512360095978 0.8139535188674927 0.8276101350784302 0.8099914789199829 0.7747678756713867
v -0.06976741552352905 0.12246625125408173 0.8294574022293091 0.8325109481811523 0.8165032863616943 0.7833297252655029
v -0.06976741552352905 0.12164938449859619 0.8449612855911255 0.8374869227409363 0.8230370879173279 0.7907576560974121
v -0.06976741552352905 0.12341389060020447 0.8604651689529419 0.8419014811515808 0.8301486968994141 0.7982380986213684
v -0.06976741552352905 0.1262110471725464 0.8759689331054688 0.8420724868774414 0.8321436047554016 0.7996810674667358
v -0.06976741552352905 0.13010923564434052 0.8914728164672852 0.8392688632011414 0.8313971757888794 0.795364260673523
v -0.06976741552352905 0.1389300674200058 -0.9844961166381836 0.006196614354848862 0.004925061948597431 0.006689127534627914
v -0.06976741552352905 0.132719486951828 -0.9689922332763672 0.006175026297569275 0.005881131626665592 0.007060118019580841
v -0.06976741552352905 0.14724449813365936 0.8294574022293091 0.805351734161377 0.8044224381446838 0.7698675394058228
v -0.06976741552352905 0.14571517705917358 0.8449612855911255 0.8198062181472778 0.8216660022735596 0.789369523525238
v -0.06976741552352905 0.1441003829240799 0.8604651689529419 0.8288196921348572 0.8313742876052856 0.8000717163085938
v -0.06976741552352905 0.14250892400741577 0.8759689331054688 0.8299506902694702 0.8319013714790344 0.7992750406265259
v -0.06976741552352905 0.13776370882987976 0.8914728164672852 0.8349699378013611 0.8343881368637085 0.7980660200119019
v -0.06976741552352905 0.14624102413654327 0.9379844665527344 0.6675779819488525 0.6481611728668213 0.5900614261627197
v -0.06976741552352905 0.14525045454502106 0.9534883499145508 0.24405623972415924 0.2096690982580185 0.1872568130493164
v -0.06976741552352905 0.14306476712226868 0.9689922332763672 0.024962622672319412 0.019702965393662453 0.02045140415430069
v -0.06976741552352905 0.14118990302085876 0.9844961166381836 0.007218244951218367 0.006090341601520777 0.008184700272977352
v -0.06976741552352905 0.1478523313999176 0.751937985420227 0.008309692144393921 0.006598642095923424 0.009086751379072666
v -0.06976741552352905 0.14834359288215637 0.7674418687820435 0.027289578691124916 0.021209288388490677 0.024285664781928062
v -0.06976741552352905 0.14777202904224396 0.7829458117485046 0.59904545545578 0.5633561611175537 0.5237185955047607
v -0.06976741552352905 0.14744193851947784 0.7984496355056763 0.7784633040428162 0.7693449258804321 0.7263837456703186
v -0.06976741552352905 0.14739461243152618 0.8139535188674927 0.7955142259597778 0.7913879156112671 0.752755880355835
v -0.06976742297410965 0.14748694002628326 0.9379844665527344 0.6404193043708801 0.6193299889564514 0.5650891065597534
v -0.06976741552352905 0.14786316454410553 0.9534883499145508 0.15382952988147736 0.13276523351669312 0.12679238617420197
v -0.06976741552352905 0.14879068732261658 0.9689922332763672 0.011835159733891487 0.009878361597657204 0.011962384916841984
v -0.06976741552352905 0.15122021734714508 0.9844960570335388 0.005152356345206499 0.004522731062024832 0.00633301492780447
v -0.05426359176635742 -0.15047121047973633 0.751937985420227 0.009979781694710255 0.007631842978298664 0.010409940965473652
v -0.05426359176635742 -0.15025672316551208 0.7674418687820435 0.02695830725133419 0.021421244367957115 0.023028766736388206
v -0.05426359176635742 -0.14982345700263977 0.7829457521438599 0.5143716931343079 0.5178610682487488 0.502444863319397
v -0.05426359176635742 -0.14959247410297394 0.7984496355056763 0.7292856574058533 0.7334620356559753 0.6988250017166138
v -0.05426359176635742 -0.1494666039943695 0.8139535188674927 0.7638521790504456 0.7655389308929443 0.7263128757476807
v -0.05426359176635742 -0.14933912456035614 0.8294574022293091 0.7791131734848022 0.7799328565597534 0.7387412190437317
v -0.05426359176635742 -0.14920398592948914 0.8449612855911255 0.7864112257957458 0.786858320236206 0.7442187666893005
v -0.05426359176635742 -0.1491250842809677 0.8604651689529419 0.7910468578338623 0.7910154461860657 0.7468094825744629
v -0.05426359176635742 -0.14914578199386597 0.8759689331054688 0.7889689207077026 0.7886764407157898 0.7433754801750183
v -0.05426359176635742 -0.14900140464305878 0.8914728164672852 0.7811899185180664 0.7806413173675537 0.7347117066383362
v -0.05426359176635742 -0.14930877089500427 0.9069766998291016 0.7575140595436096 0.7585447430610657 0.7123936414718628
v -0.05426359176635742 -0.1499461829662323 0.922480583190918 0.7232382297515869 0.7276536822319031 0.6833590865135193
v -0.05426359176635742 -0.15017785131931305 0.9379844665527344 0.6895620226860046 0.6946200132369995 0.6533345580101013
v -0.05426359176635742 -0.15079526603221893 0.9534883499145508 0.5442230701446533 0.5467643737792969 0.5250920653343201
v -0.05426359176635742 -0.1514337807893753 0.9689922332763672 0.12242983281612396 0.11832335591316223 0.12446833401918411
v -0.05426359176635742 -0.15459232032299042 0.9844961166381836 0.008200698532164097 0.007076824549585581 0.008911902084946632
v -0.05426359176635742 -0.13717631995677948 -0.9844961166381836 0.005452333949506283 0.00450393371284008 0.006578291766345501
v -0.05426359176635742 -0.13220559060573578 -0.9689922332763672 0.005647728685289621 0.005657195579260588 0.007455445826053619
v -0.05426359176635742 -0.14393998682498932 0.751937985420227 0.011623016558587551 0.009146058931946754 0.011995726265013218
v -0.05426359176635742 -0.14360609650611877 0.7674418687820435 0.043848708271980286 0.035903237760066986 0.0372038409113884
v -0.05426359176635742 -0.13977664709091187 0.7829457521438599 0.6349185705184937 0.6246209144592285 0.5913523435592651
v -0.05426359176635742 -0.1395450234413147 0.9069766998291016 0.8006044030189514 0.7937020659446716 0.7421066164970398
v -0.05426359176635742 -0.14124056696891785 0.922480583190918 0.7724215984344482 0.7660748362541199 0.7129949927330017
v -0.05426359176635742 -0.14295673370361328 0.9379844665527344 0.7442200779914856 0.7381215691566467 0.6855836510658264
v -0.05426359176635742 -0.14351055026054382 0.9534883499145508 0.6465039849281311 0.6372444033622742 0.5933882594108582
v -0.05426358804106712 -0.14409048855304718 0.9689921736717224 0.31693434715270996 0.30740025639533997 0.28718283772468567
v -0.05426359176635742 -0.14048653841018677 0.9844961166381836 0.03707513213157654 0.032962627708911896 0.033941686153411865
v -0.05426359176635742 -0.12961618602275848 0.7984496355056763 0.7721495628356934 0.7510887384414673 0.7086965441703796
v -0.05426359176635742 -0.12383314967155457 0.8139535188674927 0.7904871106147766 0.768843948841095 0.7265515923500061
v -0.05426359176635742 -0.1197780966758728 0.8294574022293091 0.7965986132621765 0.7748323678970337 0.7325124144554138
v -0.05426359176635742 -0.11785890907049179 0.8449612855911255 0.8012083768844604 0.7807885408401489 0.7376085519790649
v -0.05426359176635742 -0.12050973623991013 0.8604651689529419 0.8110520839691162 0.7934153079986572 0.7485489249229431
v -0.05426359176635742 -0.12503495812416077 0.8759689331054688 0.8161042332649231 0.80086749792099 0.7546173334121704
v -0.05426359176635742 -0.1310122311115265 0.8914728164672852 0.8166537880897522 0.8043724298477173 0.7557920217514038
v -0.05426359176635742 0.13068616390228271 0.751937985420227 0.0171376783400774 0.013509606942534447 0.016715360805392265
v -0.05426359176635742 0.12927934527397156 0.7674418687820435 0.3329217731952667 0.2872144281864166 0.2614523470401764
v -0.05426359176635742 0.12776319682598114 0.7829457521438599 0.7873100638389587 0.7614328861236572 0.7242752313613892
v -0.05426359176635742 0.12666431069374084 0.7984496355056763 0.8231185674667358 0.8051612377166748 0.7686894536018372
v -0.05426359176635742 0.12602175772190094 0.8139535188674927 0.827650249004364 0.8129794001579285 0.7792158126831055
v -0.05426359176635742 0.12501323223114014 0.8294574022293091 0.8311102390289307 0.8188012838363647 0.7886289954185486
v -0.05426359176635742 0.12445387244224548 0.8449612855911255 0.8353378176689148 0.8246551156044006 0.7968375086784363
v -0.05426359176635742 0.1263093203306198 0.8604651689529419 0.8402693867683411 0.8321651816368103 0.8042216300964355
v -0.05426359176635742 0.1288299560546875 0.8759689331054688 0.8395043611526489 0.8328390121459961 0.8025433421134949
v -0.05426359176635742 0.13868403434753418 -0.9844961166381836 0.006233746185898781 0.004992411006242037 0.006777897942811251
v -0.05426359549164772 0.13280795514583588 -0.968992292881012 0.0062743122689425945 0.005913964007049799 0.007097974419593811
v -0.05426359176635742 0.1453830748796463 0.8449612855911255 0.8177178502082825 0.8201869130134583 0.7876546382904053
v -0.05426359176635742 0.14309406280517578 0.8604651689529419 0.8277163505554199 0.8304029703140259 0.7989540100097656
v -0.05426359176635742 0.1403229534626007 0.8759689331054688 0.831629753112793 0.8330235481262207 0.8002885580062866
v -0.05426359176635742 0.14682692289352417 0.9379844665527344 0.6313871145248413 0.6117745637893677 0.5586809515953064
v -0.05426359176635742 0.145208939909935 0.9534883499145508 0.22827516496181488 0.1991390585899353 0.17773719131946564
v -0.05426359176635742 0.1433088630437851 0.9689922332763672 0.02506941929459572 0.02031802572309971 0.020896539092063904
v -0.05426359176635742 0.14184416830539703 0.9844961166381836 0.007254600990563631 0.006209265440702438 0.008382555097341537
v -0.05426359549164772 0.14795316755771637 0.751937985420227 0.008994213305413723 0.007096823304891586 0.009514342062175274
v -0.05426359176635742 0.14842234551906586 0.7674418687820435 0.03170626983046532 0.025097573176026344 0.027778545394539833
v -0.05426359176635742 0.1478678435087204 0.7829457521438599 0.6006399393081665 0.5674459338188171 0.5266696214675903
v -0.05426359176635742 0.1474757045507431 0.7984495759010315 0.775858998298645 0.7669886946678162 0.7254295945167542
v -0.05426359176635742 0.14743229746818542 0.8139535188674927 0.7956600785255432 0.7920637726783752 0.7546482682228088
v -0.05426359176635742 0.14729340374469757 0.8294574022293091 0.8037368059158325 0.803185224533081 0.7692010998725891
v -0.05426359176635742 0.14740949869155884 0.9379844665527344 0.6248545050621033 0.6045370697975159 0.5530511736869812
v -0.05426359176635742 0.14800547063350677 0.9534883499145508 0.12776735424995422 0.11178148537874222 0.10769598186016083
v -0.05426359176635742 0.1490245908498764 0.9689922332763672 0.012341105379164219 0.010471640154719353 0.01249883882701397
v -0.05426359176635742 0.1513768583536148 0.9844961166381836 0.005200227722525597 0.004578329157084227 0.006368699017912149
v -0.038759708404541016 -0.15020906925201416 0.751937985420227 0.010576477274298668 0.008116725832223892 0.010802076198160648
v -0.038759708404541016 -0.15003211796283722 0.7674418687820435 0.027707722038030624 0.022236593067646027 0.02326999045908451
v -0.038759708404541016 -0.14984005689620972 0.7829457521438599 0.4736725986003876 0.47787588834762573 0.4640999436378479
v -0.038759708404541016 -0.14948375523090363 0.7984496355056763 0.7101137638092041 0.7154907584190369 0.6813141107559204
v -0.038759708404541016 -0.14936281740665436 0.8139535188674927 0.7516355514526367 0.7540765404701233 0.7149880528450012
v -0.038759708404541016 -0.14925657212734222 0.8294574022293091 0.7704476714134216 0.7717664241790771 0.7306151390075684
v -0.038759708404541016 -0.14911560714244843 0.8449612855911255 0.7802051305770874 0.7810459136962891 0.7382928133010864
v -0.038759708404541016 -0.1490091234445572 0.8604651689529419 0.7853937745094299 0.7858637571334839 0.7414862513542175
v -0.038759708404541016 -0.14901944994926453 0.8759689331054688 0.7828254103660583 0.7832120060920715 0.7377246022224426
v -0.038759708404541016 -0.148875892162323 0.8914728164672852 0.7734566330909729 0.7738611698150635 0.7277810573577881
v -0.038759708404541016 -0.14921358227729797 0.9069766998291016 0.7470508217811584 0.7494150996208191 0.7035180926322937
v -0.038759708404541016 -0.14986346662044525 0.922480583190918 0.7093515396118164 0.714562177658081 0.6702038645744324
v -0.038759708404541016 -0.15015825629234314 0.9379844665527344 0.6602009534835815 0.6679405570030212 0.6275094747543335
v -0.038759708404541016 -0.1507055163383484 0.9534883499145508 0.48032230138778687 0.48523348569869995 0.4697093963623047
v -0.038759708404541016 -0.15143521130084991 0.9689922332763672 0.09791068732738495 0.09528689831495285 0.10127881914377213
v -0.038759708404541016 -0.15422484278678894 0.9844961166381836 0.007946593686938286 0.006902106571942568 0.00862832646816969
v -0.038759708404541016 -0.13664701581001282 -0.9844961166381836 0.005453524645417929 0.004494424443691969 0.006566820666193962
v -0.038759708404541016 -0.1322619765996933 -0.9689922332763672 0.005664640571922064 0.005666825454682112 0.0075024887919425964
v -0.038759708404541016 -0.14476393163204193 0.751937985420227 0.012301911599934101 0.009515826590359211 0.0123495664447546
v -0.038759708404541016 -0.14458706974983215 0.7674418687820435 0.042990583926439285 0.03416149690747261 0.035753682255744934
v -0.038759708404541016 -0.14268581569194794 0.7829457521438599 0.5793440341949463 0.5705423355102539 0.5427550077438354
v -0.038759708404541016 -0.13750024139881134 0.7984496355056763 0.7585299015045166 0.7460726499557495 0.7033708095550537
v -0.038759708404541016 -0.1377311497926712 0.8914728164672852 0.8097059726715088 0.8034674525260925 0.7554717063903809
v -0.038759708404541016 -0.14239488542079926 0.9069766998291016 0.7872004508972168 0.783358633518219 0.7346291542053223
v -0.038759708404541016 -0.14313258230686188 0.922480583190918 0.7618767619132996 0.7579765319824219 0.7081230282783508
v -0.038759708404541016 -0.14388088881969452 0.9379844665527344 0.7245507836341858 0.7197819948196411 0.6700695157051086
v -0.038759708404541016 -0.14427398145198822 0.9534883499145508 0.5978759527206421 0.5887585282325745 0.5503538250923157
v -0.038759708404541016 -0.14466166496276855 0.9689922332763672 0.25988927483558655 0.250986248254776 0.2369834929704666
v -0.038759708404541016 -0.14108659327030182 0.9844961166381836 0.0329381562769413 0.028656531125307083 0.030217686668038368
v -0.03875970467925072 -0.1289224922657013 0.8139534592628479 0.7814629673957825 0.7624291181564331 0.7217950820922852
v -0.038759708404541016 -0.12491078674793243 0.8294574022293091 0.7935804128646851 0.7747349739074707 0.7343194484710693
v -0.038759708404541016 -0.1228962242603302 0.8449612855911255 0.7991702556610107 0.781477689743042 0.740592360496521
v -0.038759708404541016 -0.12471072375774384 0.8604651689529419 0.808114767074585 0.7931567430496216 0.7504268884658813
v -0.038759708404541016 -0.1282239556312561 0.8759689331054688 0.8121169805526733 0.799468994140625 0.7549203634262085
v -0.038759708404541016 -0.03536978363990784 0.9379844665527344 0.0033063984010368586 0.0034890882670879364 0.003974076360464096
v -0.038759708404541016 0.01402604952454567 0.9379844665527344 0.0036384081467986107 0.003756181802600622 0.004068795591592789
v -0.038759708404541016 0.13141083717346191 0.751937985420227 0.017499038949608803 0.013533620163798332 0.01655021496117115
v -0.038759708404541016 0.12999753654003143 0.7674418687820435 0.291181743144989 0.24643363058567047 0.22690127789974213
v -0.038759708404541016 0.1289675235748291 0.7829457521438599 0.7668986320495605 0.7391354441642761 0.7027915716171265
v -0.038759708404541016 0.12834800779819489 0.7984496355056763 0.8156530261039734 0.7975726127624512 0.7610910534858704
v -0.038759708404541016 0.127690389752388 0.8139535188674927 0.8216524720191956 0.8080282211303711 0.7741994857788086
v -0.038759708404541016 0.12683111429214478 0.8294574022293091 0.8272935152053833 0.8166892528533936 0.7877861857414246
v -0.038759708404541016 0.12650656700134277 0.8449612855911255 0.8318065404891968 0.8231921195983887 0.7963401675224304
v -0.038759708404541016 0.12818360328674316 0.8604651689529419 0.835675835609436 0.8294790983200073 0.8025351762771606
v -0.038759708404541016 0.13049648702144623 0.8759689331054688 0.8346875309944153 0.829775333404541 0.8011581897735596
v -0.038759708404541016 0.1385497897863388 -0.9844961166381836 0.00607621343806386 0.004890537355095148 0.006704594939947128
v -0.03875970467925072 0.13291507959365845 -0.9689921736717224 0.0060938443057239056 0.005760131869465113 0.0070363422855734825
v -0.038759708404541016 0.14562895894050598 0.8449612855911255 0.8127601146697998 0.8159801363945007 0.7832567691802979
v -0.038759708404541016 0.14230333268642426 0.8604651689529419 0.8248624801635742 0.8281312584877014 0.7965556383132935
v -0.038759708404541016 0.13736200332641602 0.8759689331054688 0.832701563835144 0.8346881866455078 0.8031922578811646
v -0.038759708404541016 0.14680208265781403 0.9379844665527344 0.5786235928535461 0.5556988716125488 0.5068193078041077
v -0.038759708404541016 0.14511354267597198 0.9534883499145508 0.13397741317749023 0.11529378592967987 0.10331450402736664
v -0.038759708404541016 0.1437438726425171 0.9689922332763672 0.015847790986299515 0.013254882767796516 0.014312570914626122
v -0.038759708404541016 0.14225326478481293 0.9844961166381836 0.006449912209063768 0.005629803519695997 0.00788107980042696
v -0.038759708404541016 0.14808984100818634 0.751937985420227 0.009536080993711948 0.007504588458687067 0.009687136858701706
v -0.038759708404541016 0.1485055387020111 0.7674418687820435 0.03203931823372841 0.025840071961283684 0.027514809742569923
v -0.038759708404541016 0.14799335598945618 0.7829457521438599 0.5376889705657959 0.5016989707946777 0.4663088321685791
v -0.038759708404541016 0.14757752418518066 0.798449695110321 0.7575690150260925 0.7469790577888489 0.7044641375541687
v -0.038759708404541016 0.14758282899856567 0.8139535188674927 0.7866613268852234 0.7824000716209412 0.7445688247680664
v -0.038759708404541016 0.14742864668369293 0.8294573426246643 0.7996435165405273 0.7995848655700684 0.7658256888389587
v -0.038759708404541016 0.14748819172382355 0.9379844069480896 0.5709137320518494 0.5477429628372192 0.5012944936752319
v -0.038759708404541016 0.14837080240249634 0.9534883499145508 0.06888965517282486 0.059714414179325104 0.05868404731154442
v -0.038759708404541016 0.14939843118190765 0.9689922332763672 0.009631560184061527 0.008366301655769348 0.010084153153002262
v -0.038759708404541016 0.15145760774612427 0.9844961166381836 0.004972236230969429 0.004436761140823364 0.00614295294508338
v -0.02325582504272461 -0.14982149004936218 0.751937985420227 0.010180299170315266 0.007842197082936764 0.010350613854825497
v -0.02325582504272461 -0.14996427297592163 0.7674418687820435 0.02179810218513012 0.01756158098578453 0.01854012906551361
v -0.02325582504272461 -0.15001702308654785 0.7829457521438599 0.3174685835838318 0.322434663772583 0.3220900297164917
v -0.02325582504272461 -0.1493503898382187 0.7984496355056763 0.6429263353347778 0.6541599035263062 0.6241654753684998
v -0.02325582504272461 -0.1491926610469818 0.8139535188674927 0.7108696699142456 0.7171695828437805 0.6808687448501587
v -0.02325582504272461 -0.14909204840660095 0.8294574022293091 0.7434604167938232 0.7472726702690125 0.7081327438354492
v -0.02325582504272461 -0.14893384277820587 0.8449612855911255 0.7575979828834534 0.760516345500946 0.7197561264038086
v -0.02325582504272461 -0.14879289269447327 0.8604651689529419 0.7659080624580383 0.7682847380638123 0.7260218262672424
v -0.02325582504272461 -0.14876331388950348 0.8759689331054688 0.7623807787895203 0.7645912766456604 0.7212567925453186
v -0.02325582504272461 -0.14850656688213348 0.8914728164672852 0.7490026354789734 0.751045286655426 0.7066049575805664
v -0.02325582504272461 -0.14845018088817596 0.9069766998291016 0.7172285914421082 0.7199772000312805 0.6753454804420471
v -0.02325582504272461 -0.14865930378437042 0.922480583190918 0.6736846566200256 0.6788663864135742 0.6344330310821533
v -0.02325582504272461 -0.14969980716705322 0.9379844665527344 0.5797638297080994 0.5865104794502258 0.5497206449508667
v -0.02325582504272461 -0.15054255723953247 0.9534883499145508 0.34673500061035156 0.3457627296447754 0.34142833948135376
v -0.02325582504272461 -0.1513163298368454 0.9689922332763672 0.07184581458568573 0.06946486234664917 0.07522965967655182
v -0.02325582504272461 -0.15353770554065704 0.9844961166381836 0.00775355938822031 0.006790591403841972 0.008473262190818787
v -0.02325582504272461 -0.1362180858850479 -0.9844961166381836 0.005434591323137283 0.004471029620617628 0.006551866419613361
v -0.02325582504272461 -0.13215480744838715 -0.9689922332763672 0.0056345099583268166 0.005693963263183832 0.007590726483613253
v -0.02325582504272461 -0.1454245150089264 0.751937985420227 0.011531654745340347 0.008781208656728268 0.011527712456882
v -0.02325582504272461 -0.1451985239982605 0.7674418687820435 0.03268321603536606 0.025204332545399666 0.02716364897787571
v -0.02325582504272461 -0.14414267241954803 0.7829457521438599 0.4662432074546814 0.453407883644104 0.44247961044311523
v -0.02325582504272461 -0.14291967451572418 0.7984496355056763 0.697300136089325 0.6926870346069336 0.658943235874176
v -0.02325582504272461 -0.1381809562444687 0.8139535188674927 0.7562112808227539 0.7467952966690063 0.7069401741027832
v -0.02325582504272461 -0.1348457634449005 0.8759689331054688 0.7963061928749084 0.7891979217529297 0.745833694934845
v -0.02325582504272461 -0.14386439323425293 0.8914728164672852 0.7783116698265076 0.7771272659301758 0.7313251495361328
v -0.02325582504272461 -0.14550535380840302 0.9069766402244568 0.7464888691902161 0.7475423216819763 0.7008268237113953
v -0.02325582504272461 -0.14583227038383484 0.922480583190918 0.7060585021972656 0.7068501710891724 0.6599972248077393
v -0.02325582504272461 -0.1450967937707901 0.9379844665527344 0.6552934646606445 0.6519354581832886 0.6071872711181641
v -0.02325582504272461 -0.1450081318616867 0.9534883499145508 0.4738882780075073 0.4630919098854065 0.4340837299823761
v -0.02325582504272461 -0.14512787759304047 0.9689922332763672 0.1786770224571228 0.16903401911258698 0.1624419242143631
v -0.02325582504272461 -0.14184339344501495 0.9844961166381836 0.027138955891132355 0.022800622507929802 0.025271231308579445
v -0.02325582504272461 -0.13052056729793549 0.8294574618339539 0.7730562090873718 0.7553516626358032 0.7179951667785645
v -0.02325582504272461 -0.1290317326784134 0.8449612855911255 0.7824217677116394 0.7663497924804688 0.7279323935508728
v -0.02325582504272461 -0.12990503013134003 0.8604652285575867 0.7927635312080383 0.7795941829681396 0.7395164370536804
v -0.02325582504272461 -0.05648677423596382 0.9379844665527344 0.0035224996972829103 0.003573001129552722 0.0041969227604568005
v -0.02325582504272461 -0.04482029378414154 0.9534883499145508 0.004506202414631844 0.00418796157464385 0.004774727858603001
v -0.02325582504272461 -0.01255476288497448 0.922480583190918 0.0032986749429255724 0.003530241083353758 0.004105225205421448
v -0.02325582504272461 -0.0002666462678462267 0.922480583190918 0.003387595759704709 0.003631611354649067 0.004086754284799099
v -0.02325582504272461 0.017727341502904892 0.9534883499145508 0.005480441730469465 0.004827796947211027 0.005079093389213085
v -0.02325582504272461 0.03402777761220932 0.9379844665527344 0.003664009738713503 0.0036940407007932663 0.00410491181537509
v -0.02325582504272461 0.13114464282989502 0.7674418687820435 0.1278817504644394 0.1059056967496872 0.09914091974496841
v -0.02325582504272461 0.1307600736618042 0.7829457521438599 0.6602156758308411 0.6194884777069092 0.5873860120773315
v -0.02325582504272461 0.1308746635913849 0.7984496355056763 0.7777342200279236 0.752415120601654 0.7138851284980774
v -0.02325582504272461 0.13059136271476746 0.8139535188674927 0.7976781725883484 0.7797435522079468 0.7428645491600037
v -0.02325582504272461 0.13008908927440643 0.8294574022293091 0.8083659410476685 0.7943659424781799 0.7619385123252869
v -0.02325582504272461 0.13002344965934753 0.8449612855911255 0.816106915473938 0.8049600124359131 0.7750803828239441
v -0.02325582504272461 0.13173136115074158 0.8604651689529419 0.8202794194221497 0.8128243684768677 0.7839834094047546
v -0.02325582504272461 0.13822266459465027 -0.9844961166381836 0.0058633554726839066 0.004812220111489296 0.006625039502978325
v -0.02325582318007946 0.13265205919742584 -0.9689921736717224 0.005971936974674463 0.005741560831665993 0.007121329661458731
v -0.02325582690536976 0.1333910971879959 0.7519380450248718 0.012892892584204674 0.009880393743515015 0.012094623409211636
v -0.02325582504272461 0.14411744475364685 0.8294574022293091 0.7818460464477539 0.7811769247055054 0.7438346147537231
v -0.02325582504272461 0.14020593464374542 0.8449612855911255 0.8052603006362915 0.8064607977867126 0.7717850208282471
v -0.02325582504272461 0.1320497840642929 0.8604651689529419 0.8201282024383545 0.8132801651954651 0.7843903303146362
v -0.02325582504272461 0.14579513669013977 0.9534883499145508 0.036549776792526245 0.030550850555300713 0.028982924297451973
v -0.02325582504272461 0.14469929039478302 0.9689922332763672 0.009958775714039803 0.008587654680013657 0.010013876482844353
v -0.02325582504272461 0.14322569966316223 0.9844961166381836 0.00575020257383585 0.004995638970285654 0.007382257841527462
v -0.02325582504272461 0.14805422723293304 0.751937985420227 0.00902609433978796 0.007092300336807966 0.009016051888465881
v -0.02325582504272461 0.14838901162147522 0.7674418687820435 0.021177120506763458 0.017040899023413658 0.01784905605018139
v -0.02325582504272461 0.14810222387313843 0.7829457521438599 0.3001863360404968 0.26715075969696045 0.2536159157752991
v -0.02325582504272461 0.14748460054397583 0.7984496355056763 0.6690871119499207 0.6489607095718384 0.6062453389167786
v -0.02325582504272461 0.14734388887882233 0.8139535188674927 0.7392471432685852 0.7286092638969421 0.6878276467323303
v -0.02325582504272461 0.1483631581068039 0.9534883499145508 0.027142489328980446 0.02318488247692585 0.023370033130049706
v -0.02325582504272461 0.14943784475326538 0.9689922332763672 0.007610053289681673 0.006744133774191141 0.008258010260760784
v -0.02325582504272461 0.1509200781583786 0.9844961166381836 0.0047962861135602 0.004286979325115681 0.0059701623395085335
v -0.007751941680908203 -0.14989621937274933 0.751937985420227 0.010507880710065365 0.008101553656160831 0.010369723662734032
v -0.007751941680908203 -0.1504439413547516 0.7674418687820435 0.021476298570632935 0.017564993351697922 0.0188591368496418
v -0.007751941680908203 -0.15051579475402832 0.7829457521438599 0.28978249430656433 0.2957213222980499 0.2943032681941986
v -0.007751941680908203 -0.1499520242214203 0.7984496355056763 0.6280205249786377 0.6395010948181152 0.6173326373100281
v -0.007751941680908203 -0.14976713061332703 0.8139535188674927 0.7045881152153015 0.7131059765815735 0.6842284202575684
v -0.007751941680908203 -0.14965024590492249 0.8294574022293091 0.7387303113937378 0.7447336912155151 0.7142119407653809
v -0.007751941680908203 -0.1495029181241989 0.8449612855911255 0.7560685873031616 0.760654866695404 0.7291909456253052
v -0.007751941680908203 -0.14939948916435242 0.8604651689529419 0.7650778293609619 0.7687256336212158 0.7364980578422546
v -0.007751941680908203 -0.1493951827287674 0.8759689331054688 0.7614536285400391 0.7646001577377319 0.7317590713500977
v -0.007751941680908203 -0.14900946617126465 0.8914728164672852 0.7471103072166443 0.7501343488693237 0.7156538367271423
v -0.007751941680908203 -0.14834792912006378 0.9069766998291016 0.717492938041687 0.7214714288711548 0.6838974952697754
v -0.007751941680908203 -0.14814278483390808 0.922480583190918 0.6708254218101501 0.6772906184196472 0.6361967325210571
v -0.007751941680908203 -0.1499265432357788 0.9379844665527344 0.5661100745201111 0.5762743949890137 0.5404202938079834
v -0.007751941680908203 -0.1506635993719101 0.9534883499145508 0.34449848532676697 0.34321048855781555 0.3370789885520935
v -0.007751941680908203 -0.15138377249240875 0.9689922332763672 0.08552461117506027 0.08218041062355042 0.08811098337173462
v -0.007751941680908203 -0.15352246165275574 0.9844961166381836 0.008336069993674755 0.007275666110217571 0.00906022172421217
v -0.007751941680908203 -0.13649135828018188 -0.9844961166381836 0.005535046570003033 0.00453887740150094 0.006680326070636511
v -0.007751941680908203 -0.13220913708209991 -0.9689922332763672 0.005718018859624863 0.005773743614554405 0.007733423262834549
v -0.007751941680908203 -0.1457114964723587 0.751937985420227 0.01231667585670948 0.00928990263491869 0.011897447519004345
v -0.007751941680908203 -0.14530561864376068 0.7674418687820435 0.03357475996017456 0.025694776326417923 0.02829335816204548
v -0.007751941680908203 -0.14457620680332184 0.7829457521438599 0.43752819299697876 0.4258899986743927 0.42398393154144287
v -0.007751941215246916 -0.1439315378665924 0.7984496355056763 0.6728847622871399 0.6708225607872009 0.6458005309104919
v -0.007751941680908203 -0.1421615034341812 0.8139535188674927 0.7333890795707703 0.7313637733459473 0.697547197341919
v -0.007751941680908203 -0.13925188779830933 0.8294574022293091 0.7640657424926758 0.7590648531913757 0.7236758470535278
v -0.007751941680908203 -0.13584335148334503 0.8449612855911255 0.7763916254043579 0.7673275470733643 0.7320380806922913
v -0.007751941680908203 -0.13773006200790405 0.8604651689529419 0.7853462100028992 0.781457245349884 0.7448894381523132
v -0.007751941680908203 -0.14135921001434326 0.8759689331054688 0.7796273231506348 0.7797909379005432 0.7415247559547424
v -0.007751941680908203 -0.1445055454969406 0.8914728164672852 0.7658476829528809 0.767664909362793 0.7289350032806396
v -0.007751941680908203 -0.14616042375564575 0.9069766998291016 0.7307387590408325 0.7336954474449158 0.6930997967720032
v -0.007751941680908203 -0.14660954475402832 0.922480583190918 0.6857095956802368 0.6900973320007324 0.6467156410217285
v -0.007751941680908203 -0.14532847702503204 0.9379844665527344 0.6342303156852722 0.6346085667610168 0.5895740389823914
v -0.00775194214656949 -0.14525291323661804 0.9534884095191956 0.45707201957702637 0.4486404359340668 0.4173615872859955
v -0.007751941680908203 -0.14530350267887115 0.968992292881012 0.19073747098445892 0.17892786860466003 0.17274874448776245
v -0.007751941680908203 -0.14199011027812958 0.9844961166381836 0.03407483175396919 0.02768567204475403 0.03127911686897278
v -0.007751941680908203 -0.05793279409408569 0.9379844665527344 0.003896318841725588 0.0038105633575469255 0.004526357166469097
v -0.007751941680908203 -0.04657544940710068 0.9534883499145508 0.004974404349923134 0.0044310749508440495 0.005108444951474667
v -0.007751941680908203 -0.03249251842498779 0.922480583190918 0.005270932335406542 0.004962689708918333 0.006002560257911682
v -0.007751941680908203 -0.017778417095541954 -0.9534883499145508 0.005500693339854479 0.005318022798746824 0.006416269578039646
v -0.007751941680908203 -0.01333934348076582 -0.9379844665527344 0.006653797347098589 0.006040637381374836 0.007067046593874693
v -0.007751941680908203 -0.013171765953302383 -0.922480583190918 0.006483068224042654 0.005745880771428347 0.006825829390436411
v -0.007751941680908203 -0.014830060303211212 -0.9069767594337463 0.00584461260586977 0.005240108352154493 0.006366710644215345
v -0.007751941680908203 -0.01580779254436493 -0.8914728760719299 0.005595022346824408 0.005147765856236219 0.0062398784793913364
v -0.007751941680908203 -0.014646219089627266 -0.8759689927101135 0.00556583609431982 0.0050767273642122746 0.006092579569667578
v -0.007751941680908203 -0.014023425057530403 -0.8604651093482971 0.005707121919840574 0.0051499526016414165 0.006121638230979443
v -0.007751941680908203 -0.013331234455108643 -0.8449612855911255 0.005819167010486126 0.005184756126254797 0.006104035768657923
v -0.007751941680908203 -0.013199142180383205 -0.8294573426246643 0.0058946688659489155 0.005167575087398291 0.006037089973688126
v -0.007751941680908203 -0.013341283425688744 -0.8139535188674927 0.006104922853410244 0.005321793258190155 0.006144150160253048
v -0.007751941680908203 -0.01331411674618721 -0.7984496355056763 0.006037794519215822 0.005317287985235453 0.0061410339549183846
v -0.007751941680908203 -0.013022370636463165 -0.7829457521438599 0.005973177962005138 0.005293121095746756 0.006139271426945925
v -0.007751941680908203 -0.012522079050540924 -0.7674418687820435 0.005804487969726324 0.0051367380656301975 0.00602877838537097
v -0.007751941680908203 -0.01227500569075346 -0.751937985420227 0.005413742270320654 0.004818364046514034 0.005793848540633917
v -0.007751941680908203 -0.012183943763375282 -0.7364341020584106 0.005184314213693142 0.004621467553079128 0.005632978398352861
v -0.007751941680908203 -0.012176228687167168 -0.7209302186965942 0.005198923405259848 0.004627123940736055 0.005650865845382214
v -0.007751941680908203 -0.012034430168569088 -0.7054263353347778 0.005158763844519854 0.004564328119158745 0.005595319904386997
v -0.007751941680908203 -0.012068569660186768 -0.6899224519729614 0.005178791005164385 0.004559763707220554 0.00559652503579855
v -0.007751941680908203 -0.012081547640264034 -0.674418568611145 0.0052183847874403 0.004569138865917921 0.005597817245870829
v -0.007751941680908203 -0.012199938297271729 -0.6589146852493286 0.00534447468817234 0.004652051255106926 0.005652064923197031
v -0.007751941680908203 -0.01232043094933033 -0.643410861492157 0.0054708607494831085 0.004754235502332449 0.0057235704734921455
v -0.007751941680908203 -0.012330539524555206 -0.6279069781303406 0.005605197045952082 0.004879210609942675 0.005831514485180378
v -0.007751941680908203 -0.012412428855895996 -0.6124030947685242 0.005747528746724129 0.0050189741887152195 0.005939042661339045
v -0.007751941680908203 -0.012485921382904053 -0.5968992114067078 0.005831901449710131 0.005102498456835747 0.005999824032187462
v -0.007751941680908203 -0.01247959304600954 -0.5813953876495361 0.005816724617034197 0.005113542079925537 0.006030937656760216
v -0.007751941680908203 -0.012411225587129593 -0.5658915042877197 0.005789700895547867 0.005111184436827898 0.006056925281882286
v -0.007751941680908203 -0.012259635142982006 -0.5503876209259033 0.005570373497903347 0.004953111056238413 0.005957250948995352
v -0.007751941680908203 -0.012441814877092838 -0.5348837375640869 0.005570235196501017 0.004950283095240593 0.00597116956487298
v -0.007751941680908203 -0.012308336794376373 -0.5193798542022705 0.0057821618393063545 0.00511021027341485 0.006106589455157518
v -0.007751941680908203 -0.012303490191698074 -0.5038759708404541 0.005932731553912163 0.005202928092330694 0.006179539952427149
v -0.007751941680908203 -0.012383555993437767 -0.4883720874786377 0.006014934275299311 0.0052236756309866905 0.006193083710968494
v -0.007751941680908203 -0.01252378337085247 -0.4728682041168213 0.0060387300327420235 0.005205349065363407 0.006167014129459858
v -0.007751941680908203 -0.012692656368017197 -0.4573643207550049 0.006064847577363253 0.005204056389629841 0.006151719484478235
v -0.007751941680908203 -0.012864368036389351 -0.4418604373931885 0.006116325967013836 0.00522228330373764 0.00615212507545948
v -0.007751941680908203 -0.013094522058963776 -0.42635661363601685 0.006051430478692055 0.005181648302823305 0.006116012576967478
v -0.007751941680908203 -0.013092933222651482 -0.41085273027420044 0.005963184870779514 0.005131267476826906 0.006074132863432169
v -0.007751941680908203 -0.013095583766698837 -0.39534884691238403 0.0059106359258294106 0.005128042306751013 0.006097518838942051
v -0.007751941680908203 -0.01300489716231823 -0.3798449635505676 0.005893981549888849 0.00513538159430027 0.006128453183919191
v -0.007751941680908203 -0.012968884781002998 -0.3643410801887512 0.005921809934079647 0.005182776600122452 0.0062057399190962315
v -0.007751941680908203 -0.012775769457221031 -0.3488371968269348 0.005897243041545153 0.0051685175858438015 0.006214494351297617
v -0.007751941680908203 -0.012666156515479088 -0.3333333134651184 0.0058684563264250755 0.005140482913702726 0.0061973268166184425
v -0.007751941680908203 -0.012618953362107277 -0.317829430103302 0.005873761139810085 0.00512309093028307 0.006178971379995346
v -0.007751941680908203 -0.012495718896389008 -0.30232560634613037 0.005910307168960571 0.005116413347423077 0.006150810979306698
v -0.007751941680908203 -0.012374231591820717 -0.28682172298431396 0.005891872104257345 0.005075912922620773 0.0060949185863137245
v -0.007751941680908203 -0.0123297069221735 -0.27131783962249756 0.005910695064812899 0.005073344334959984 0.006069823633879423
v -0.007751941680908203 -0.012290898710489273 -0.25581395626068115 0.005911841988563538 0.00507991062477231 0.006055945996195078
v -0.007751941680908203 -0.01223686058074236 -0.24031007289886475 0.005935285706073046 0.005110243335366249 0.006064660847187042
v -0.007751941680908203 -0.01226908527314663 -0.22480618953704834 0.005882575176656246 0.005100172013044357 0.006041291169822216
v -0.007751941680908203 -0.012218562886118889 -0.20930230617523193 0.005793203599750996 0.0050712935626506805 0.006021533161401749
v -0.007751941680908203 -0.012116589583456516 -0.19379842281341553 0.005785247776657343 0.005105014890432358 0.00607723742723465
v -0.007751941680908203 -0.012069246731698513 -0.1782945990562439 0.0058081489987671375 0.00517797376960516 0.0061791278421878815
v -0.007751941680908203 -0.011906405910849571 -0.1627907156944275 0.005844342987984419 0.0052569773979485035 0.0062944237142801285
v -0.007751941680908203 -0.012029329314827919 -0.14728683233261108 0.005833787377923727 0.005259125493466854 0.006325015798211098
v -0.007751941680908203 -0.012072637677192688 -0.13178294897079468 0.006028075236827135 0.005411596968770027 0.006463713478296995
v -0.007751941680908203 -0.012195704504847527 -0.11627906560897827 0.006105131469666958 0.005446691997349262 0.006487902253866196
v -0.007751941680908203 -0.012346177361905575 -0.10077518224716187 0.006160244811326265 0.0054635535925626755 0.006503117270767689
v -0.007751941680908203 -0.01223679631948471 -0.08527129888534546 0.006153264082968235 0.005473336670547724 0.0064790803007781506
v -0.007751941680908203 -0.012391134165227413 -0.06976741552352905 0.006246770266443491 0.0055528851225972176 0.0065085990354418755
v -0.007751941680908203 -0.012436149641871452 -0.05426359176635742 0.006102266721427441 0.005422579124569893 0.0063827624544501305
v -0.007751941680908203 -0.012549463659524918 -0.038759708404541016 0.005920552182942629 0.005257038399577141 0.006262951996177435
v -0.007751941680908203 -0.012470094487071037 -0.02325582504272461 0.005854434333741665 0.0052353800274431705 0.006272710859775543
v -0.007751941680908203 -0.01226157508790493 -0.007751941680908203 0.005616679321974516 0.0051478128880262375 0.006247097160667181
v -0.007751941680908203 -0.012115800753235817 0.007751941680908203 0.005455102771520615 0.005022573284804821 0.006143882405012846
v -0.007751941680908203 -0.012039247900247574 0.02325582504272461 0.005336778238415718 0.004921484272927046 0.006055487785488367
v -0.007751941680908203 -0.0119817815721035 0.038759708404541016 0.005225121043622494 0.004858432803303003 0.00602544704452157
v -0.007751941680908203 -0.011846745386719704 0.05426359176635742 0.005182843655347824 0.004824684467166662 0.005998267792165279
v -0.007751941680908203 -0.01183365285396576 0.06976747512817383 0.005143254995346069 0.0047761425375938416 0.00594601733610034
v -0.007751941680908203 -0.011660464107990265 0.08527135848999023 0.0051512159407138824 0.004751728847622871 0.005893635097891092
v -0.007751941680908203 -0.011603833176195621 0.10077524185180664 0.005151743069291115 0.004731441382318735 0.005844829138368368
v -0.007751941680908203 -0.011538475751876831 0.11627912521362305 0.005131306126713753 0.00470245024189353 0.005785190034657717
v -0.007751941680908203 -0.011439553461968899 0.1317828893661499 0.005155479535460472 0.004706330597400665 0.005763064604252577
v -0.007751941680908203 -0.011279057711362839 0.1472867727279663 0.005158478859812021 0.004715243820101023 0.005748701747506857
v -0.007751941680908203 -0.011169533245265484 0.16279065608978271 0.005104986019432545 0.004722288344055414 0.00572314765304327
v -0.007751941680908203 -0.011015797033905983 0.17829453945159912 0.005062479060143232 0.004717764910310507 0.005702985916286707
v -0.007751941680908203 -0.010846436023712158 0.19379842281341553 0.005037112161517143 0.004694726783782244 0.005690061952918768
v -0.007751941680908203 -0.010710515081882477 0.20930230617523193 0.004985700827091932 0.004670436028391123 0.005652223713696003
v -0.007751941680908203 -0.010581791400909424 0.22480618953704834 0.005161223467439413 0.004852949641644955 0.005814698059111834
v -0.007751941680908203 -0.01054331660270691 0.24031007289886475 0.005213064607232809 0.004902259912341833 0.005853093694895506
v -0.007751941680908203 -0.010366089642047882 0.25581395626068115 0.0052688331343233585 0.004945241846144199 0.005877327173948288
v -0.007751941680908203 -0.010127533227205276 0.27131783962249756 0.0053726304322481155 0.005009718704968691 0.005910277366638184
v -0.007751941680908203 -0.010002905502915382 0.28682172298431396 0.005327165126800537 0.004962366074323654 0.005847390741109848
v -0.007751941680908203 -0.00983346812427044 0.30232560634613037 0.005350030958652496 0.004970644600689411 0.005841036792844534
v -0.007751941680908203 -0.009850684553384781 0.3178294897079468 0.00534752756357193 0.004939500708132982 0.005817835684865713
v -0.007751941680908203 -0.010163241066038609 0.3333333730697632 0.005315303336828947 0.00486325565725565 0.005771339870989323
v -0.007751941680908203 -0.010397342965006828 0.3488372564315796 0.005135449580848217 0.00468536326661706 0.005609728861600161
v -0.007751941680908203 -0.010631736367940903 0.364341139793396 0.005102400667965412 0.004681885242462158 0.00560615211725235
v -0.007751941680908203 -0.010730786249041557 0.37984490394592285 0.004918512888252735 0.004555556923151016 0.005526871886104345
v -0.007751941680908203 -0.010328426957130432 0.39534878730773926 0.004808572120964527 0.00449388800188899 0.005458931904286146
v -0.007751941680908203 -0.009830418974161148 0.41085267066955566 0.004770534113049507 0.004471316002309322 0.005408946890383959
v -0.007751941680908203 -0.009597931057214737 0.42635655403137207 0.004641243256628513 0.004350160248577595 0.0052996412850916386
v -0.007751941680908203 -0.009262892417609692 0.4418604373931885 0.004471084102988243 0.004202520474791527 0.005179326981306076
v -0.007751941680908203 -0.008876989595592022 0.4573643207550049 0.004329119808971882 0.0040918802842497826 0.005076345056295395
v -0.007751941680908203 -0.008450963534414768 0.4728682041168213 0.0041018156334757805 0.003924935590475798 0.00487973727285862
v -0.007751941680908203 -0.008045895025134087 0.4883720874786377 0.0039784288965165615 0.003862610785290599 0.004757759626954794
v -0.007751941680908203 -0.007934444583952427 0.5348837375640869 0.0036976602859795094 0.003666497301310301 0.004623275715857744
v -0.007751941680908203 -0.008365083485841751 0.5503876209259033 0.0037819670978933573 0.0036980686709284782 0.004694824572652578
v -0.007751941680908203 -0.0086910929530859 0.5658915042877197 0.0038149352185428143 0.0037108385004103184 0.004767525941133499
v -0.007751941680908203 -0.008674507960677147 0.5813953876495361 0.0035823294892907143 0.003521944396197796 0.0045988974161446095
v -0.007751941680908203 -0.008504793979227543 0.5968992710113525 0.003454848425462842 0.0034222560934722424 0.0044594877399504185
v -0.007751941680908203 -0.008307045325636864 0.612403154373169 0.0034431270323693752 0.0034185571130365133 0.004407140426337719
v -0.007751941680908203 -0.008179319091141224 0.6279069185256958 0.0032972327899187803 0.0033406910952180624 0.0042334445752203465
v -0.007751941680908203 -0.008085341192781925 0.6434108018875122 0.0031527052633464336 0.003260820172727108 0.0040663061663508415
v -0.007751941680908203 -0.008215980604290962 0.6589146852493286 0.0031261960975825787 0.003269767854362726 0.004050043411552906
v -0.007751941680908203 -0.008677401579916477 0.674418568611145 0.0031185797415673733 0.0032173767685890198 0.004050279501825571
v -0.007751941680908203 -0.00912780873477459 0.6899224519729614 0.003154166042804718 0.003188422881066799 0.00415059644728899
v -0.007751941680908203 -0.009342179633677006 0.7054263353347778 0.0034040925092995167 0.003296859096735716 0.004370180424302816
v -0.007751941680908203 -0.009391657076776028 0.7209302186965942 0.0035070618614554405 0.003367048455402255 0.004494053311645985
v -0.007751941680908203 -0.00994101632386446 0.7364341020584106 0.0035701198503375053 0.003419766901060939 0.004656366538256407
v -0.007751941680908203 -0.0130343958735466 0.751937985420227 0.004077404271811247 0.0038193543441593647 0.005038716830313206
v -0.007751941680908203 -0.010802505537867546 0.7674418687820435 0.003645943943411112 0.003600772237405181 0.004724815953522921
v -0.007751941680908203 -0.0109688900411129 0.7829457521438599 0.0034564719535410404 0.003392166458070278 0.004595121834427118
v -0.007751941680908203 -0.010973336175084114 0.7984496355056763 0.003639658447355032 0.003590523498132825 0.004767503123730421
v -0.007751941680908203 -0.01097112987190485 0.8139535188674927 0.0038566486909985542 0.003753034397959709 0.004867936950176954
v -0.007751941680908203 -0.010809986852109432 0.8294574022293091 0.003841226687654853 0.00369989313185215 0.004804808180779219
v -0.007751941680908203 -0.010492037981748581 0.8449612855911255 0.003916603047400713 0.0037296561058610678 0.004851682111620903
v -0.007751941680908203 -0.01018307451158762 0.8604651689529419 0.003995732869952917 0.0037549412809312344 0.004893579985946417
v -0.007751941680908203 -0.00981668010354042 0.8759689331054688 0.004014251288026571 0.003741688095033169 0.004898258950561285
v -0.007751941680908203 -0.009657902643084526 0.8914728164672852 0.004035922233015299 0.0037448671646416187 0.004924342036247253
v -0.007751941680908203 -0.011115160770714283 0.9069766998291016 0.004132326692342758 0.003870789660140872 0.0050714146345853806
v -0.007751941680908203 0.007526407018303871 0.4573643207550049 0.004102127626538277 0.004144391976296902 0.0051766070537269115
v -0.007751941680908203 0.00332588329911232 0.4728682041168213 0.004212426953017712 0.004039837047457695 0.004857668187469244
v -0.007751941680908203 -0.0010330716613680124 0.4883720874786377 0.00433665094897151 0.004016627091914415 0.004698446486145258
v -0.007751941680908203 -0.0030874740332365036 0.5348837375640869 0.003814147086814046 0.0036296918988227844 0.004369028843939304
v -0.007751941680908203 0.005407822318375111 0.5503876209259033 0.0037199577782303095 0.0037483549676835537 0.0046033249236643314
v -0.007751941680908203 0.01687062904238701 -0.9534883499145508 0.005503443535417318 0.005337994545698166 0.006236552726477385
v -0.00775194214656949 0.01252509094774723 -0.9379845261573792 0.006661015097051859 0.006343848071992397 0.007113990373909473
v -0.007751941680908203 0.012587349861860275 -0.922480583190918 0.0065322741866111755 0.006073865108191967 0.007013614289462566
v -0.007751941680908203 0.014566097408533096 -0.9069767594337463 0.006077942438423634 0.0056354813277721405 0.00667371042072773
v -0.007751941680908203 0.015973350033164024 -0.8914728760719299 0.005960874725133181 0.005580099765211344 0.006605755537748337
v -0.00775194214656949 0.014745732769370079 -0.8759689927101135 0.00602387310937047 0.005552475340664387 0.006531304679811001
v -0.007751941680908203 0.014267021790146828 -0.8604651093482971 0.0060836076736450195 0.005603908095508814 0.006544011645019054
v -0.007751941680908203 0.0139338793233037 -0.8449612855911255 0.006173270288854837 0.00565718300640583 0.006570547353476286
v -0.007751941680908203 0.013655568473041058 -0.8294574022293091 0.00628880737349391 0.005665242206305265 0.006577481981366873
v -0.007751941680908203 0.01329377293586731 -0.8139535188674927 0.006536839995533228 0.005842671263962984 0.006693548988550901
v -0.007751941680908203 0.012905780225992203 -0.7984496355056763 0.006397239398211241 0.005757415667176247 0.006621610838919878
v -0.007751941680908203 0.012480869889259338 -0.7829457521438599 0.006280764937400818 0.005673155654221773 0.006552905775606632
v -0.007751941680908203 0.012224329635500908 -0.7674418687820435 0.005921232048422098 0.005397472530603409 0.006345590576529503
v -0.007751941680908203 0.01211220771074295 -0.751937985420227 0.0055935983546078205 0.0051444764249026775 0.006204729434102774
v -0.007751941680908203 0.012132128700613976 -0.7364341020584106 0.005353413987904787 0.0049369861371815205 0.006068636663258076
v -0.007751941680908203 0.011953003704547882 -0.7209302186965942 0.005356417503207922 0.004918256774544716 0.00604669563472271
v -0.007751941680908203 0.011680438183248043 -0.7054263353347778 0.005345053039491177 0.004866734612733126 0.005998000502586365
v -0.00775194214656949 0.011639335192739964 -0.6899224519729614 0.005364374723285437 0.0048508355394005775 0.0060058822855353355
v -0.007751941680908203 0.011593393981456757 -0.674418568611145 0.00537564093247056 0.0048279124312102795 0.005981587804853916
v -0.007751941680908203 0.011705445125699043 -0.6589146852493286 0.005473824683576822 0.0048908656463027 0.006014943588525057
v -0.007751941680908203 0.011793266981840134 -0.643410861492157 0.0054857064969837666 0.0048948717303574085 0.005982103291898966
v -0.007751941680908203 0.011856527999043465 -0.6279069185256958 0.005485130473971367 0.0049238731153309345 0.005983657203614712
v -0.007751941680908203 0.011805182322859764 -0.6124030947685242 0.005530242808163166 0.004981399048119783 0.00600700406357646
v -0.007751941680908203 0.011818863451480865 -0.596899151802063 0.005488339811563492 0.004956176038831472 0.00597446458414197
v -0.007751941680908203 0.011838804930448532 -0.5813953876495361 0.005412079859524965 0.004907540045678616 0.005938504356890917
v -0.007751941680908203 0.011831225827336311 -0.5658915042877197 0.005400409456342459 0.004915960133075714 0.005963463336229324
v -0.007751941680908203 0.011745093390345573 -0.5503876209259033 0.005308839492499828 0.004853038117289543 0.0059545342810451984
v -0.007751941680908203 0.011894346214830875 -0.5348837375640869 0.005241456441581249 0.004801513627171516 0.005922659765928984
v -0.007751941680908203 0.011813677847385406 -0.5193798542022705 0.005418251268565655 0.004934209398925304 0.006006728392094374
v -0.007751941680908203 0.011820411309599876 -0.5038759708404541 0.0055250972509384155 0.004984286148101091 0.0060318028554320335
v -0.007751941680908203 0.01188812404870987 -0.4883720874786377 0.005571980029344559 0.004987900145351887 0.006033920217305422
v -0.007751941680908203 0.011911306530237198 -0.4728682041168213 0.005597955547273159 0.004972725175321102 0.006008712109178305
v -0.007751941680908203 0.011952728033065796 -0.4573643207550049 0.0056250132620334625 0.004980073776096106 0.005992122460156679
v -0.007751941680908203 0.011911077424883842 -0.4418604373931885 0.00559355691075325 0.004931498784571886 0.0059357574209570885
v -0.007751941680908203 0.011749506928026676 -0.42635661363601685 0.00557714095339179 0.00492091616615653 0.005917288828641176
v -0.007751941680908203 0.011502373963594437 -0.41085273027420044 0.0054329619742929935 0.004820486530661583 0.005837425589561462
v -0.007751941680908203 0.011425931006669998 -0.39534884691238403 0.005334402900189161 0.0047712381929159164 0.0058101387694478035
v -0.007751941680908203 0.011297546327114105 -0.3798449635505676 0.005311574786901474 0.004771034698933363 0.005825634580105543
v -0.007751941680908203 0.011203015223145485 -0.3643410801887512 0.005300268530845642 0.004781853873282671 0.005854176823049784
v -0.007751941680908203 0.010995907709002495 -0.3488371968269348 0.005274155177175999 0.004769572056829929 0.005860741715878248
v -0.007751941680908203 0.010902397334575653 -0.3333333134651184 0.0052901143208146095 0.004777268972247839 0.0058719702064991
v -0.007751941680908203 0.01083675678819418 -0.317829430103302 0.00530818710103631 0.004768970888108015 0.005864201579242945
v -0.007751941680908203 0.010785266757011414 -0.30232560634613037 0.005337215028703213 0.004773261491209269 0.005863296799361706
v -0.007751941680908203 0.010708406567573547 -0.28682172298431396 0.005377780180424452 0.004780537448823452 0.005858988035470247
v -0.007751941680908203 0.010772034525871277 -0.27131783962249756 0.005452733486890793 0.004821587819606066 0.005877599120140076
v -0.007751941680908203 0.010788853280246258 -0.25581395626068115 0.005483861546963453 0.004849078133702278 0.005881891120225191
v -0.007751941680908203 0.010768070816993713 -0.24031007289886475 0.005503358785063028 0.004874898586422205 0.005886520259082317
v -0.007751941680908203 0.010747943073511124 -0.22480618953704834 0.005459843203425407 0.0048692068085074425 0.005871650762856007
v -0.007751941680908203 0.010678751394152641 -0.20930230617523193 0.005358514375984669 0.004816251341253519 0.0058301957324147224
v -0.007751941680908203 0.010719013400375843 -0.19379842281341553 0.005295327864587307 0.004796852823346853 0.005828565452247858
v -0.007751941680908203 0.010742263868451118 -0.1782945990562439 0.005297102965414524 0.0048430743627250195 0.005887267645448446
v -0.007751941680908203 0.010763648897409439 -0.1627907156944275 0.0053352005779743195 0.004907576367259026 0.005984738934785128
v -0.007751941680908203 0.010905780829489231 -0.14728683233261108 0.005351020023226738 0.0049247778952121735 0.006028694100677967
v -0.007751941680908203 0.01100259367376566 -0.13178294897079468 0.00552506186068058 0.005052616819739342 0.006135989911854267
v -0.007751941680908203 0.0110508743673563 -0.11627906560897827 0.005644774995744228 0.0051171318627893925 0.0061808619648218155
v -0.007751941680908203 0.011126752011477947 -0.10077518224716187 0.005734157282859087 0.005162585061043501 0.00621459586545825
v -0.007751941680908203 0.01090296171605587 -0.08527129888534546 0.005817186553031206 0.005249832756817341 0.0062640998512506485
v -0.00775194214656949 0.010903647169470787 -0.06976741552352905 0.005956643261015415 0.005375908687710762 0.006329799070954323
v -0.007751941680908203 0.010859806090593338 -0.05426359176635742 0.005815340206027031 0.005265483632683754 0.0062348064966499805
v -0.00775194214656949 0.010939175263047218 -0.038759708404541016 0.005675626918673515 0.005131556652486324 0.006142552942037582
v -0.007751941680908203 0.010752115398645401 -0.02325582690536976 0.00554492836818099 0.005086883902549744 0.0061270990408957005
v -0.007751941680908203 0.010537128895521164 -0.007751941680908203 0.005345730111002922 0.005038731265813112 0.0061242361553013325
v -0.007751941680908203 0.010454373434185982 0.007751941680908203 0.005142735783010721 0.004874642007052898 0.005980061367154121
v -0.007751941680908203 0.010395679622888565 0.02325582504272461 0.005034142639487982 0.0047691091895103455 0.005881655495613813
v -0.007751941680908203 0.010287770070135593 0.038759708404541016 0.004968602210283279 0.004742269404232502 0.005870660301297903
v -0.007751941680908203 0.01013997383415699 0.05426358804106712 0.005010735709220171 0.004779124166816473 0.005909620318561792
v -0.007751941680908203 0.010103890672326088 0.06976747512817383 0.00501226307824254 0.004767082165926695 0.005889224819839001
v -0.007751941680908203 0.009924138896167278 0.08527135848999023 0.004988061264157295 0.004719767719507217 0.005820916499942541
v -0.007751941680908203 0.009809980168938637 0.10077524185180664 0.005087294615805149 0.004778505768626928 0.00586016895249486
v -0.007751941680908203 0.00969986617565155 0.11627912521362305 0.005115201231092215 0.00478518707677722 0.005841313395649195
v -0.007751941680908203 0.009677163325250149 0.1317828893661499 0.0051324982196092606 0.004778673872351646 0.0058176564052701
v -0.007751941680908203 0.009570644237101078 0.1472867727279663 0.005052452906966209 0.004712071269750595 0.005725673399865627
v -0.007751941680908203 0.009449061006307602 0.16279065608978271 0.005055752117186785 0.0047690728679299355 0.005751017481088638
v -0.007751941680908203 0.00935353059321642 0.17829453945159912 0.004942175932228565 0.004732102621346712 0.005713870748877525
v -0.007751941680908203 0.009368259459733963 0.19379842281341553 0.004880927968770266 0.004685679450631142 0.005680510774254799
v -0.007751941215246916 0.009282379411160946 0.20930230617523193 0.004821585491299629 0.0046470374800264835 0.005632939748466015
v -0.007751941680908203 0.009160768240690231 0.22480618953704834 0.004927102010697126 0.004790583625435829 0.0057662539184093475
v -0.007751941680908203 0.009067469276487827 0.24031005799770355 0.004997580777853727 0.0048680780455470085 0.005849736742675304
v -0.007751941215246916 0.00895608775317669 0.25581395626068115 0.0051217395812273026 0.004960051737725735 0.005932737607508898
v -0.00775194214656949 0.008831415325403214 0.27131783962249756 0.00516942935064435 0.004966096952557564 0.005927550606429577
v -0.007751941680908203 0.008729811757802963 0.28682172298431396 0.0052399467676877975 0.004999039229005575 0.00593947060406208
v -0.007751941680908203 0.008536728098988533 0.30232560634613037 0.005267679691314697 0.005007419269531965 0.005941727198660374
v -0.007751941680908203 0.008297022432088852 0.3178294897079468 0.005305108614265919 0.004993468523025513 0.005956511944532394
v -0.007751941680908203 0.008349223993718624 0.3333333730697632 0.005205574445426464 0.004870746284723282 0.005868523847311735
v -0.007751941680908203 0.008513707667589188 0.3488372564315796 0.005037296563386917 0.004739982541650534 0.0057207318022847176
v -0.007751941680908203 0.00864467117935419 0.364341139793396 0.004984550178050995 0.004779841750860214 0.005731799174100161
v -0.007751941680908203 0.00868992693722248 0.37984490394592285 0.004811386112123728 0.004708021879196167 0.005688922945410013
v -0.007751941680908203 0.008541821502149105 0.39534878730773926 0.004677293356508017 0.0046431804075837135 0.0056226905435323715
v -0.007751941680908203 0.008266164921224117 0.41085267066955566 0.004569714423269033 0.004562588408589363 0.005526790861040354
v -0.007751941680908203 0.008130033500492573 0.42635658383369446 0.004424273502081633 0.0044318875297904015 0.0054225558415055275
v -0.00775194214656949 0.0079444395378232 0.44186046719551086 0.004242250695824623 0.004265194293111563 0.005285162013024092
v -0.007751941680908203 0.007898496463894844 0.5658915042877197 0.0036157311405986547 0.0038462935481220484 0.0048150247894227505
v -0.007751941680908203 0.007996231317520142 0.5813953876495361 0.0033911685459315777 0.0036088991910219193 0.0046165743842720985
v -0.007751941680908203 0.007941464893519878 0.5968992710113525 0.003333820728585124 0.003539678640663624 0.00450095534324646
v -0.007751941680908203 0.007848137058317661 0.612403154373169 0.003341472474858165 0.0035358332097530365 0.004453954286873341
v -0.007751941680908203 0.00784511212259531 0.6279069185256958 0.0032088053412735462 0.003471875563263893 0.004275953862816095
v -0.007751941215246916 0.007820269092917442 0.6434108018875122 0.003115718951448798 0.0034058555029332638 0.004131888970732689
v -0.007751941680908203 0.007850904017686844 0.6589146852493286 0.003131276462227106 0.003403113456442952 0.004095364827662706
v -0.007751941680908203 0.008085991255939007 0.674418568611145 0.0031269346363842487 0.003324305173009634 0.00408935034647584
v -0.007751941680908203 0.008429830893874168 0.6899224519729614 0.003160592168569565 0.003321691881865263 0.004278241656720638
v -0.007751941215246916 0.008515818975865841 0.7054263353347778 0.0033253561705350876 0.0034481752663850784 0.00458262674510479
v -0.007751941680908203 0.00852138176560402 0.7209302186965942 0.0033395402133464813 0.003461596556007862 0.004668135195970535
v -0.007751941215246916 0.008990418165922165 0.7364341020584106 0.0034965723752975464 0.003525621024891734 0.004806098062545061
v -0.007751941215246916 0.009952615946531296 0.751937985420227 0.003896950976923108 0.0037659804802387953 0.00497350562363863
v -0.007751941680908203 0.00917025376111269 0.7674418687820435 0.0035651896614581347 0.0036753490567207336 0.0048516192473471165
v -0.007751941680908203 0.009327172301709652 0.7829458117485046 0.0033407926093786955 0.0034451365936547518 0.004673430696129799
v -0.007751941680908203 0.009427987970411777 0.7984496355056763 0.0036083559971302748 0.0036542299203574657 0.004858733620494604
v -0.00775194214656949 0.009366912767291069 0.8139535188674927 0.0038548042066395283 0.003794111078605056 0.004946401342749596
v -0.007751941680908203 0.00928552821278572 0.8294573426246643 0.0038227871991693974 0.003725896356627345 0.004873198922723532
v -0.007751941680908203 0.009160182438790798 0.8449612855911255 0.0038407163228839636 0.0037185901310294867 0.004881998989731073
v -0.007751941680908203 0.009048021398484707 0.8604651689529419 0.003925812430679798 0.0037561398930847645 0.004954813979566097
v -0.007751941680908203 0.008915194310247898 0.8759689331054688 0.003948480822145939 0.0037515542935580015 0.004975524730980396
v -0.007751941680908203 0.008873882703483105 0.8914728164672852 0.0040074847638607025 0.003788335481658578 0.005038890056312084
v -0.007751941680908203 0.009282123297452927 0.9069766998291016 0.004100613761693239 0.003930788021534681 0.0051525067538022995
v -0.007751941680908203 0.023416541516780853 0.9224806427955627 0.00531734200194478 0.005118108820170164 0.006010578479617834
v -0.007751941680908203 0.02464650757610798 0.953488290309906 0.005690067075192928 0.004788695834577084 0.0051785302348434925
v -0.007751941680908203 0.03915563225746155 0.9379844665527344 0.004265638999640942 0.004284533206373453 0.004680403973907232
v -0.007751941680908203 0.13816547393798828 -0.9844961166381836 0.005808322224766016 0.004783409647643566 0.0066179074347019196
v -0.007751941215246916 0.132528617978096 -0.9689921736717224 0.005915975663810968 0.005699498578906059 0.007177384570240974
v -0.007751941680908203 0.14050725102424622 0.751937985420227 0.011661612428724766 0.008521520532667637 0.010700996033847332
v -0.007751941680908203 0.13898876309394836 0.7674418687820435 0.0600023977458477 0.04854527488350868 0.04771341010928154
v -0.007751941680908203 0.139304518699646 0.7829457521438599 0.4757307767868042 0.4275854825973511 0.40357986092567444
v -0.007751941680908203 0.1427631378173828 0.7984496355056763 0.7013219594955444 0.6751436591148376 0.6380401849746704
v -0.007751941680908203 0.14364829659461975 0.8139535188674927 0.7550365328788757 0.746697187423706 0.7102979421615601
v -0.007751941680908203 0.14567337930202484 0.9534883499145508 0.032113898545503616 0.02630099467933178 0.02503160946071148
v -0.007751941680908203 0.1448257714509964 0.9689922332763672 0.00977143831551075 0.008274570107460022 0.009835341013967991
v -0.007751941680908203 0.14298513531684875 0.9844961166381836 0.005869390908628702 0.00505239749327302 0.0074421558529138565
v -0.00775194214656949 0.14817430078983307 0.751937985420227 0.009391401894390583 0.00733574852347374 0.009164896793663502
v -0.007751941680908203 0.14864133298397064 0.7674418687820435 0.019832530990242958 0.01577337272465229 0.016522865742444992
v -0.007751941680908203 0.14862176775932312 0.7829457521438599 0.22958968579769135 0.19919738173484802 0.1934695541858673
v -0.007751941680908203 0.1480083465576172 0.7984496355056763 0.615663468837738 0.5895463824272156 0.5563440918922424
v -0.007751941680908203 0.14773942530155182 0.8139535188674927 0.7281263470649719 0.7166250348091125 0.6828944087028503
v -0.007751941680908203 0.1487848311662674 0.9534883499145508 0.024715108796954155 0.02096274495124817 0.021188361570239067
v -0.007751941215246916 0.14981956779956818 0.9689922332763672 0.007688289973884821 0.006764899007976055 0.008258727379143238
v -0.007751941680908203 0.15137261152267456 0.9844961166381836 0.004923231899738312 0.004372349940240383 0.006071100942790508
v 0.007751941680908203 -0.1497395783662796 0.751937985420227 0.009985431097447872 0.00767787080258131 0.010060074739158154
v 0.007751941680908203 -0.15010014176368713 0.7674418687820435 0.019209150224924088 0.015443170443177223 0.016792479902505875
v 0.007751941680908203 -0.14995965361595154 0.7829457521438599 0.23424853384494781 0.24221006035804749 0.2371056228876114
v 0.007751941680908203 -0.1495826691389084 0.7984496355056763 0.59190833568573 0.6049906611442566 0.5807810425758362
v 0.007751941680908203 -0.14945484697818756 0.8139535188674927 0.6801637411117554 0.6907117366790771 0.6597511768341064
v 0.007751941680908203 -0.14934298396110535 0.8294574022293091 0.7200824618339539 0.7278122305870056 0.6955252289772034
v 0.007751941680908203 -0.14915983378887177 0.8449612855911255 0.7390745282173157 0.7448750138282776 0.7120977640151978
v 0.007751941680908203 -0.1489824652671814 0.8604651689529419 0.7500452399253845 0.7544175386428833 0.720848560333252
v 0.007751941680908203 -0.14885452389717102 0.8759689331054688 0.7463132739067078 0.7498934268951416 0.7156691551208496
v 0.007751941680908203 -0.14809079468250275 0.8914728164672852 0.7322309017181396 0.7356695532798767 0.6985955238342285
v 0.007751941680908203 -0.14966857433319092 0.9379844665527344 0.5365070700645447 0.5489675998687744 0.5107368230819702
v 0.007751941680908203 -0.1505579650402069 0.9534883499145508 0.3465302884578705 0.34804004430770874 0.3374658524990082
v 0.007751941680908203 -0.1512870490550995 0.9689922332763672 0.10131371021270752 0.09839160740375519 0.10375969856977463
v 0.007751941680908203 -0.15355169773101807 0.9844961166381836 0.009057212620973587 0.007951284758746624 0.009737592190504074
v 0.007751941680908203 -0.1364339143037796 -0.9844961166381836 0.005642063450068235 0.004586395807564259 0.006754759233444929
v 0.007751941680908203 -0.13216494023799896 -0.9689922332763672 0.0058535244315862656 0.00585962412878871 0.007845798507332802
v 0.007751941680908203 -0.14585192501544952 0.751937985420227 0.011253896169364452 0.008508753962814808 0.011242276057600975
v 0.007751941680908203 -0.14561697840690613 0.7674419283866882 0.026708053424954414 0.02037081867456436 0.02284005656838417
v 0.00775194214656949 -0.1451793909072876 0.7829457521438599 0.37570929527282715 0.3679976165294647 0.36823129653930664
v 0.007751941215246916 -0.14478525519371033 0.7984496355056763 0.6406471133232117 0.6422182321548462 0.6177493333816528
v 0.007751941680908203 -0.14364691078662872 0.8139535188674927 0.7099970579147339 0.7116346955299377 0.6776480674743652
v 0.00775194214656949 -0.1418849229812622 0.8294574022293091 0.7430387139320374 0.7433794140815735 0.7071740031242371
v 0.007751941680908203 -0.14016738533973694 0.8449612855911255 0.7619185447692871 0.7608000040054321 0.7238060235977173
v 0.007751941215246916 -0.14144232869148254 0.8604651689529419 0.7685679793357849 0.7694673538208008 0.7309569120407104
v 0.007751941680908203 -0.14364303648471832 0.8759689331054688 0.7663337588310242 0.7683840990066528 0.7293065786361694
v 0.007751941680908203 -0.1461331993341446 0.8914728164672852 0.7434388399124146 0.7465412020683289 0.706839919090271
v 0.00775194214656949 -0.14565636217594147 0.9379844665527344 0.6072299480438232 0.6096215844154358 0.5646684765815735
v 0.007751941215246916 -0.14535535871982574 0.953488290309906 0.4558081328868866 0.45005667209625244 0.41784989833831787
v 0.007751941680908203 -0.1453426331281662 0.9689922332763672 0.21377472579479218 0.2023497074842453 0.1943216621875763
v 0.007751941680908203 -0.14196352660655975 0.9844961166381836 0.039665888994932175 0.032443445175886154 0.03608786314725876
v 0.007751941680908203 -0.056123510003089905 0.9379844665527344 0.0039563365280628204 0.003852518042549491 0.004598542116582394
v 0.007751941680908203 -0.043488092720508575 0.9534883499145508 0.005188911221921444 0.004598076455295086 0.005182437598705292
v 0.007751941680908203 -0.028522729873657227 0.922480583190918 0.00562532851472497 0.005255504045635462 0.006316216662526131
v 0.007751941680908203 -0.016174890100955963 -0.9534883499145508 0.005705987103283405 0.005494637414813042 0.00654559163376689
v 0.007751941680908203 -0.012115554884076118 -0.9379844665527344 0.006721253041177988 0.0061920383013784885 0.007116090040653944
v 0.007751941680908203 -0.01204843819141388 -0.9224806427955627 0.006387455854564905 0.005688178818672895 0.0067129419185221195
v 0.007751941680908203 -0.01334727555513382 -0.9069766998291016 0.005780721083283424 0.005166332703083754 0.00622129999101162
v 0.007751941680908203 -0.014451488852500916 -0.8914728760719299 0.005582346115261316 0.005116499960422516 0.006145984400063753
v 0.007751941680908203 -0.013475465588271618 -0.8759689927101135 0.005565551575273275 0.005039778538048267 0.006003185175359249
v 0.007751941680908203 -0.01297241635620594 -0.8604651093482971 0.005735245067626238 0.005159223917871714 0.0060711209662258625
v 0.007751941680908203 -0.012430805712938309 -0.8449612259864807 0.0058766258880496025 0.005218588747084141 0.006084760185331106
v 0.007751941680908203 -0.012313378974795341 -0.8294573426246643 0.005913447588682175 0.0051697236485779285 0.006028881762176752
v 0.007751941680908203 -0.012393452227115631 -0.8139535188674927 0.006171084009110928 0.00535445474088192 0.00617014616727829
v 0.007751941680908203 -0.012385527603328228 -0.7984496355056763 0.0061022876761853695 0.0053491294384002686 0.0061701321974396706
v 0.007751941680908203 -0.012169232591986656 -0.7829457521438599 0.006068225018680096 0.005359698086977005 0.0061890422366559505
v 0.007751941680908203 -0.011754818260669708 -0.7674418687820435 0.005856077652424574 0.005180994980037212 0.006050665397197008
v 0.007751941680908203 -0.01155997347086668 -0.751937985420227 0.005468785762786865 0.004849301651120186 0.005785075016319752
v 0.007751941680908203 -0.011478396132588387 -0.7364341020584106 0.005219011567533016 0.00463295029476285 0.005596601404249668
v 0.007751941680908203 -0.01145967934280634 -0.7209302186965942 0.005217002704739571 0.004643305670469999 0.00561258802190423
v 0.007751941680908203 -0.01129213348031044 -0.7054263353347778 0.0051907324232161045 0.004597142804414034 0.005574993789196014
v 0.007751941680908203 -0.011306703090667725 -0.6899224519729614 0.005186750087887049 0.004583930596709251 0.005569475702941418
v 0.007751941680908203 -0.011332783848047256 -0.674418568611145 0.005230093840509653 0.004601186607033014 0.005590526852756739
v 0.007751941680908203 -0.011458372697234154 -0.6589146852493286 0.0053512887097895145 0.004686935339123011 0.005662708077579737
v 0.007751941680908203 -0.011569416150450706 -0.643410861492157 0.005512865725904703 0.004816045518964529 0.0057761757634580135
v 0.007751941680908203 -0.011559443548321724 -0.6279069781303406 0.005677767563611269 0.004961800761520863 0.005906065925955772
v 0.007751941680908203 -0.011630410328507423 -0.6124030947685242 0.005834787152707577 0.0051159942522645 0.006023984868079424
v 0.007751941680908203 -0.011716374196112156 -0.5968992114067078 0.005957619287073612 0.005226809065788984 0.006108848378062248
v 0.007751941680908203 -0.011717863380908966 -0.5813953876495361 0.006014525890350342 0.005284461658447981 0.006171962711960077
v 0.007751941680908203 -0.01164272241294384 -0.5658915042877197 0.006015384569764137 0.005300480406731367 0.006194813176989555
v 0.007751941680908203 -0.011557117104530334 -0.5503876209259033 0.005739630199968815 0.0050866384990513325 0.006024299189448357
v 0.007751941680908203 -0.011805089190602303 -0.5348837375640869 0.005661489441990852 0.005034530069679022 0.005975065287202597
v 0.007751941680908203 -0.01168239489197731 -0.5193798542022705 0.005916738882660866 0.005246675573289394 0.006140933372080326
v 0.007751941680908203 -0.011650188826024532 -0.5038759708404541 0.006074928678572178 0.005351029336452484 0.006223028525710106
v 0.007751941680908203 -0.01172209158539772 -0.4883720874786377 0.006112026050686836 0.005354720633476973 0.006216195411980152
v 0.007751941680908203 -0.011830033734440804 -0.4728682041168213 0.006088613998144865 0.005302066449075937 0.006165223196148872
v 0.007751941680908203 -0.011944467201828957 -0.4573643207550049 0.006163457408547401 0.005339019000530243 0.006178627256304026
v 0.007751941680908203 -0.01204037107527256 -0.4418604373931885 0.006268524099141359 0.005393579136580229 0.006214993540197611
v 0.007751941680908203 -0.012179176323115826 -0.42635661363601685 0.0062348004430532455 0.0053681680001318455 0.0061848885379731655
v 0.007751941680908203 -0.0121280113235116 -0.41085273027420044 0.006168622989207506 0.005319412797689438 0.006144833285361528
v 0.007751941680908203 -0.01212153397500515 -0.39534884691238403 0.0060861315578222275 0.005292761139571667 0.006138314958661795
v 0.007751941680908203 -0.012019086629152298 -0.3798449635505676 0.006036342121660709 0.005274491850286722 0.006147322244942188
v 0.007751941680908203 -0.012032197788357735 -0.3643410801887512 0.005972575396299362 0.005269041750580072 0.006162168923765421
v 0.007751941680908203 -0.01192447729408741 -0.3488371968269348 0.005831001326441765 0.005173569079488516 0.006101283244788647
v 0.007751941680908203 -0.01187351904809475 -0.3333333134651184 0.00577768636867404 0.005128178279846907 0.0060685425996780396
v 0.007751941680908203 -0.011894870549440384 -0.317829430103302 0.0057364944368600845 0.005080072674900293 0.006026265677064657
v 0.007751941680908203 -0.011811096221208572 -0.30232560634613037 0.00570529093965888 0.005037261638790369 0.005971803795546293
v 0.007751941680908203 -0.011734138242900372 -0.28682172298431396 0.005731366574764252 0.005030295345932245 0.005952598061412573
v 0.007751941680908203 -0.011689091101288795 -0.27131783962249756 0.005777752958238125 0.005051271989941597 0.0059583415277302265
v 0.007751941680908203 -0.011608455330133438 -0.25581395626068115 0.005791813600808382 0.0050697242841124535 0.0059702275320887566
v 0.007751941680908203 -0.011502869427204132 -0.24031007289886475 0.005838458891957998 0.005116376560181379 0.006008015014231205
v 0.007751941680908203 -0.011508594267070293 -0.22480618953704834 0.005805124528706074 0.005118008237332106 0.005999892950057983
v 0.007751941680908203 -0.01141861267387867 -0.20930230617523193 0.0057644410990178585 0.005111202131956816 0.005998942535370588
v 0.007751941680908203 -0.011280161328613758 -0.19379842281341553 0.005751294549554586 0.005141959525644779 0.006039658095687628
v 0.007751941680908203 -0.011220963671803474 -0.1782945990562439 0.005777535494416952 0.005217703524976969 0.006134682800620794
v 0.007751941680908203 -0.01109418086707592 -0.1627907156944275 0.005798057187348604 0.005281145218759775 0.006211941596120596
v 0.007751941680908203 -0.01126592606306076 -0.14728683233261108 0.00577259436249733 0.005266566760838032 0.006227915640920401
v 0.007751941680908203 -0.011283352971076965 -0.13178294897079468 0.005927858874201775 0.005415121093392372 0.006367186084389687
v 0.007751941680908203 -0.011358330026268959 -0.11627906560897827 0.0060745361261069775 0.00550927734002471 0.0064637004397809505
v 0.007751941680908203 -0.011492647230625153 -0.10077518224716187 0.00609373115003109 0.005520302336663008 0.006479850970208645
v 0.007751941680908203 -0.01133481040596962 -0.08527129888534546 0.006151312030851841 0.0055613163858652115 0.0064879548735916615
v 0.007751941680908203 -0.011383401229977608 -0.06976741552352905 0.006257626228034496 0.0056517706252634525 0.0065482123754918575
v 0.007751941680908203 -0.01140650361776352 -0.05426359176635742 0.00615801801905036 0.005551548209041357 0.00646358635276556
v 0.007751941680908203 -0.011563193053007126 -0.038759708404541016 0.00603628670796752 0.005435505881905556 0.0063863107934594154
v 0.007751941680908203 -0.011453945189714432 -0.02325582504272461 0.005969657562673092 0.0054172370582818985 0.006397618446499109
v 0.007751941680908203 -0.011177841573953629 -0.007751941680908203 0.0057215201668441296 0.0053039127960801125 0.006338831502944231
v 0.007751941680908203 -0.01094860304147005 0.007751941680908203 0.0055440268479287624 0.005153618287295103 0.006186190061271191
v 0.007751941680908203 -0.01080038771033287 0.02325582504272461 0.005401149392127991 0.005022895522415638 0.00606943666934967
v 0.007751941680908203 -0.010636825114488602 0.038759708404541016 0.0053023300133645535 0.00496191019192338 0.006030672695487738
v 0.007751941680908203 -0.010457146912813187 0.05426359176635742 0.005262778140604496 0.004922767635434866 0.00599980354309082
v 0.007751941680908203 -0.01035928726196289 0.06976747512817383 0.005192859098315239 0.004853073973208666 0.005914229433983564
v 0.007751941680908203 -0.010202218778431416 0.08527135848999023 0.005223281681537628 0.004845574498176575 0.005887014791369438
v 0.007751941680908203 -0.010082356631755829 0.10077524185180664 0.00521037308499217 0.004820582456886768 0.005844281520694494
v 0.007751941680908203 -0.009992124512791634 0.11627912521362305 0.005187912378460169 0.004793252795934677 0.0058066523633897305
v 0.007751941680908203 -0.009911244735121727 0.1317828893661499 0.005219000857323408 0.0048097968101501465 0.005808985326439142
v 0.007751941680908203 -0.009680245071649551 0.1472867727279663 0.0052442606538534164 0.004834725521504879 0.0058167860843241215
v 0.007751941680908203 -0.009532454423606396 0.16279065608978271 0.005220372229814529 0.004865010268986225 0.0057874382473528385
v 0.007751941680908203 -0.00941551011055708 0.17829453945159912 0.005175443831831217 0.0048552872613072395 0.005764785688370466
v 0.007751941680908203 -0.009335571900010109 0.19379842281341553 0.005136149935424328 0.00482588354498148 0.005741833243519068
v 0.007751941680908203 -0.00922344159334898 0.20930230617523193 0.005097961984574795 0.004806384909898043 0.005724008660763502
v 0.007751941680908203 -0.009178677573800087 0.22480618953704834 0.005218970123678446 0.00495584961026907 0.005847480613738298
v 0.007751941680908203 -0.009162400849163532 0.24031007289886475 0.0052535077556967735 0.004994427319616079 0.005882684141397476
v 0.007751941680908203 -0.009043036960065365 0.25581395626068115 0.005375542212277651 0.005102827679365873 0.00596528360620141
v 0.007751941680908203 -0.00889890268445015 0.27131783962249756 0.005371599458158016 0.005092114210128784 0.0059410277754068375
v 0.007751941680908203 -0.008781475014984608 0.28682172298431396 0.005351820029318333 0.00507282093167305 0.0058905016630887985
v 0.007751941680908203 -0.00864970963448286 0.30232560634613037 0.0053870496340096 0.005089244805276394 0.005896848160773516
v 0.007751941680908203 -0.008504457771778107 0.3178294897079468 0.005354857072234154 0.0049973465502262115 0.0058791544288396835
v 0.007751941680908203 -0.008670502342283726 0.3333333730697632 0.005367638543248177 0.004938378464430571 0.005842763930559158
v 0.007751941680908203 -0.008891969919204712 0.3488372564315796 0.00529616279527545 0.004838558379560709 0.005693553015589714
v 0.007751941680908203 -0.009057936258614063 0.364341139793396 0.005235666409134865 0.004814134910702705 0.005613792687654495
v 0.007751941680908203 -0.00917433388531208 0.37984490394592285 0.004936654586344957 0.00457910168915987 0.0054761492647230625
v 0.007751941680908203 -0.008947093971073627 0.39534878730773926 0.004797675646841526 0.004488610662519932 0.005370310507714748
v 0.007751941680908203 -0.008680328726768494 0.41085267066955566 0.004774495027959347 0.004468546714633703 0.005289464723318815
v 0.007751941680908203 -0.008540538139641285 0.42635655403137207 0.004651236347854137 0.004345720633864403 0.00515082897618413
v 0.007751941680908203 -0.008320637978613377 0.4418604373931885 0.004428018815815449 0.004157372284680605 0.004968009889125824
v 0.007751941680908203 -0.007904221303761005 0.4573643207550049 0.004256043117493391 0.00399036705493927 0.004704322200268507
v 0.007751941680908203 -0.007840299047529697 0.5658915042877197 0.0035424663219600916 0.003613548818975687 0.0042380657978355885
v 0.007751941680908203 -0.007834797725081444 0.5813953876495361 0.003338286653161049 0.003388297511264682 0.004088276997208595
v 0.007751941680908203 -0.00823663268238306 0.6899224519729614 0.003030071035027504 0.003117047483101487 0.0038885995745658875
v 0.007751941680908203 -0.008370966650545597 0.7054263353347778 0.003204887267202139 0.0031872547697275877 0.0040827165357768536
v 0.007751941680908203 -0.008472380228340626 0.7209302186965942 0.003269950160756707 0.003231494687497616 0.004185551777482033
v 0.007751941680908203 -0.009044508449733257 0.7364341020584106 0.0034436790738254786 0.003356264904141426 0.004496684297919273
v 0.007751941680908203 -0.011372067965567112 0.751937985420227 0.0039223614148795605 0.003695243503898382 0.004849831573665142
v 0.007751941680908203 -0.009638606570661068 0.7674418687820435 0.003580341814085841 0.00354433199390769 0.004646176006644964
v 0.007751941680908203 -0.009877817705273628 0.7829457521438599 0.003357152920216322 0.0033155130222439766 0.004455614369362593
v 0.007751941680908203 -0.00994897074997425 0.7984496355056763 0.003546839812770486 0.003501521423459053 0.004633042495697737
v 0.007751941680908203 -0.00985812023282051 0.8139535188674927 0.0037760359700769186 0.0036670903209596872 0.004755532834678888
v 0.007751941680908203 -0.00971165020018816 0.8294574022293091 0.0037679208908230066 0.00362034747377038 0.004695069044828415
v 0.007751941680908203 -0.009497961960732937 0.8449612855911255 0.003803265281021595 0.003624828066676855 0.00469691026955843
v 0.007751941680908203 -0.009311084635555744 0.8604651689529419 0.0038535853382200003 0.0036338483914732933 0.004722645506262779
v 0.007751941680908203 -0.009128952398896217 0.8759689331054688 0.003880720352753997 0.003632249543443322 0.004747635219246149
v 0.007751941680908203 -0.009020759724080563 0.8914728164672852 0.00398322893306613 0.003694388782605529 0.004860284738242626
v 0.007751941680908203 -0.009792794473469257 0.9069766998291016 0.004118832293897867 0.00385284423828125 0.005046754609793425
v 0.007751941680908203 0.005406525917351246 0.3178294897079468 0.0053632622584700584 0.004855196923017502 0.005679459311068058
v 0.007751941680908203 0.00637208204716444 0.3333333730697632 0.005238796584308147 0.0047447578981518745 0.005642973352223635
v 0.007751941680908203 0.006615429185330868 0.41085267066955566 0.004588994663208723 0.004331160336732864 0.005152433179318905
v 0.007751941680908203 0.004893643781542778 0.42635655403137207 0.0046181934885680676 0.0042164684273302555 0.004964288789778948
v 0.007751941680908203 0.0024664532393217087 0.4418604373931885 0.004772671964019537 0.004187856800854206 0.004872518125921488
v 0.007751941680908203 -0.0029177514370530844 0.4573643207550049 0.004706805106252432 0.004090331960469484 0.004678022116422653
v 0.007751941680908203 0.015857916325330734 -0.9534883499145508 0.005636960733681917 0.005374842789024115 0.00625075027346611
v 0.007751941680908203 0.011869339272379875 -0.9379844665527344 0.006789708975702524 0.006304391194134951 0.007109059486538172
v 0.007751941215246916 0.012162038125097752 -0.922480583190918 0.00656122574582696 0.005896253976970911 0.00689563388004899
v 0.007751941680908203 0.014081485569477081 -0.9069767594337463 0.0060144164599478245 0.005390615668147802 0.006486421916633844
v 0.007751941680908203 0.01574745588004589 -0.8914728760719299 0.00582289369776845 0.0053026615642011166 0.0064017376862466335
v 0.007751941680908203 0.014414423145353794 -0.8759689927101135 0.005951567552983761 0.005297926254570484 0.006345487665385008
v 0.007751941680908203 0.014032552018761635 -0.8604651689529419 0.0060476516373455524 0.005354306660592556 0.006370502524077892
v 0.007751941680908203 0.013823041692376137 -0.8449611663818359 0.006121207028627396 0.0053816442377865314 0.006390223279595375
v 0.007751941215246916 0.013520985841751099 -0.8294572830200195 0.006304479669779539 0.005442147143185139 0.006446533370763063
v 0.007751941680908203 0.01310584507882595 -0.8139535188674927 0.006616778671741486 0.005644001066684723 0.00659180199727416
v 0.007751941680908203 0.012731801718473434 -0.7984496355056763 0.00649826368317008 0.005579567048698664 0.006535297259688377
v 0.007751941680908203 0.012311985716223717 -0.7829457521438599 0.006367934867739677 0.0054886071011424065 0.006447566673159599
v 0.007751941680908203 0.012002977542579174 -0.7674418687820435 0.006083816755563021 0.005279748700559139 0.0062827919609844685
v 0.007751941680908203 0.011850697919726372 -0.751937985420227 0.005734242033213377 0.004984831903129816 0.006088238209486008
v 0.007751941680908203 0.011815855279564857 -0.7364341020584106 0.005506679881364107 0.0048002214170992374 0.005962383933365345
v 0.007751941680908203 0.011611859314143658 -0.7209302186965942 0.005534416530281305 0.004825327079743147 0.005961300805211067
v 0.007751941680908203 0.011315194889903069 -0.7054263353347778 0.005475225392729044 0.004763997159898281 0.005900656338781118
v 0.007751941215246916 0.011249068193137646 -0.6899224519729614 0.005478530656546354 0.004746984224766493 0.005896253976970911
v 0.007751941680908203 0.011188643053174019 -0.674418568611145 0.005488468799740076 0.004733426496386528 0.005881877150386572
v 0.007751941680908203 0.011266203597187996 -0.6589146852493286 0.005589280743151903 0.004812432918697596 0.005932100582867861
v 0.007751941680908203 0.011345905251801014 -0.6434108018875122 0.005653555039316416 0.004866943694651127 0.005958164110779762
v 0.007751941680908203 0.01141570694744587 -0.6279069781303406 0.005702418740838766 0.004918382968753576 0.0059843831695616245
v 0.00775194214656949 0.011387533508241177 -0.612403154373169 0.0057554710656404495 0.00498237693682313 0.006018593907356262
v 0.007751941680908203 0.011420967988669872 -0.5968992114067078 0.005730033852159977 0.0049656289629638195 0.00599671108648181
v 0.007751941680908203 0.011449168436229229 -0.5813953876495361 0.005701553542166948 0.004937507677823305 0.005975417792797089
v 0.007751941680908203 0.01144662406295538 -0.5658915042877197 0.005722973495721817 0.0049559748731553555 0.006000503432005644
v 0.00775194214656949 0.011416246183216572 -0.5503876209259033 0.005588488653302193 0.004846225026994944 0.005936233792454004
v 0.007751941680908203 0.0116165392100811 -0.5348837375640869 0.005542251281440258 0.004816404078155756 0.005909789819270372
v 0.007751941680908203 0.011553999036550522 -0.5193798542022705 0.005661068018525839 0.004915296100080013 0.00595829775556922
v 0.007751941215246916 0.011517209932208061 -0.5038759708404541 0.005752663128077984 0.004962276201695204 0.005981077905744314
v 0.007751941680908203 0.011575940996408463 -0.4883720874786377 0.005805705673992634 0.004979630932211876 0.00598626583814621
v 0.007751941680908203 0.011575160548090935 -0.4728681743144989 0.005818820092827082 0.004958778154104948 0.005954066291451454
v 0.007751941680908203 0.011584553867578506 -0.4573643207550049 0.0058396062813699245 0.0049669076688587666 0.005938550923019648
v 0.007751941680908203 0.011476502753794193 -0.4418604373931885 0.005831144750118256 0.00493771443143487 0.005908113904297352
v 0.00775194214656949 0.011220861226320267 -0.42635661363601685 0.005789944436401129 0.004910930059850216 0.005877943709492683
v 0.007751941680908203 0.010904375463724136 -0.41085273027420044 0.005688162054866552 0.004841187037527561 0.005828988738358021
v 0.007751941680908203 0.01076660118997097 -0.39534884691238403 0.005530887749046087 0.004740078933537006 0.0057500312104821205
v 0.007751941680908203 0.010610179044306278 -0.3798449635505676 0.005477109923958778 0.004717240575700998 0.005741211120039225
v 0.007751941680908203 0.01052594929933548 -0.3643410801887512 0.0054517462849617004 0.004726889077574015 0.00575600890442729
v 0.007751941680908203 0.010341429151594639 -0.3488371968269348 0.005372191779315472 0.004671438597142696 0.005713217426091433
v 0.007751941680908203 0.010216956958174706 -0.3333333134651184 0.005388679448515177 0.004684033337980509 0.005721493624150753
v 0.007751941680908203 0.010125137865543365 -0.317829430103302 0.005412587430328131 0.0046884543262422085 0.005719888489693403
v 0.007751941680908203 0.010064464062452316 -0.30232560634613037 0.005411631893366575 0.004677983932197094 0.00570338312536478
v 0.007751941680908203 0.009952113032341003 -0.28682172298431396 0.005436088889837265 0.00467963982373476 0.00569751625880599
v 0.007751941680908203 0.009960227645933628 -0.27131783962249756 0.005486540030688047 0.004714074544608593 0.0057161226868629456
v 0.007751941680908203 0.009935786947607994 -0.25581395626068115 0.005496343597769737 0.004737806040793657 0.005725902505218983
v 0.007751941680908203 0.0098784901201725 -0.24031007289886475 0.005538811441510916 0.004786154720932245 0.00576225109398365
v 0.007751941680908203 0.009838253259658813 -0.22480618953704834 0.005513517651706934 0.004791006445884705 0.005758572369813919
v 0.007751941680908203 0.009771720506250858 -0.20930230617523193 0.005451733712106943 0.004758048802614212 0.005735116545110941
v 0.007751941680908203 0.009806924499571323 -0.19379842281341553 0.005415184888988733 0.004751923028379679 0.0057370299473404884
v 0.007751941680908203 0.009812969714403152 -0.1782945990562439 0.005444678943604231 0.004810428712517023 0.00579825509339571
v 0.007751941680908203 0.009883781895041466 -0.1627907156944275 0.005491440650075674 0.00486047612503171 0.005869227461516857
v 0.007751941680908203 0.010040444321930408 -0.14728683233261108 0.005489293020218611 0.004847930744290352 0.005881219170987606
v 0.007751941680908203 0.010092517361044884 -0.13178294897079468 0.005650583654642105 0.004989450331777334 0.0060023358091712
v 0.007751941680908203 0.010048897936940193 -0.11627906560897827 0.005779156927019358 0.005077173002064228 0.0060789682902395725
v 0.007751941680908203 0.01009394507855177 -0.10077518224716187 0.0058763353154063225 0.005137790460139513 0.0061252969317138195
v 0.007751941680908203 0.009922822937369347 -0.08527129888534546 0.005893295630812645 0.005165263544768095 0.00612994097173214
v 0.00775194214656949 0.009870130568742752 -0.06976741552352905 0.0060315001755952835 0.005289676133543253 0.006211112719029188
v 0.007751941680908203 0.009783774614334106 -0.05426359176635742 0.005956402979791164 0.005225324537605047 0.006160925142467022
v 0.007751941680908203 0.009797979146242142 -0.038759708404541016 0.005889010149985552 0.00514382915571332 0.006114342715591192
v 0.00775194214656949 0.009627296589314938 -0.02325582504272461 0.005782663822174072 0.005112334620207548 0.006116366479545832
v 0.007751941680908203 0.009440693072974682 -0.007751941680908203 0.005515494849532843 0.005008168984204531 0.006066672038286924
v 0.007751941680908203 0.009389130398631096 0.007751941680908203 0.0053122807294130325 0.004847148898988962 0.00591674167662859
v 0.007751941680908203 0.009364202618598938 0.02325582504272461 0.005229613743722439 0.00476204976439476 0.005831643473356962
v 0.007751941680908203 0.009277205914258957 0.038759708404541016 0.00514625757932663 0.004716383758932352 0.005798643454909325
v 0.00775194214656949 0.009188804775476456 0.05426359176635742 0.0051278588362038136 0.0047063627280294895 0.005790391005575657
v 0.00775194214656949 0.009148400276899338 0.06976748257875443 0.005116806365549564 0.004690637346357107 0.0057520559057593346
v 0.00775194214656949 0.009058516472578049 0.08527135848999023 0.005108080338686705 0.004674079362303019 0.005726594012230635
v 0.007751941680908203 0.008944434113800526 0.10077524185180664 0.005115301813930273 0.0046842023730278015 0.005720425862818956
v 0.007751941215246916 0.008840318769216537 0.11627912521362305 0.005080115981400013 0.0046578883193433285 0.0056818570010364056
v 0.007751941680908203 0.008787203580141068 0.1317828893661499 0.005078860558569431 0.004657658748328686 0.005672269035130739
v 0.007751941680908203 0.008650606498122215 0.1472867727279663 0.005100731272250414 0.004678389057517052 0.005668358877301216
v 0.007751941680908203 0.008523639291524887 0.16279065608978271 0.005070963874459267 0.004697505384683609 0.0056426040828228
v 0.00775194214656949 0.008429039269685745 0.17829453945159912 0.0049231816083192825 0.0046175820752978325 0.0055598788894712925
v 0.007751941680908203 0.008460589684545994 0.19379840791225433 0.004860471002757549 0.0045746564865112305 0.005508594214916229
v 0.007751941680908203 0.008402986451983452 0.20930232107639313 0.0048529645428061485 0.004573183134198189 0.005500716622918844
v 0.007751941680908203 0.008370046503841877 0.22480618953704834 0.004973169881850481 0.004722747951745987 0.00563655374571681
v 0.007751941680908203 0.008349348790943623 0.24031007289886475 0.00499157328158617 0.0047568585723638535 0.005686232820153236
v 0.007751941680908203 0.008292997255921364 0.25581395626068115 0.005119143053889275 0.004858298227190971 0.005780285224318504
v 0.007751941680908203 0.008239435032010078 0.27131783962249756 0.0052158948965370655 0.004920331295579672 0.005823362618684769
v 0.007751941680908203 0.008139500394463539 0.28682172298431396 0.005211556795984507 0.00489028450101614 0.005771556403487921
v 0.007751941680908203 0.007972299121320248 0.30232560634613037 0.005204191897064447 0.004861033987253904 0.005747368559241295
v 0.007751941680908203 0.007894971407949924 0.3488372564315796 0.00506615312770009 0.004640612751245499 0.0055458880960941315
v 0.007751941680908203 0.007928028702735901 0.364341139793396 0.004920696374028921 0.004582430701702833 0.005446647759526968
v 0.00775194214656949 0.007926445454359055 0.37984490394592285 0.00467186514288187 0.004455661401152611 0.005407377146184444
v 0.00775194214656949 0.007834170944988728 0.39534878730773926 0.0045387884601950645 0.004387127701193094 0.0053125605918467045
v 0.007751941680908203 0.007793361321091652 0.5658915042877197 0.0034119179472327232 0.0037918868474662304 0.004333830904215574
v 0.007751941680908203 0.007813024334609509 0.5813953876495361 0.003230354515835643 0.0035485103726387024 0.00412933062762022
v 0.007751941680908203 0.007880470715463161 0.6899224519729614 0.0031413938850164413 0.003248081309720874 0.004002729896456003
v 0.007751941680908203 0.00788935273885727 0.7054263353347778 0.0032425278332084417 0.003334101289510727 0.00426695728674531
v 0.007751941680908203 0.007877197116613388 0.7209302186965942 0.0032378884498029947 0.003349265782162547 0.004365965258330107
v 0.007751941680908203 0.008347636088728905 0.7364341020584106 0.0033707083202898502 0.003411493031308055 0.004580045584589243
v 0.007751941680908203 0.00919823907315731 0.751937985420227 0.003721205284819007 0.003553487593308091 0.004676107782870531
v 0.007751941680908203 0.008653201162815094 0.7674418687820435 0.0035033845342695713 0.003575134091079235 0.004717657808214426
v 0.007751941680908203 0.008824733085930347 0.7829457521438599 0.003257496515288949 0.0033244488295167685 0.0044819870963692665
v 0.007751941680908203 0.008969823829829693 0.7984496355056763 0.0035653826780617237 0.003550164867192507 0.004702371545135975
v 0.00775194214656949 0.008902467787265778 0.8139535188674927 0.0038120506796985865 0.003662079107016325 0.004782050382345915
v 0.007751941680908203 0.008824658580124378 0.8294574022293091 0.003786256304010749 0.003592086723074317 0.004710057750344276
v 0.007751941680908203 0.008724096231162548 0.8449612259864807 0.0038371807895600796 0.0036084528546780348 0.004742723423987627
v 0.007751941680908203 0.008636508136987686 0.8604651689529419 0.003906788304448128 0.003642567666247487 0.004802004899829626
v 0.007751941680908203 0.00855409074574709 0.8759689927101135 0.0039299591444432735 0.0036487579345703125 0.004834160208702087
v 0.007751941680908203 0.008511523716151714 0.8914728164672852 0.003996745217591524 0.0037051767576485872 0.0049346210435032845
v 0.007751941680908203 0.008782807737588882 0.9069766402244568 0.004053855314850807 0.0038335358258336782 0.0050478773191571236
v 0.007751941680908203 0.021264320239424706 0.922480583190918 0.005033653695136309 0.004888941068202257 0.005882477853447199
v 0.007751941680908203 0.038139134645462036 0.9379844665527344 0.004462049808353186 0.004461812786757946 0.004816517233848572
v 0.007751941680908203 0.02424519881606102 0.9534883499145508 0.005825499538332224 0.00482884282246232 0.005186859983950853
v 0.00775194214656949 0.1379753202199936 -0.9844961762428284 0.00579626951366663 0.004748604726046324 0.006579711101949215
v 0.007751941680908203 0.1324387788772583 -0.9689922332763672 0.00588570348918438 0.005626986734569073 0.007143129128962755
v 0.007751941680908203 0.14157161116600037 0.751937985420227 0.010639136657118797 0.007799459155648947 0.0099635673686862
v 0.007751941680908203 0.1409100741147995 0.7674418687820435 0.037177011370658875 0.029516763985157013 0.029183555394411087
v 0.007751941680908203 0.14119000732898712 0.7829457521438599 0.32249194383621216 0.2829671800136566 0.26546725630760193
v 0.007751941680908203 0.14481620490550995 0.7984496355056763 0.6098446249961853 0.5801506638526917 0.5427266955375671
v 0.007751941680908203 0.14689168334007263 0.8139535188674927 0.6999531984329224 0.6852931976318359 0.6479190587997437
v 0.007751941680908203 0.1460365653038025 0.9534883499145508 0.030051281675696373 0.02493472211062908 0.023753957822918892
v 0.007751941680908203 0.1450849324464798 0.9689922332763672 0.009934620000422001 0.008449840359389782 0.00996469333767891
v 0.007751941680908203 0.1433197259902954 0.9844961166381836 0.005951714236289263 0.005097070708870888 0.007520856335759163
v 0.007751941680908203 0.14798717200756073 0.751937985420227 0.008755062706768513 0.0068395668640732765 0.008670580573379993
v 0.007751941680908203 0.1484721153974533 0.7674419283866882 0.016412997618317604 0.012907675467431545 0.013641484081745148
v 0.00775194214656949 0.14851778745651245 0.7829457521438599 0.14984115958213806 0.13043086230754852 0.1250600516796112
v 0.007751941680908203 0.14780081808567047 0.7984496355056763 0.5470079183578491 0.5177443027496338 0.485883891582489
v 0.007751941680908203 0.14735247194766998 0.8139535188674927 0.6985984444618225 0.6835910677909851 0.6472208499908447
v 0.007751941680908203 0.1484825164079666 0.9534883499145508 0.024749519303441048 0.021054524928331375 0.020965881645679474
v 0.007751941680908203 0.1495630294084549 0.9689922332763672 0.007848179899156094 0.0069221267476677895 0.008373419754207134
v 0.007751941680908203 0.1510000079870224 0.9844961762428284 0.005008351523429155 0.004444555379450321 0.006135762669146061
v 0.02325582504272461 -0.14976157248020172 0.751937985420227 0.009360481053590775 0.00717886071652174 0.009594347327947617
v 0.02325582504272461 -0.14984163641929626 0.7674418687820435 0.018448932096362114 0.014785336330533028 0.015707936137914658
v 0.02325582504272461 -0.1496760994195938 0.7829457521438599 0.2374643087387085 0.2451198697090149 0.24043715000152588
v 0.02325582504272461 -0.14905989170074463 0.7984496355056763 0.5842490196228027 0.5983924269676208 0.5667726993560791
v 0.02325582504272461 -0.14886754751205444 0.8139535188674927 0.6695674657821655 0.6804748773574829 0.6423794031143188
v 0.02325582504272461 -0.14872656762599945 0.8294574022293091 0.7127704620361328 0.7207493782043457 0.6800844669342041
v 0.02325582504272461 -0.1484977751970291 0.8449612855911255 0.7311917543411255 0.7372425198554993 0.6951481103897095
v 0.02325582504272461 -0.14826908707618713 0.8604651689529419 0.7433220148086548 0.7474642992019653 0.70409095287323
v 0.02325582504272461 -0.1481187790632248 0.8759689331054688 0.7394638657569885 0.7422317862510681 0.698114275932312
v 0.02325582504272461 -0.14731237292289734 0.8914728164672852 0.7254824042320251 0.727778434753418 0.6821908950805664
v 0.02325582504272461 -0.14966250956058502 0.9379844665527344 0.5338754653930664 0.5469004511833191 0.5084983110427856
v 0.02325582504272461 -0.1504109650850296 0.9534883499145508 0.3640481233596802 0.3701862096786499 0.3574056327342987
v 0.02325582504272461 -0.15119174122810364 0.9689922332763672 0.10337762534618378 0.10260264575481415 0.10714433342218399
v 0.02325582504272461 -0.15361961722373962 0.9844961166381836 0.00926858652383089 0.00823950208723545 0.009912585839629173
v 0.02325582504272461 -0.1364922970533371 -0.9844961166381836 0.005679937545210123 0.004567468073219061 0.006733746267855167
v 0.02325582504272461 -0.13212145864963531 -0.9689922332763672 0.005908716935664415 0.005828653462231159 0.007761066313832998
v 0.02325582504272461 -0.14559078216552734 0.7519379258155823 0.01068937499076128 0.008071066811680794 0.010844375938177109
v 0.02325582504272461 -0.14559584856033325 0.7674418687820435 0.024532683193683624 0.01884753629565239 0.02063913457095623
v 0.02325582504272461 -0.14511294662952423 0.7829457521438599 0.3719712197780609 0.3632541000843048 0.35961881279945374
v 0.02325582318007946 -0.14482669532299042 0.7984496355056763 0.6422744393348694 0.6438722014427185 0.6123542189598083
v 0.02325582504272461 -0.14347536861896515 0.8139535188674927 0.7122622728347778 0.7126757502555847 0.6728995442390442
v 0.02325582504272461 -0.14074569940567017 0.8294574022293091 0.7479485869407654 0.7456159591674805 0.7033957839012146
v 0.02325582504272461 -0.13678446412086487 0.8449612855911255 0.7683495879173279 0.7613324522972107 0.7210776209831238
v 0.02325582504272461 -0.140260711312294 0.8604651689529419 0.774437427520752 0.7730490565299988 0.7284812927246094
v 0.02325582504272461 -0.14414963126182556 0.875968873500824 0.7644882798194885 0.7658973932266235 0.7199766039848328
v 0.02325582504272461 -0.1472373753786087 0.8914727568626404 0.7269096374511719 0.7292935848236084 0.6834753751754761
v 0.02325582504272461 -0.1455579549074173 0.9379844665527344 0.6169300675392151 0.6165975332260132 0.5735164880752563
v 0.02325582318007946 -0.14529217779636383 0.953488290309906 0.4974054992198944 0.4925488233566284 0.46092990040779114
v 0.02325582504272461 -0.14522936940193176 0.9689922332763672 0.24228376150131226 0.23356525599956512 0.2227392941713333
v 0.02325582504272461 -0.14178162813186646 0.9844961166381836 0.04078707471489906 0.0346919521689415 0.03715519234538078
v 0.02325582504272461 -0.04860494285821915 0.9379844665527344 0.003950027283281088 0.0038734469562768936 0.004506978206336498
v 0.02325582504272461 -0.03687363490462303 0.9534883499145508 0.0052005574107170105 0.004649171140044928 0.005151667166501284
v 0.02325582504272461 0.008885645307600498 0.9534883499145508 0.005918317940086126 0.005187989678233862 0.005274319089949131
v 0.02325582504272461 0.027620460838079453 0.9379844665527344 0.004434706177562475 0.004179817158728838 0.004542321898043156
v 0.02325582504272461 0.1378961205482483 -0.9844961166381836 0.0058678071945905685 0.004729342646896839 0.006568691227585077
v 0.02325582504272461 0.13241197168827057 -0.9689922332763672 0.005885537248104811 0.005551333539187908 0.0070268032141029835
v 0.02325582504272461 0.13868077099323273 0.751937985420227 0.009195084683597088 0.00686319125816226 0.00912023801356554
v 0.02325582504272461 0.13873615860939026 0.7674418687820435 0.036692146211862564 0.03021307662129402 0.03002859465777874
v 0.02325582504272461 0.13999219238758087 0.7829457521438599 0.3404216468334198 0.3038921058177948 0.2808053195476532
v 0.02325582504272461 0.1463720202445984 0.9534883499145508 0.03214418515563011 0.027353951707482338 0.026101239025592804
v 0.02325582504272461 0.14530758559703827 0.9689922332763672 0.009980392642319202 0.008651522919535637 0.010097626596689224
v 0.02325582504272461 0.14407435059547424 0.9844961166381836 0.005924772936850786 0.005053848959505558 0.007451330311596394
v 0.02325582504272461 0.14784398674964905 0.751937985420227 0.008050253614783287 0.006323435343801975 0.008258932270109653
v 0.02325582504272461 0.14816714823246002 0.7674418687820435 0.015270115807652473 0.01195058599114418 0.012732090428471565
v 0.02325582318007946 0.14804702997207642 0.7829457521438599 0.1378091722726822 0.12375249713659286 0.11596307158470154
v 0.02325582504272461 0.14804843068122864 0.9534883499145508 0.026753241196274757 0.02317679114639759 0.022799177095294
v 0.02325582504272461 0.14902363717556 0.9689922332763672 0.008208543993532658 0.007277285680174828 0.008699372410774231
v 0.02325582504272461 0.1500830352306366 0.9844961166381836 0.0050590080209076405 0.0044433558359742165 0.006146423518657684
v 0.038759708404541016 -0.15002036094665527 0.751937985420227 0.009341861121356487 0.007229418959468603 0.009783613495528698
v 0.038759708404541016 -0.15008623898029327 0.7674418687820435 0.020206833258271217 0.016303174197673798 0.01721002720296383
v 0.038759708404541016 -0.1500861644744873 0.7829457521438599 0.3286040127277374 0.33586177229881287 0.3332248330116272
v 0.038759708404541016 -0.14954516291618347 0.7984496355056763 0.6466056108474731 0.6602805852890015 0.6317328810691833
v 0.038759708404541016 -0.14936409890651703 0.8139535188674927 0.7100255489349365 0.718433141708374 0.6825211048126221
v 0.038759708404541016 -0.1492404192686081 0.8294574022293091 0.7387979030609131 0.7447056174278259 0.7061270475387573
v 0.038759708404541016 -0.14907094836235046 0.8449612855911255 0.7530903816223145 0.7577595710754395 0.7174885869026184
v 0.038759708404541016 -0.14894311130046844 0.8604651689529419 0.7599496841430664 0.7636891007423401 0.7222047448158264
v 0.038759708404541016 -0.14891937375068665 0.8759689331054688 0.7562202215194702 0.7591125965118408 0.716809868812561
v 0.038759708404541016 -0.14857034385204315 0.8914728164672852 0.7433163523674011 0.7458968758583069 0.7025499939918518
v 0.038759708404541016 -0.14847008883953094 0.9069766998291016 0.707438051700592 0.7116326689720154 0.6687408685684204
v 0.038759708404541016 -0.14935672283172607 0.922480583190918 0.6534793972969055 0.6622415781021118 0.6213467121124268
v 0.038759708404541016 -0.15035589039325714 0.9379844665527344 0.5847386717796326 0.5967255234718323 0.5622240304946899
v 0.038759708404541016 -0.15057002007961273 0.9534883499145508 0.44307267665863037 0.45323216915130615 0.437918484210968
v 0.038759708404541016 -0.15125441551208496 0.9689922332763672 0.11500614881515503 0.11337138712406158 0.11778070032596588
v 0.038759708404541016 -0.154069721698761 0.9844961166381836 0.008836518973112106 0.007735732477158308 0.009451081976294518
v 0.038759708404541016 -0.1367279291152954 -0.9844961166381836 0.005573218688368797 0.004480446223169565 0.006685094907879829
v 0.038759708404541016 -0.13227666914463043 -0.9689922332763672 0.00575481541454792 0.005631935782730579 0.007607177831232548
v 0.038759708404541016 -0.1450427770614624 0.751937985420227 0.01108351070433855 0.008499904535710812 0.011390249244868755
v 0.038759708404541016 -0.14508384466171265 0.7674418687820435 0.030256513506174088 0.023727044463157654 0.02512713149189949
v 0.038759708404541016 -0.14405816793441772 0.7829457521438599 0.47751954197883606 0.46620333194732666 0.4542652666568756
v 0.038759708404541016 -0.1424766182899475 0.7984495759010315 0.7041032910346985 0.6993803977966309 0.6632747650146484
v 0.038759708404541016 -0.13798430562019348 0.8139535188674927 0.7588673233985901 0.749366819858551 0.7065942287445068
v 0.038759708404541016 -0.134712815284729 0.8759689331054688 0.7955873012542725 0.7869475483894348 0.7430078983306885
v 0.038759708404541016 -0.14364312589168549 0.8914728164672852 0.774163544178009 0.7730458378791809 0.7275117635726929
v 0.038759712129831314 -0.14539508521556854 0.9069766998291016 0.737440824508667 0.7381448149681091 0.6925950050354004
v 0.038759708404541016 -0.14511166512966156 0.922480583190918 0.7047463059425354 0.7040836215019226 0.6592184901237488
v 0.038759712129831314 -0.14474278688430786 0.9379844665527344 0.6764402985572815 0.672299325466156 0.6285964846611023
v 0.038759712129831314 -0.1449127197265625 0.9534884095191956 0.5742047429084778 0.5674856305122375 0.531897246837616
v 0.038759708404541016 -0.14495186507701874 0.9689922332763672 0.2822343409061432 0.2725924849510193 0.25705063343048096
v 0.038759708404541016 -0.14128991961479187 0.9844961166381836 0.04238717630505562 0.036723267287015915 0.03804171457886696
v 0.038759708404541016 -0.13073962926864624 0.8294574022293091 0.7756094336509705 0.7587907314300537 0.718744158744812
v 0.038759708404541016 -0.12917819619178772 0.8449612855911255 0.7839820384979248 0.7681710124015808 0.7278200387954712
v 0.038759708404541016 -0.1300228238105774 0.8604651689529419 0.7931571006774902 0.7794679999351501 0.7380248308181763
v 0.038759708404541016 -0.02401416376233101 0.9379844665527344 0.004119626712054014 0.004050805699080229 0.004531619139015675
v 0.038759708404541016 -0.006614753045141697 0.9379844069480896 0.004129587672650814 0.004121589474380016 0.004348617512732744
v 0.038759708404541016 0.1317199170589447 0.751937985420227 0.009784815832972527 0.007866841740906239 0.010504074394702911
v 0.038759708404541016 0.13150276243686676 0.7674418687820435 0.0728069543838501 0.06353730708360672 0.06021454557776451
v 0.038759708404541016 0.13151584565639496 0.7829457521438599 0.6076247692108154 0.565484344959259 0.5350294709205627
v 0.038759708404541016 0.13169042766094208 0.7984496355056763 0.7614551186561584 0.7336634993553162 0.6911024451255798
v 0.038759708404541016 0.1314554065465927 0.8139535188674927 0.7869690656661987 0.7669680714607239 0.72476726770401
v 0.038759708404541016 0.13089965283870697 0.8294574022293091 0.8022614121437073 0.7863765358924866 0.7497149109840393
v 0.038759708404541016 0.13076163828372955 0.8449612855911255 0.8112546801567078 0.7982661724090576 0.7651678919792175
v 0.038759708404541016 0.13815295696258545 -0.9844961166381836 0.005995180923491716 0.004759883973747492 0.006649760529398918
v 0.038759712129831314 0.13256867229938507 -0.968992292881012 0.005914151668548584 0.00553411478176713 0.006979064550250769
v 0.038759708404541016 0.1415499448776245 0.8294574022293091 0.7889382839202881 0.7852863073348999 0.7461788058280945
v 0.038759708404541016 0.1374650001525879 0.8449612855911255 0.8066623210906982 0.8041243553161621 0.7687856554985046
v 0.038759708404541016 0.14585529267787933 0.9534883499145508 0.05960993468761444 0.05145306885242462 0.04795300215482712
v 0.038759708404541016 0.14456649124622345 0.9689922332763672 0.012089960277080536 0.010330970399081707 0.011804159730672836
v 0.038759708404541016 0.14317746460437775 0.9844961166381836 0.006285248324275017 0.005416290834546089 0.007903335615992546
v 0.038759708404541016 0.14787103235721588 0.751937985420227 0.00790820736438036 0.0063077304512262344 0.008434036746621132
v 0.038759708404541016 0.14829526841640472 0.7674418687820435 0.015950674191117287 0.012615839019417763 0.013846523128449917
v 0.038759708404541016 0.14798185229301453 0.7829457521438599 0.2246817797422409 0.20430365204811096 0.19290442764759064
v 0.038759708404541016 0.14748767018318176 0.7984496355056763 0.6355636715888977 0.6163824796676636 0.5744680166244507
v 0.038759708404541016 0.14734779298305511 0.8139535188674927 0.7267350554466248 0.7147176265716553 0.6723542213439941
v 0.038759708404541016 0.14826428890228271 0.9534883499145508 0.04124320670962334 0.036108169704675674 0.03559937700629234
v 0.038759708404541016 0.14913515746593475 0.9689922332763672 0.008677969686686993 0.007605757098644972 0.009242904372513294
v 0.038759708404541016 0.15058477222919464 0.9844960570335388 0.005138674285262823 0.004509586840867996 0.006288680247962475
v 0.05426359176635742 -0.1501094400882721 0.751937985420227 0.008965651504695415 0.006991037633270025 0.009687907062470913
v 0.05426359176635742 -0.15019220113754272 0.7674418687820435 0.01982698030769825 0.015879692509770393 0.017171412706375122
v 0.05426359176635742 -0.1499805599451065 0.7829457521438599 0.3618448078632355 0.3634161651134491 0.36104586720466614
v 0.05426359176635742 -0.149679034948349 0.7984496355056763 0.6675740480422974 0.6782231330871582 0.6508809924125671
v 0.05426359176635742 -0.14956046640872955 0.8139535188674927 0.7223891019821167 0.7295719385147095 0.6947140097618103
v 0.05426359176635742 -0.1494639813899994 0.8294574022293091 0.7486432790756226 0.7537944912910461 0.7159739136695862
v 0.05426359176635742 -0.14935390651226044 0.8449612855911255 0.7589196562767029 0.7632845640182495 0.7239196300506592
v 0.05426359176635742 -0.14929834008216858 0.8604651689529419 0.7644213438034058 0.7682133316993713 0.7277209162712097
v 0.05426359176635742 -0.14933443069458008 0.8759689331054688 0.7601565718650818 0.7638031244277954 0.7225238680839539
v 0.05426359176635742 -0.1491541564464569 0.8914728164672852 0.7449829578399658 0.7486197352409363 0.7068431377410889
v 0.05426359176635742 -0.1493781954050064 0.9069766998291016 0.7067567110061646 0.712515115737915 0.671707034111023
v 0.05426359176635742 -0.15012630820274353 0.922480583190918 0.648426353931427 0.6587436199188232 0.6218870878219604
v 0.05426359176635742 -0.1503465175628662 0.9379844665527344 0.6008825302124023 0.6123748421669006 0.5797528624534607
v 0.05426359176635742 -0.15060380101203918 0.9534883499145508 0.46367332339286804 0.47125035524368286 0.4560341238975525
v 0.05426359176635742 -0.1511540412902832 0.9689922332763672 0.10309013724327087 0.09825736284255981 0.10206706821918488
v 0.05426359176635742 -0.15430495142936707 0.9844961166381836 0.008357596583664417 0.007137381937354803 0.008926977403461933
v 0.05426359176635742 -0.13701045513153076 -0.9844961166381836 0.005511486902832985 0.004440776072442532 0.006658972706645727
v 0.05426359176635742 -0.13233987987041473 -0.9689922332763672 0.005623369012027979 0.005525430664420128 0.007523652631789446
v 0.05426359176635742 -0.14458748698234558 0.751937985420227 0.01065418403595686 0.008271182887256145 0.011201211251318455
v 0.05426358804106712 -0.14462560415267944 0.7674418687820435 0.03022255003452301 0.02393553964793682 0.025175031274557114
v 0.05426359176635742 -0.14322711527347565 0.7829457521438599 0.5099018216133118 0.49656713008880615 0.47670498490333557
v 0.05426359176635742 -0.13951358199119568 0.7984496355056763 0.7308135628700256 0.7218508124351501 0.6788367033004761
v 0.05426359176635742 -0.1407141089439392 0.8914728760719299 0.7829985022544861 0.7792900204658508 0.7316486835479736
v 0.05426358804106712 -0.1432674527168274 0.9069766998291016 0.753993809223175 0.7523195147514343 0.7054430246353149
v 0.05426359176635742 -0.14369724690914154 0.922480583190918 0.7211223840713501 0.7186440825462341 0.6719499826431274
v 0.05426359176635742 -0.1442716121673584 0.9379844665527344 0.6868896484375 0.6826926469802856 0.636812686920166
v 0.05426358804106712 -0.14449407160282135 0.9534883499145508 0.5927398800849915 0.5845337510108948 0.5456007719039917
v 0.05426359176635742 -0.14464379847049713 0.9689922332763672 0.2784835696220398 0.2675248682498932 0.2507437467575073
v 0.05426359176635742 -0.14093777537345886 0.9844960570335388 0.03631889075040817 0.03172914311289787 0.03305387496948242
v 0.05426359549164772 -0.131290003657341 0.8139535784721375 0.7682523131370544 0.75037682056427 0.7075627446174622
v 0.05426359176635742 -0.12856335937976837 0.8294574022293091 0.7811671495437622 0.7634791135787964 0.7208316326141357
v 0.05426359176635742 -0.12700407207012177 0.8449612855911255 0.788992702960968 0.7722167372703552 0.7296245694160461
v 0.05426359176635742 -0.1281619817018509 0.8604651689529419 0.7968950271606445 0.7824850082397461 0.7386733889579773
v 0.05426359549164772 -0.13072115182876587 0.8759689331054688 0.7998889088630676 0.7869987487792969 0.7420459389686584
v 0.05426359176635742 0.1313013881444931 0.751937985420227 0.009191378019750118 0.007475880440324545 0.010173476301133633
v 0.05426359176635742 0.1310703605413437 0.7674418687820435 0.07349102944135666 0.06471915543079376 0.061906106770038605
v 0.05426359176635742 0.13092707097530365 0.7829457521438599 0.6488561034202576 0.6077648401260376 0.5775533318519592
v 0.05426359176635742 0.1306336373090744 0.7984496355056763 0.773000955581665 0.7464495301246643 0.703715980052948
v 0.05426359176635742 0.13025808334350586 0.8139535188674927 0.7935488224029541 0.7733333706855774 0.731825590133667
v 0.05426359176635742 0.12963375449180603 0.8294574022293091 0.8072003126144409 0.7913109064102173 0.754296064376831
v 0.05426359176635742 0.12939828634262085 0.8449612855911255 0.814781665802002 0.8010342717170715 0.7678655385971069
v 0.05426359176635742 0.1308707892894745 0.8604651689529419 0.8179081678390503 0.8068878650665283 0.7752379775047302
v 0.05426359176635742 0.1383887231349945 -0.9844961166381836 0.006141661200672388 0.0048302700743079185 0.0067325159907341
v 0.05426359176635742 0.132553830742836 -0.9689922332763672 0.006032423581928015 0.005637148395180702 0.00704954843968153
v 0.05426359176635742 0.1469457596540451 0.8294574022293091 0.7656684517860413 0.7611981630325317 0.7235938310623169
v 0.05426359176635742 0.14217609167099 0.8449612855911255 0.7948431968688965 0.7953904271125793 0.759753942489624
v 0.05426359176635742 0.1357293426990509 0.8604651689529419 0.8137142658233643 0.8109143376350403 0.7774840593338013
v 0.05426359176635742 0.14583170413970947 0.9534883499145508 0.07680074870586395 0.06721219420433044 0.06304216384887695
v 0.05426359176635742 0.1439765989780426 0.9689922332763672 0.014698241837322712 0.012342182919383049 0.013901703990995884
v 0.05426359176635742 0.14273135364055634 0.9844961166381836 0.006549978628754616 0.005610095802694559 0.008125186897814274
v 0.05426359176635742 0.1477999985218048 0.751937985420227 0.0075199962593615055 0.006079262122511864 0.008364892564713955
v 0.05426359176635742 0.14833953976631165 0.7674418687820435 0.014781537465751171 0.011540081351995468 0.01322054211050272
v 0.05426359176635742 0.14790035784244537 0.7829457521438599 0.25367432832717896 0.23150934278964996 0.2210664600133896
v 0.05426359176635742 0.14755083620548248 0.7984496355056763 0.6530863642692566 0.6367120742797852 0.5957688093185425
v 0.05426359176635742 0.14754542708396912 0.8139535188674927 0.7337457537651062 0.7231310606002808 0.6819635033607483
v 0.05426358804106712 0.14805468916893005 0.9534883499145508 0.050598833709955215 0.04428336024284363 0.04415394738316536
v 0.05426359176635742 0.1489606499671936 0.9689922332763672 0.009573292918503284 0.008310324512422085 0.010152717120945454
v 0.05426359176635742 0.1506117582321167 0.9844961166381836 0.00524056376889348 0.004575836472213268 0.006428402848541737
v 0.06976747512817383 -0.1500728577375412 0.751937985420227 0.00860960129648447 0.00671071233227849 0.009411461651325226
v 0.06976747512817383 -0.15020664036273956 0.7674418687820435 0.019946115091443062 0.015740562230348587 0.017225489020347595
v 0.06976747512817383 -0.1498081237077713 0.7829457521438599 0.40933698415756226 0.4093223512172699 0.40361762046813965
v 0.06976747512817383 -0.14958834648132324 0.7984496355056763 0.6915035843849182 0.7004719376564026 0.6705148220062256
v 0.06976747512817383 -0.14948755502700806 0.8139535188674927 0.7375449538230896 0.743752121925354 0.707287609577179
v 0.06976747512817383 -0.1493956297636032 0.8294574022293091 0.758543074131012 0.7631885409355164 0.7242835164070129
v 0.06976747512817383 -0.14930400252342224 0.8449612855911255 0.7667627334594727 0.7706113457679749 0.7304409742355347
v 0.06976747512817383 -0.14928504824638367 0.8604651689529419 0.7711718082427979 0.7742627263069153 0.7330082058906555
v 0.06976747512817383 -0.14936327934265137 0.8759689331054688 0.766735315322876 0.7698848247528076 0.7278652191162109
v 0.06976747512817383 -0.14924746751785278 0.8914728164672852 0.7507641315460205 0.7546569108963013 0.7121951580047607
v 0.06976747512817383 -0.14950498938560486 0.9069766998291016 0.7139954566955566 0.7205746173858643 0.6791840195655823
v 0.06976747512817383 -0.1500808745622635 0.922480583190918 0.6590466499328613 0.6697052121162415 0.631901741027832
v 0.06976747512817383 -0.15021197497844696 0.9379844665527344 0.6230940818786621 0.6346549987792969 0.5999047160148621
v 0.06976747512817383 -0.15063560009002686 0.9534883499145508 0.4788088798522949 0.4827841520309448 0.4655423164367676
v 0.06976747512817383 -0.15099507570266724 0.9689922332763672 0.10040926188230515 0.09381873905658722 0.09692681580781937
v 0.06976747512817383 -0.15440544486045837 0.9844961166381836 0.008018267340958118 0.0067403498105704784 0.008516042493283749
v 0.06976747512817383 -0.13732695579528809 -0.9844961166381836 0.005436823237687349 0.004382931161671877 0.006576403975486755
v 0.06976747512817383 -0.13235683739185333 -0.9689922332763672 0.0054548135958611965 0.005412727128714323 0.007380584254860878
v 0.06976747512817383 -0.14419294893741608 0.751937985420227 0.010266430675983429 0.007982882671058178 0.010811546817421913
v 0.06976747512817383 -0.14410533010959625 0.7674418687820435 0.03258910030126572 0.025882894173264503 0.026895320042967796
v 0.06976747512817383 -0.141849547624588 0.7829457521438599 0.5533460974693298 0.5392178297042847 0.511651873588562
v 0.06976747512817383 -0.13511867821216583 0.7984496355056763 0.7506323456764221 0.7347182631492615 0.6907966732978821
v 0.06976747512817383 -0.13971877098083496 0.8914728164672852 0.7906627655029297 0.7854536771774292 0.7362972497940063
v 0.06976747512817383 -0.14264832437038422 0.9069766998291016 0.7613738179206848 0.7588068842887878 0.7101937532424927
v 0.06976747512817383 -0.1434137523174286 0.922480583190918 0.7298258543014526 0.7271891236305237 0.6782637238502502
v 0.06976747512817383 -0.1441594809293747 0.9379844665527344 0.6982823610305786 0.6944223642349243 0.6457759737968445
v 0.06976747512817383 -0.1443382352590561 0.9534883499145508 0.6039291024208069 0.5950329303741455 0.5529854893684387
v 0.06976747512817383 -0.14457419514656067 0.9689922332763672 0.273918092250824 0.2620941996574402 0.24404412508010864
v 0.06976747512817383 -0.14074677228927612 0.9844961166381836 0.0326012521982193 0.02831888571381569 0.029680803418159485
v 0.06976747512817383 -0.1294531226158142 0.8139535188674927 0.7777672410011292 0.7593982815742493 0.71524977684021
v 0.06976747512817383 -0.12686403095722198 0.8294574022293091 0.7890216112136841 0.7705731391906738 0.7270484566688538
v 0.06976747512817383 -0.12556159496307373 0.8449612259864807 0.7944414615631104 0.7767344117164612 0.7332180142402649
v 0.06976747512817383 -0.12717346847057343 0.8604651689529419 0.8019566535949707 0.7867960333824158 0.7421814203262329
v 0.06976747512817383 -0.1301482617855072 0.8759689331054688 0.8040922284126282 0.7905678153038025 0.7445263266563416
v 0.06976747512817383 0.13128529489040375 0.751937985420227 0.008384020999073982 0.00684066629037261 0.00938105583190918
v 0.06976747512817383 0.13125474750995636 0.7674418687820435 0.06239895150065422 0.054711729288101196 0.05303725227713585
v 0.06976747512817383 0.13101902604103088 0.7829457521438599 0.6536259651184082 0.6106000542640686 0.5789529085159302
v 0.06976747512817383 0.13039597868919373 0.7984496355056763 0.7768768668174744 0.7501658201217651 0.7056719064712524
v 0.06976747512817383 0.12985551357269287 0.8139535188674927 0.7991557121276855 0.7787862420082092 0.73605877161026
v 0.06976747512817383 0.12913204729557037 0.8294574022293091 0.8123887777328491 0.7961919903755188 0.7573856711387634
v 0.06976747512817383 0.12879715859889984 0.8449612855911255 0.8188142776489258 0.8048892021179199 0.7690252065658569
v 0.06976747512817383 0.130235493183136 0.8604651689529419 0.8211033344268799 0.8095611333847046 0.77545166015625
v 0.06976747512817383 0.13848187029361725 -0.9844961166381836 0.006121682934463024 0.004789403639733791 0.006656357552856207
v 0.06976747512817383 0.1323825865983963 -0.9689921736717224 0.006036924198269844 0.005647769197821617 0.007058682385832071
v 0.06976747512817383 0.1428728997707367 0.8449612855911255 0.7943386435508728 0.7951630353927612 0.7592909336090088
v 0.06976747512817383 0.13718630373477936 0.8604652285575867 0.8127220869064331 0.8116382360458374 0.7765772938728333
v 0.06976747512817383 0.14620761573314667 0.9534883499145508 0.0660577118396759 0.056993864476680756 0.05427482724189758
v 0.06976747512817383 0.14412394165992737 0.9689922332763672 0.013602879829704762 0.011196409352123737 0.01275164820253849
v 0.06976747512817383 0.14300918579101562 0.9844961166381836 0.006381393875926733 0.005339589435607195 0.00778920529410243
v 0.06976747512817383 0.14768007397651672 0.751937985420227 0.006965276785194874 0.005696429405361414 0.008014579303562641
v 0.06976746767759323 0.1482924371957779 0.7674418687820435 0.013337740674614906 0.010185152292251587 0.012010936625301838
v 0.06976747512817383 0.14782743155956268 0.7829457521438599 0.2310030460357666 0.20942288637161255 0.20131757855415344
v 0.06976747512817383 0.14755211770534515 0.7984496355056763 0.6462668776512146 0.629962682723999 0.5892888307571411
v 0.06976747512817383 0.14757376909255981 0.8139535188674927 0.7332004904747009 0.7225313782691956 0.6810258626937866
v 0.06976747512817383 0.1473168432712555 0.8294574022293091 0.76661217212677 0.7616586685180664 0.7245168089866638
v 0.06976747512817383 0.14777791500091553 0.9534883499145508 0.050349295139312744 0.04356405511498451 0.04332023859024048
v 0.06976747512817383 0.14866650104522705 0.9689921736717224 0.009264593943953514 0.008016594685614109 0.009894228540360928
v 0.06976747512817383 0.15032432973384857 0.9844961166381836 0.005162038374692202 0.004513673018664122 0.006355869583785534
v 0.08527135848999023 -0.1499088704586029 0.751937985420227 0.007826183922588825 0.0061419932171702385 0.008753250353038311
v 0.08527135848999023 -0.15023891627788544 0.7674418687820435 0.016836728900671005 0.013072427362203598 0.014594372361898422
v 0.08527135848999023 -0.14971159398555756 0.7829457521438599 0.3484046459197998 0.34365060925483704 0.3387525677680969
v 0.08527135848999023 -0.14945325255393982 0.7984496355056763 0.6775582432746887 0.6859464049339294 0.6570335030555725
v 0.08527135848999023 -0.1493433713912964 0.8139535188674927 0.7282031774520874 0.734765350818634 0.6989470720291138
v 0.08527135848999023 -0.14925915002822876 0.8294574022293091 0.7513505220413208 0.7565446496009827 0.7179384231567383
v 0.08527135848999023 -0.1491890400648117 0.8449612855911255 0.7606368064880371 0.7649744153022766 0.7250338196754456
v 0.08527135848999023 -0.14920660853385925 0.8604651689529419 0.7639456987380981 0.7674714922904968 0.7264676690101624
v 0.08527135848999023 -0.14931735396385193 0.8759689331054688 0.7572919130325317 0.7608894109725952 0.7191213965415955
v 0.08527135848999023 -0.14924289286136627 0.8914728164672852 0.7369831800460815 0.7418307662010193 0.699753999710083
v 0.08527135848999023 -0.14948129653930664 0.9069766998291016 0.6928012371063232 0.7013141512870789 0.6609203815460205
v 0.08527135848999023 -0.1500348150730133 0.922480583190918 0.6283225417137146 0.6403417587280273 0.6044235825538635
v 0.08527135848999023 -0.15030570328235626 0.9379844665527344 0.5819709897041321 0.5918008685112 0.560243546962738
v 0.08527135848999023 -0.1507798135280609 0.9534883499145508 0.42236360907554626 0.4199764132499695 0.4059576988220215
v 0.08527135848999023 -0.15093065798282623 0.9689922332763672 0.08363722264766693 0.07573721557855606 0.07760901004076004
v 0.08527135848999023 -0.15448126196861267 0.9844961166381836 0.007631468586623669 0.006336493883281946 0.008064733818173409
v 0.08527135848999023 -0.1373371034860611 -0.9844961166381836 0.005387522745877504 0.00431801239028573 0.0064894878305494785
v 0.08527135848999023 -0.13239678740501404 -0.9689922332763672 0.00530026713386178 0.005294637754559517 0.00722278468310833
v 0.08527135848999023 -0.14412721991539001 0.751937985420227 0.009033950045704842 0.007090788800269365 0.009732132777571678
v 0.08527136594057083 -0.1438233107328415 0.7674418687820435 0.02727951854467392 0.02168496511876583 0.022701499983668327
v 0.08527135848999023 -0.14135399460792542 0.7829457521438599 0.5208434462547302 0.5014339089393616 0.47471511363983154
v 0.08527135848999023 -0.13479189574718475 0.7984496355056763 0.7450127005577087 0.7268882393836975 0.6842082738876343
v 0.08527135848999023 -0.14113587141036987 0.8914728164672852 0.7765781283378601 0.7716831564903259 0.7220072746276855
v 0.08527135848999023 -0.14312101900577545 0.9069766998291016 0.7449939250946045 0.7421945333480835 0.6935445070266724
v 0.08527135848999023 -0.14366492629051208 0.922480583190918 0.709637463092804 0.7059478163719177 0.6572935581207275
v 0.08527135848999023 -0.1441478729248047 0.9379844665527344 0.6756556630134583 0.6692527532577515 0.6208515167236328
v 0.08527135848999023 -0.14429885149002075 0.9534883499145508 0.5752178430557251 0.5618523955345154 0.5187073349952698
v 0.08527135848999023 -0.1445968896150589 0.9689922332763672 0.24123971164226532 0.22718609869480133 0.20872126519680023
v 0.08527135848999023 -0.1406409740447998 0.9844961166381836 0.030103832483291626 0.02583383582532406 0.027108510956168175
v 0.08527135848999023 -0.1297607421875 0.8139535188674927 0.7705642580986023 0.7506989240646362 0.7073106169700623
v 0.08527135848999023 -0.1277066469192505 0.8294574022293091 0.7821410298347473 0.7626546621322632 0.7191420197486877
v 0.08527135848999023 -0.12678611278533936 0.8449612855911255 0.7888035178184509 0.770402729511261 0.7264354825019836
v 0.08527135848999023 -0.12848339974880219 0.8604651689529419 0.7947432994842529 0.7785236239433289 0.7328087091445923
v 0.08527135848999023 -0.13148827850818634 0.875968873500824 0.7977486252784729 0.7834157943725586 0.7359610795974731
v 0.08527135848999023 0.1316276639699936 0.751937985420227 0.007080738432705402 0.00586988078430295 0.008095229975879192
v 0.08527135848999023 0.13145996630191803 0.7984496355056763 0.7560966610908508 0.7241902947425842 0.6802359819412231
v 0.08527135848999023 0.13098491728305817 0.8139535188674927 0.7878902554512024 0.7636675834655762 0.719983696937561
v 0.08527135848999023 0.1304014027118683 0.8294574022293091 0.8025659918785095 0.7829046249389648 0.7412883043289185
v 0.08527135848999023 0.1301877796649933 0.8449612855911255 0.8086956143379211 0.7912923097610474 0.7517174482345581
v 0.08527135848999023 0.13848532736301422 -0.9844960570335388 0.0060568698681890965 0.004732954781502485 0.0065731024369597435
v 0.08527135848999023 0.13231122493743896 -0.9689922332763672 0.005982058122754097 0.005609428510069847 0.00704254861921072
v 0.08527135848999023 0.13494420051574707 0.7674418687820435 0.03127525374293327 0.026669997721910477 0.027652762830257416
v 0.08527135848999023 0.136684387922287 0.7829457521438599 0.4705328047275543 0.4294487237930298 0.3953494727611542
v 0.08527135848999023 0.14646762609481812 0.8294574022293091 0.7468483448028564 0.7410540580749512 0.701644778251648
v 0.08527135848999023 0.13913822174072266 0.8449612855911255 0.794305145740509 0.7901315093040466 0.7494673132896423
v 0.08527135848999023 0.14638158679008484 0.9534883499145508 0.04155682772397995 0.03487762063741684 0.03405073657631874
v 0.08527135848999023 0.14439617097377777 0.9689922332763672 0.011107176542282104 0.00927041657269001 0.010903713293373585
v 0.08527135848999023 0.1432396024465561 0.9844961166381836 0.005873242858797312 0.00499909371137619 0.007401336450129747
v 0.08527135848999023 0.14753806591033936 0.751937985420227 0.006323843728750944 0.005252630449831486 0.007537502329796553
v 0.08527135848999023 0.1482352316379547 0.7674418687820435 0.01113661378622055 0.008326001465320587 0.010127421468496323
v 0.08527135848999023 0.14789441227912903 0.7829457521438599 0.12932343780994415 0.1149449273943901 0.11203919351100922
v 0.08527135848999023 0.14766614139080048 0.7984496355056763 0.5488751530647278 0.531699001789093 0.49886584281921387
v 0.08527135848999023 0.14762108027935028 0.8139535188674927 0.6901002526283264 0.6778631210327148 0.6381347179412842
v 0.08527136594057083 0.14771351218223572 0.9534884095191956 0.03265088051557541 0.027608748525381088 0.0279616080224514
v 0.08527135848999023 0.1485561728477478 0.9689922332763672 0.008062154985964298 0.007048741914331913 0.008874984458088875
v 0.08527136594057083 0.1502038836479187 0.9844961166381836 0.0048839799128472805 0.004331584088504314 0.006114615127444267
v 0.10077524185180664 -0.1497221291065216 0.751937985420227 0.006531290709972382 0.0052341255359351635 0.007808465976268053
v 0.10077524185180664 -0.15035229921340942 0.7674418687820435 0.01180404145270586 0.009052129462361336 0.010766228660941124
v 0.10077524185180664 -0.14970192313194275 0.7829457521438599 0.18872469663619995 0.17972010374069214 0.17708417773246765
v 0.10077524185180664 -0.14930568635463715 0.7984496355056763 0.5873536467552185 0.5919997692108154 0.5719209313392639
v 0.10077524185180664 -0.149122416973114 0.8139535188674927 0.6678680181503296 0.6744726896286011 0.6451283693313599
v 0.10077524185180664 -0.14902231097221375 0.8294574022293091 0.7079938054084778 0.7143785357475281 0.679855227470398
v 0.10077524185180664 -0.14896614849567413 0.8449612855911255 0.7211244106292725 0.7271439433097839 0.6903951168060303
v 0.10077524185180664 -0.14901770651340485 0.8604651689529419 0.7235403060913086 0.7292969226837158 0.6911570429801941
v 0.10077524185180664 -0.14910580217838287 0.8759689331054688 0.7079567313194275 0.7145463228225708 0.6762821078300476
v 0.10077524185180664 -0.14897580444812775 0.8914728164672852 0.669464647769928 0.676866888999939 0.6393139362335205
v 0.10077524185180664 -0.14924944937229156 0.9069766998291016 0.5872843265533447 0.5966208577156067 0.5640812516212463
v 0.10077524185180664 -0.14996474981307983 0.922480583190918 0.49009624123573303 0.49906086921691895 0.4738762378692627
v 0.10077524185180664 -0.15050625801086426 0.9379844665527344 0.4364924132823944 0.43824729323387146 0.4182776212692261
v 0.10077524185180664 -0.15082833170890808 0.9534883499145508 0.2901725769042969 0.2795126736164093 0.2725062966346741
v 0.10077524185180664 -0.15084697306156158 0.9689922332763672 0.05335181951522827 0.04634745046496391 0.047741372138261795
v 0.10077524185180664 -0.1545220911502838 0.9844961166381836 0.007085821591317654 0.00586333405226469 0.007561445701867342
v 0.10077524185180664 -0.13743184506893158 -0.9844961166381836 0.005367147736251354 0.004287440329790115 0.006428414490073919
v 0.10077524185180664 -0.13242800533771515 -0.9689922332763672 0.0050813923589885235 0.0051574199460446835 0.0070413812063634396
v 0.10077524185180664 -0.14381161332130432 0.751937985420227 0.007159048225730658 0.005754897370934486 0.00832255557179451
v 0.10077524185180664 -0.1436278074979782 0.7674418091773987 0.018580887466669083 0.014723534695804119 0.01647835597395897
v 0.10077524185180664 -0.14158710837364197 0.7829457521438599 0.3915654420852661 0.3678952753543854 0.34545400738716125
v 0.10077524185180664 -0.13807295262813568 0.7984496355056763 0.6989965438842773 0.6802221536636353 0.6445552706718445
v 0.10077524185180664 -0.13245484232902527 0.8139535188674927 0.7406883835792542 0.7193623781204224 0.6811169385910034
v 0.10077524185180664 -0.13366712629795074 0.8604651689529419 0.7714675068855286 0.7584104537963867 0.7116336226463318
v 0.10077524185180664 -0.14026795327663422 0.8759689331054688 0.760002851486206 0.7533160448074341 0.705396831035614
v 0.10077524185180664 -0.1435750424861908 0.8914728164672852 0.7247762680053711 0.7200151085853577 0.6755824089050293
v 0.10077523440122604 -0.14413845539093018 0.9069766998291016 0.6693674325942993 0.6635406017303467 0.6217812299728394
v 0.10077524185180664 -0.1439925730228424 0.922480583190918 0.6177636981010437 0.607634961605072 0.5668205618858337
v 0.10077524185180664 -0.1440570056438446 0.9379844069480896 0.5903343558311462 0.5748811364173889 0.532608687877655
v 0.10077524185180664 -0.14426980912685394 0.9534883499145508 0.48504605889320374 0.4619944393634796 0.4220418930053711
v 0.10077524185180664 -0.1445395052433014 0.9689922332763672 0.17132943868637085 0.15686900913715363 0.14229437708854675
v 0.10077524185180664 -0.14029496908187866 0.9844961166381836 0.025986280292272568 0.02187199518084526 0.023553909733891487
v 0.10077524185180664 -0.1303192675113678 0.8294574022293091 0.7560625076293945 0.735849916934967 0.6959109902381897
v 0.10077524185180664 -0.12990213930606842 0.8449612855911255 0.7639225721359253 0.7456220388412476 0.7038116455078125
v 0.10077524185180664 0.13130898773670197 0.751937985420227 0.00556326424703002 0.004848600830882788 0.006808703765273094
v 0.10077524185180664 0.1385854184627533 -0.9844961166381836 0.005994000472128391 0.004691793583333492 0.00649284990504384
v 0.10077524185180664 0.1322636604309082 -0.9689922332763672 0.005816513206809759 0.005530410446226597 0.006971053313463926
v 0.10077524185180664 0.1401720643043518 0.7674418687820435 0.014218762516975403 0.010507103055715561 0.012412544339895248
v 0.10077524185180664 0.14278142154216766 0.7829457521438599 0.12087693065404892 0.10109931230545044 0.0942491888999939
v 0.10077524185180664 0.14402146637439728 0.7984496355056763 0.43385058641433716 0.4074596166610718 0.37595823407173157
v 0.10077524185180664 0.14704665541648865 0.9534883499145508 0.021968092769384384 0.018389197066426277 0.019084807485342026
v 0.10077524185180664 0.14528125524520874 0.9689922332763672 0.008353730663657188 0.007187183015048504 0.008963888511061668
v 0.10077524185180664 0.14351463317871094 0.9844961166381836 0.005401210393756628 0.004693788476288319 0.007015097886323929
v 0.10077524185180664 0.1473890095949173 0.751937985420227 0.00549034308642149 0.0046938080340623856 0.006918036378920078
v 0.10077524185180664 0.1480490118265152 0.7674418687820435 0.008617599494755268 0.006445317529141903 0.008268896490335464
v 0.10077524185180664 0.1478489637374878 0.7829457521438599 0.04479178041219711 0.03828790411353111 0.038690775632858276
v 0.10077524185180664 0.14759236574172974 0.7984496355056763 0.2786019444465637 0.2663487195968628 0.25446566939353943
v 0.10077524185180664 0.14741069078445435 0.9534883499145508 0.020721007138490677 0.017450926825404167 0.018243754282593727
v 0.10077524185180664 0.1481989324092865 0.968992292881012 0.007017998956143856 0.006266953889280558 0.008044689893722534
v 0.10077524185180664 0.14982257783412933 0.9844961166381836 0.0046022627502679825 0.004140112549066544 0.005851012654602528
v 0.11627912521362305 -0.14989909529685974 0.751937985420227 0.005140211898833513 0.004214142449200153 0.006722850259393454
v 0.11627912521362305 -0.1505102515220642 0.7674418687820435 0.00798922311514616 0.0059637650847435 0.007886375300586224
v 0.11627912521362305 -0.14990437030792236 0.7829457521438599 0.045156385749578476 0.03945022076368332 0.040373243391513824
v 0.11627912521362305 -0.14940880239009857 0.7984496355056763 0.2987445592880249 0.2914420962333679 0.2893773317337036
v 0.11627912521362305 -0.14908626675605774 0.8139535188674927 0.4156951904296875 0.4148399829864502 0.40638259053230286
v 0.11627912521362305 -0.14886005222797394 0.8294574022293091 0.5013636946678162 0.5043174624443054 0.4894329905509949
v 0.11627912521362305 -0.14865043759346008 0.8449612855911255 0.5308996438980103 0.536651611328125 0.5177863836288452
v 0.11627912521362305 -0.14853325486183167 0.8604651689529419 0.5278564691543579 0.5354824066162109 0.515343427658081
v 0.11627912521362305 -0.14844128489494324 0.8759689331054688 0.4815099537372589 0.488033652305603 0.46950680017471313
v 0.11627912521362305 -0.14814862608909607 0.8914728164672852 0.39865270256996155 0.3996470272541046 0.38448548316955566
v 0.11627912521362305 -0.1484496295452118 0.9069766998291016 0.2692897915840149 0.2685895562171936 0.2589172422885895
v 0.11627912521362305 -0.14953574538230896 0.922480583190918 0.19376468658447266 0.19053466618061066 0.18497060239315033
v 0.11627912521362305 -0.15055562555789948 0.9379844665527344 0.18558824062347412 0.17592230439186096 0.17297843098640442
v 0.11627912521362305 -0.15070219337940216 0.9534883499145508 0.13180454075336456 0.11934032291173935 0.11863145977258682
v 0.11627912521362305 -0.1507139801979065 0.9689922332763672 0.028838446363806725 0.02429596148431301 0.025892620906233788
v 0.11627912521362305 -0.15457957983016968 0.9844961166381836 0.006368800066411495 0.005303767044097185 0.006932365708053112
v 0.11627912521362305 -0.1373881697654724 -0.9844961166381836 0.00532679446041584 0.004185655154287815 0.006247438490390778
v 0.11627912521362305 -0.13241001963615417 -0.9689922332763672 0.004557212349027395 0.004758790601044893 0.0065367575734853745
v 0.11627912521362305 -0.1420246809720993 0.751937985420227 0.005317044444382191 0.004469310399144888 0.006935961078852415
v 0.11627911776304245 -0.1438131481409073 0.7674418091773987 0.011256995610892773 0.008406088687479496 0.010836372151970863
v 0.11627912521362305 -0.14218388497829437 0.7829456925392151 0.1741754412651062 0.15779390931129456 0.14546255767345428
v 0.11627912521362305 -0.14070355892181396 0.7984496355056763 0.5424708127975464 0.5184309482574463 0.4990943372249603
v 0.11627912521362305 -0.13959819078445435 0.8139535188674927 0.6280195116996765 0.6085186004638672 0.5821729302406311
v 0.11627912521362305 -0.1385708749294281 0.8294574022293091 0.6738162040710449 0.6584351658821106 0.6255292296409607
v 0.11627912521362305 -0.13911251723766327 0.8449612855911255 0.6843464374542236 0.6722756028175354 0.6366448998451233
v 0.11627912521362305 -0.14199969172477722 0.8604651689529419 0.6597052812576294 0.6499836444854736 0.6179758906364441
v 0.11627912521362305 -0.1440218687057495 0.8759689331054688 0.6075920462608337 0.599387526512146 0.5712898373603821
v 0.11627912521362305 -0.14558468759059906 0.8914728164672852 0.49943986535072327 0.49189549684524536 0.46907252073287964
v 0.11627912521362305 -0.1453123688697815 0.9069766998291016 0.40748268365859985 0.3980083465576172 0.37785565853118896
v 0.11627912521362305 -0.14402157068252563 0.9224805235862732 0.4009092450141907 0.38705605268478394 0.3613150119781494
v 0.11627912521362305 -0.14352700114250183 0.9379844665527344 0.4441661536693573 0.4233074188232422 0.3909185230731964
v 0.11627912521362305 -0.1438683569431305 0.9534883499145508 0.36931782960891724 0.34326499700546265 0.30855047702789307
v 0.11627912521362305 -0.14409835636615753 0.9689922332763672 0.11502154171466827 0.10293425619602203 0.09345117956399918
v 0.11627912521362305 -0.13910827040672302 0.9844961166381836 0.029005030170083046 0.023665128275752068 0.02637183479964733
v 0.11627912521362305 -0.10314451158046722 0.8449612855911255 0.6434078216552734 0.6441518664360046 0.607077419757843
v 0.11627912521362305 -0.08966993540525436 0.8449612855911255 0.6201602816581726 0.6250531077384949 0.5829266309738159
v 0.11627912521362305 0.12937577068805695 0.751937985420227 0.004388263914734125 0.004043100401759148 0.005703428760170937
v 0.11627912521362305 0.13855674862861633 -0.9844961166381836 0.005845128558576107 0.004507908131927252 0.006230704952031374
v 0.11627913266420364 0.1321142315864563 -0.9689922332763672 0.005206115078181028 0.005139749031513929 0.006542032118886709
v 0.11627912521362305 0.1467941403388977 0.751937985420227 0.004648189060389996 0.004082354251295328 0.006235020235180855
v 0.11627912521362305 0.14254161715507507 0.7674418687820435 0.00853958260267973 0.006078104488551617 0.007964354939758778
v 0.11627912521362305 0.14534367620944977 0.7829457521438599 0.021184740588068962 0.016552988439798355 0.017792578786611557
v 0.11627912521362305 0.1467607617378235 0.9689922332763672 0.006506576668471098 0.005744874477386475 0.00733170798048377
v 0.11627912521362305 0.14314182102680206 0.9844961166381836 0.005238181445747614 0.004538620822131634 0.006673801224678755
v 0.11627912521362305 0.1477818638086319 0.7674418687820435 0.006580123212188482 0.004966284614056349 0.006696704309433699
v 0.11627912521362305 0.14758481085300446 0.7829457521438599 0.014846935868263245 0.012072072364389896 0.013444148935377598
v 0.11627912521362305 0.14749720692634583 0.9689921736717224 0.006240623537451029 0.005591536872088909 0.007142744958400726
v 0.11627913266420364 0.1492478996515274 0.9844961166381836 0.004327340051531792 0.0038951479364186525 0.00541713647544384
v 0.1317828893661499 -0.14985400438308716 0.751937985420227 0.004084363579750061 0.0033948528580367565 0.005604181904345751
v 0.1317828893661499 -0.14986690878868103 0.7674418687820435 0.005838978569954634 0.004167478997260332 0.00599676975980401
v 0.1317828893661499 -0.1492834836244583 0.7829457521438599 0.0088727455586195 0.006904677953571081 0.008801814168691635
v 0.1317828893661499 -0.14902804791927338 0.7984496355056763 0.02483905665576458 0.021438248455524445 0.023619256913661957
v 0.1317828893661499 -0.14897848665714264 0.8139535188674927 0.037465453147888184 0.03353142365813255 0.035994112491607666
v 0.1317828893661499 -0.14899995923042297 0.8294574022293091 0.04848434031009674 0.04392789304256439 0.04651031270623207
v 0.1317828893661499 -0.14904534816741943 0.8449612855911255 0.0485607348382473 0.04387997090816498 0.046280767768621445
v 0.1317828893661499 -0.14911016821861267 0.8604651689529419 0.040664929896593094 0.03605150803923607 0.03831600025296211
v 0.1317828893661499 -0.14914490282535553 0.8759689331054688 0.03166009113192558 0.027381854131817818 0.02964206226170063
v 0.1317828893661499 -0.14903120696544647 0.8914728164672852 0.02626931667327881 0.02250332199037075 0.02471168339252472
v 0.1317828893661499 -0.14907456934452057 0.9069766998291016 0.0212554894387722 0.018480082973837852 0.020481722429394722
v 0.1317828893661499 -0.1493450254201889 0.922480583190918 0.02416672743856907 0.02135556749999523 0.02327210083603859
v 0.1317828893661499 -0.14949871599674225 0.9379844665527344 0.03929516673088074 0.03384871035814285 0.03590161353349686
v 0.1317828893661499 -0.14951008558273315 0.9534883499145508 0.037824880331754684 0.03090701252222061 0.032920029014348984
v 0.1317828893661499 -0.1498161405324936 0.9689922332763672 0.013900097459554672 0.010850098915398121 0.012761738151311874
v 0.1317828893661499 -0.15442968904972076 0.9844961166381836 0.005520815495401621 0.004391776397824287 0.005898514296859503
v 0.1317828893661499 -0.13396233320236206 -0.9844961166381836 0.0045586274936795235 0.0038146970327943563 0.005245273932814598
v 0.1317828893661499 -0.13887843489646912 0.7674418687820435 0.007130619138479233 0.005643617827445269 0.007954238913953304
v 0.1317828893661499 -0.13490727543830872 0.7829457521438599 0.06307678669691086 0.05377412214875221 0.05297815427184105
v 0.1317828893661499 -0.13400763273239136 0.8914728164672852 0.4978373646736145 0.47772088646888733 0.46913665533065796
v 0.1317828893661499 -0.13668204843997955 0.9069766998291016 0.3742212653160095 0.35642868280410767 0.3463587760925293
v 0.1317828893661499 -0.13414976000785828 0.922480583190918 0.43714258074760437 0.4096025228500366 0.39980220794677734
v 0.1317828893661499 -0.13832366466522217 0.9379844665527344 0.37199273705482483 0.3511672914028168 0.33166515827178955
v 0.1317828893661499 -0.1405833661556244 0.9534883499145508 0.2320879101753235 0.22229312360286713 0.19853033125400543
v 0.1317828893661499 -0.14080297946929932 0.9689922332763672 0.05775311961770058 0.053124215453863144 0.05382944270968437
v 0.1317828893661499 -0.1321873515844345 0.9844961166381836 0.025225691497325897 0.02154417335987091 0.02643570303916931
v 0.1317828893661499 -0.12159569561481476 -0.9689922332763672 0.003458199556916952 0.0040009645745158195 0.004879212938249111
v 0.1317828893661499 -0.12537159025669098 0.7829457521438599 0.1934470683336258 0.16869868338108063 0.1544962078332901
v 0.1317828893661499 -0.13063904643058777 0.8914728164672852 0.5452528595924377 0.5269812345504761 0.5146343111991882
v 0.1317828893661499 -0.12806780636310577 0.9069766998291016 0.5352261662483215 0.5122402906417847 0.5016936659812927
v 0.1317828893661499 -0.12894506752490997 0.922480583190918 0.5164363980293274 0.4883803129196167 0.47979870438575745
v 0.1317828893661499 -0.11172257363796234 0.751937985420227 0.00406520813703537 0.0038450886495411396 0.005059021059423685
v 0.1317828893661499 -0.057724110782146454 0.7829457521438599 0.3194804787635803 0.3006731867790222 0.26951783895492554
v 0.1317828893661499 -0.05802922695875168 0.922480583190918 0.5655804872512817 0.5620324015617371 0.5309430360794067
v 0.1317828893661499 -0.046700380742549896 0.9069766998291016 0.5482418537139893 0.5409072637557983 0.5147401690483093
v 0.1317828893661499 -0.027963686734437943 0.7984496355056763 0.48597902059555054 0.4635525643825531 0.4413312077522278
v 0.1317828893661499 -0.026162125170230865 0.8759689331054688 0.5518290400505066 0.5436677932739258 0.5179854035377502
v 0.1317828893661499 -0.03652027249336243 0.8914728760719299 0.5461986064910889 0.5377306342124939 0.5136083960533142
v 0.1317828893661499 -0.014283268712460995 0.8139535188674927 0.5360333323478699 0.5213629007339478 0.48340338468551636
v 0.1317828893661499 -0.012763350270688534 0.8604651689529419 0.5613824129104614 0.5533705949783325 0.5203647613525391
v 0.1317828893661499 -0.0009641305077821016 0.8294574022293091 0.5593836307525635 0.5514054298400879 0.5031145215034485
v 0.1317828893661499 0.0029932220932096243 0.8449612855911255 0.5666851997375488 0.5604710578918457 0.5145819783210754
v 0.1317828893661499 0.01562278438359499 0.8294574022293091 0.5607184767723083 0.5532631278038025 0.5066248774528503
v 0.1317828893661499 0.012697916477918625 0.8449612855911255 0.5668125748634338 0.5607742071151733 0.5161513686180115
v 0.1317828893661499 0.030432909727096558 0.8139535188674927 0.5366547107696533 0.5221483707427979 0.48744454979896545
v 0.1317828893661499 0.030686333775520325 0.8604651689529419 0.5668922066688538 0.5593105554580688 0.5237804055213928
v 0.1317828893661499 0.05974489450454712 0.7984496355056763 0.5339356660842896 0.5161886215209961 0.4791528582572937
v 0.1317828893661499 0.05722951143980026 0.8759689331054688 0.5802037715911865 0.5735600590705872 0.5322770476341248
v 0.1317828893661499 0.07278569042682648 0.8914728164672852 0.5812042355537415 0.573132336139679 0.5321933627128601
v 0.1317828893661499 0.08141960203647614 0.9069766998291016 0.5766586065292358 0.5672944784164429 0.5267083048820496
v 0.1317828893661499 0.09204812347888947 0.7829457521438599 0.3637169599533081 0.3348393738269806 0.305583119392395
v 0.1317828893661499 0.09297922253608704 0.922480583190918 0.5770325064659119 0.5684745907783508 0.5294555425643921
v 0.1317828893661499 0.10387123376131058 0.751937985420227 0.0037567191757261753 0.003696372266858816 0.004425571765750647
v 0.1317828893661499 0.12007371336221695 -0.9689922332763672 0.003983211703598499 0.004500385839492083 0.005260280333459377
v 0.1317828893661499 0.11950387060642242 0.7674419283866882 0.008172567933797836 0.0071281432174146175 0.008249466307461262
v 0.1317828893661499 0.12474808096885681 0.8914728164672852 0.5034155249595642 0.48193156719207764 0.4720260500907898
v 0.1317828893661499 0.12280848622322083 0.9069766998291016 0.4959903061389923 0.4731428921222687 0.466805636882782
v 0.1317828893661499 0.12536317110061646 0.922480583190918 0.4382447302341461 0.40750691294670105 0.4067738950252533
v 0.1317828893661499 0.13012149930000305 0.9534883499145508 0.2168504148721695 0.19242283701896667 0.1809103637933731
v 0.1317828893661499 0.12837378680706024 0.9689922332763672 0.05796239897608757 0.05089212581515312 0.052305590361356735
v 0.1317828893661499 0.12443071603775024 0.9844961166381836 0.015499096363782883 0.013865546323359013 0.01706487312912941
v 0.1317828893661499 0.13553407788276672 -0.9844961762428284 0.0046967025846242905 0.0039014364592731 0.00517658144235611
v 0.1317828893661499 0.14482206106185913 0.751937985420227 0.0038588803727179766 0.003431051503866911 0.00541777815669775
v 0.1317828893661499 0.14718316495418549 0.7674418687820435 0.004773796536028385 0.003655774053186178 0.005105563905090094
v 0.1317828893661499 0.14401516318321228 0.7829457521438599 0.008792828768491745 0.006512928754091263 0.008145736530423164
v 0.1317828893661499 0.14401453733444214 0.7984496355056763 0.01913725957274437 0.01594892516732216 0.017392322421073914
v 0.1317828893661499 0.1441499888896942 0.8139535188674927 0.024184249341487885 0.021135389804840088 0.02244354784488678
v 0.1317828893661499 0.14392739534378052 0.8294574022293091 0.027235310524702072 0.02365395426750183 0.02479160577058792
v 0.1317828893661499 0.1432374119758606 0.8449612855911255 0.025543076917529106 0.02178163081407547 0.02264009229838848
v 0.1317828893661499 0.1416061520576477 0.8604651689529419 0.0281774140894413 0.0237311739474535 0.023885134607553482
v 0.1317828893661499 0.13808050751686096 0.8759689927101135 0.058433953672647476 0.05075077340006828 0.047170933336019516
v 0.1317828893661499 0.13463273644447327 0.9534883499145508 0.0848318561911583 0.07400551438331604 0.06984627991914749
v 0.1317828893661499 0.14490777254104614 0.9689922332763672 0.005964693147689104 0.004965342115610838 0.006434290669858456
v 0.1317828893661499 0.1496688723564148 0.9844960570335388 0.004051463678479195 0.003446399001404643 0.004759230650961399
v 0.1472867727279663 -0.14966809749603271 0.9844961166381836 0.0037839910946786404 0.003288187785074115 0.004224345553666353
v 0.1472867727279663 -0.14461937546730042 0.751937985420227 0.0033996980637311935 0.0030283359810709953 0.004469116684049368
v 0.1472867727279663 -0.1381005346775055 0.7674418687820435 0.004056691192090511 0.0032588073518127203 0.004445067141205072
v 0.1472867727279663 -0.14301452040672302 0.9689922332763672 0.006642710883170366 0.005651785526424646 0.00713335582986474
v 0.1472867727279663 -0.13051600754261017 0.9534883499145508 0.07735652476549149 0.06869381666183472 0.07313167303800583
v 0.1472867727279663 -0.08580679446458817 0.9379844665527344 0.5207234025001526 0.5034536123275757 0.4884527325630188
v 0.1472867727279663 -0.0825621634721756 0.9379844665527344 0.521313488483429 0.5043630003929138 0.48962461948394775
v 0.1472867727279663 0.12151721119880676 0.9534883499145508 0.06656238436698914 0.05831996351480484 0.06243963912129402
v 0.1472867727279663 0.1352352797985077 0.751937985420227 0.003158699721097946 0.003069706726819277 0.0041936589404940605
v 0.1472867727279663 0.13422882556915283 0.7674418687820435 0.0037717404775321484 0.0030179887544363737 0.003990730736404657
v 0.1472867727279663 0.133894145488739 0.9689922332763672 0.005606017541140318 0.004983394406735897 0.006382517050951719
v 0.1472867727279663 0.13965633511543274 0.9844961166381836 0.00374853634275496 0.003211897797882557 0.00413825549185276
v -0.14728683233261108 -0.13178294897079468 0.7504372000694275 0.0027894615195691586 0.0030658110044896603 0.004000943154096603
v -0.14728683233261108 -0.13178294897079468 0.7582634687423706 0.003243274986743927 0.002780764363706112 0.0038343777414411306
v -0.14728683233261108 -0.13178294897079468 0.9728986620903015 0.006098106037825346 0.005346731282770634 0.006834127474576235
v -0.14728683233261108 -0.13178294897079468 0.9846694469451904 0.004299325402826071 0.0038443731609731913 0.0050254277884960175
v -0.14728683233261108 -0.11627906560897827 0.750404953956604 0.0027002431452274323 0.003048958722501993 0.003867139806970954
v -0.14728683233261108 -0.11627906560897827 0.7590340375900269 0.0033036326058208942 0.0028465299401432276 0.003971573431044817
v -0.14728683233261108 -0.11627906560897827 0.9653282761573792 0.013639045879244804 0.011578308418393135 0.013737564906477928
v -0.14728683233261108 -0.11627906560897827 0.9847415685653687 0.0043648420833051205 0.004033674485981464 0.005128962453454733
v -0.14728683233261108 -0.10077518224716187 0.7508036494255066 0.0026845780666917562 0.003057467984035611 0.0038464972749352455
v -0.14728683233261108 -0.10077518224716187 0.7591986656188965 0.003323142183944583 0.0028883605264127254 0.004004528280347586
v -0.14728683233261108 -0.10077518224716187 0.9608416557312012 0.04834083467721939 0.04112136736512184 0.04216074198484421
v -0.14728683233261108 -0.10077518224716187 0.9852715134620667 0.004446324426680803 0.0041105435229837894 0.005163196474313736
v -0.14728683233261108 -0.08527129888534546 0.7510682940483093 0.0026697919238358736 0.0030411158222705126 0.003770051524043083
v -0.14728683233261108 -0.08527129888534546 0.7595824599266052 0.003362742019817233 0.0029542953707277775 0.004054517950862646
v -0.14728683233261108 -0.08527130633592606 0.9561625123023987 0.18759222328662872 0.16842103004455566 0.15891973674297333
v -0.14728683233261108 -0.08527129888534546 0.9854567646980286 0.0044804709032177925 0.004159724339842796 0.0052027832716703415
v -0.14728683233261108 -0.06976741552352905 0.7510500550270081 0.0026588276959955692 0.0030295795295387506 0.0037299247924238443
v -0.14728683233261108 -0.06976741552352905 0.7613626718521118 0.0034820500295609236 0.0030044084414839745 0.00409163860604167
v -0.14728683233261108 -0.06976741552352905 0.9534749984741211 0.28632810711860657 0.25918275117874146 0.24917659163475037
v -0.14728683233261108 -0.06976740807294846 0.9855581521987915 0.004463041201233864 0.004188648425042629 0.00521466601639986
v -0.14728683233261108 -0.05426359176635742 0.7507445216178894 0.0026580479461699724 0.003044558921828866 0.003734822617843747
v -0.14728683233261108 -0.05426359176635742 0.7635062336921692 0.0035327430814504623 0.0030264814849942923 0.0040793875232338905
v -0.14728683233261108 -0.05426359176635742 0.9521570205688477 0.30675092339515686 0.27798405289649963 0.27060794830322266
v -0.14728683233261108 -0.05426359176635742 0.9855987429618835 0.004477689974009991 0.004301310051232576 0.005308674648404121
v -0.14728683233261108 -0.038759708404541016 0.7504896521568298 0.002680449280887842 0.003071977524086833 0.003764689899981022
v -0.14728683233261108 -0.038759708404541016 0.7632511854171753 0.003511854913085699 0.0030239466577768326 0.004048753064125776
v -0.14728683233261108 -0.038759708404541016 0.95252525806427 0.22096456587314606 0.19970962405204773 0.19160518050193787
v -0.14728683233261108 -0.038759708404541016 0.9852901697158813 0.004643846303224564 0.00455306563526392 0.005586554761976004
v -0.14728683233261108 -0.02325582504272461 0.7504376769065857 0.0026481745298951864 0.0030315034091472626 0.003687550313770771
v -0.14728683233261108 -0.02325582504272461 0.7629528045654297 0.003439330728724599 0.002961771795526147 0.003931084182113409
v -0.14728683233261108 -0.02325582504272461 0.9526830911636353 0.2099987119436264 0.19010010361671448 0.18227648735046387
v -0.14728683233261108 -0.02325582504272461 0.9845959544181824 0.005217274185270071 0.005095160100609064 0.0061872126534581184
v -0.14728683233261108 -0.007751941680908203 0.750578761100769 0.002620358718559146 0.0029920372180640697 0.003594468580558896
v -0.14728683233261108 -0.007751941680908203 0.7625846862792969 0.0033982619643211365 0.002940404461696744 0.0038542915135622025
v -0.14728683233261108 -0.007751941680908203 0.9520897269248962 0.26540806889533997 0.23985590040683746 0.2305869162082672
v -0.14728683233261108 -0.007751941680908203 0.9803174734115601 0.00759655749425292 0.007252213079482317 0.008522084914147854
v -0.14728683233261108 0.007751941680908203 0.7506131529808044 0.0026387167163193226 0.003017476527020335 0.0035937000066041946
v -0.14728683233261108 0.007751941680908203 0.762111485004425 0.0034201238304376602 0.0029678388964384794 0.0038798218593001366
v -0.14728683233261108 0.007751941680908203 0.9513891935348511 0.2698571979999542 0.24391193687915802 0.23451381921768188
v -0.14728683233261108 0.007751941680908203 0.981324315071106 0.006623771972954273 0.006423096638172865 0.0075958953239023685
v -0.14728683233261108 0.02325582504272461 0.7506219148635864 0.0027034073136746883 0.00307442550547421 0.0036727453116327524
v -0.14728683233261108 0.02325582504272461 0.7606985569000244 0.003458122257143259 0.002982587553560734 0.003922393079847097
v -0.14728683233261108 0.02325582504272461 0.9512057304382324 0.2604132294654846 0.2347259223461151 0.22605347633361816
v -0.14728683233261108 0.02325582504272461 0.9846794009208679 0.005251704249531031 0.005131440702825785 0.006180392578244209
v -0.14728683233261108 0.038759708404541016 0.7506856322288513 0.0027956876438111067 0.003156480146571994 0.0037665890995413065
v -0.14728683233261108 0.038759708404541016 0.7598867416381836 0.003568721702322364 0.003045964753255248 0.003985694143921137
v -0.14728683233261108 0.038759708404541016 0.9510020017623901 0.2954220175743103 0.26578181982040405 0.2563382089138031
v -0.14728684723377228 0.038759708404541016 0.9852989912033081 0.004893299657851458 0.004709726665169001 0.005707229021936655
v -0.14728683233261108 0.05426359176635742 0.7506877779960632 0.002881695982068777 0.0032389492262154818 0.003852810710668564
v -0.14728683233261108 0.05426359176635742 0.760458767414093 0.0037137921899557114 0.0031165790278464556 0.004032496828585863
v -0.14728683233261108 0.05426359176635742 0.9506464600563049 0.33943992853164673 0.3076155185699463 0.29725906252861023
v -0.14728683233261108 0.05426359176635742 0.9856902956962585 0.004584557376801968 0.004364080727100372 0.0053269388154149055
v -0.14728683233261108 0.06976747512817383 0.7506875991821289 0.0028874471317976713 0.003263176418840885 0.0038774057757109404
v -0.14728683233261108 0.06976747512817383 0.7606675624847412 0.003718246705830097 0.0031146719120442867 0.0040154894813895226
v -0.14728683233261108 0.06976747512817383 0.9519855976104736 0.2799485921859741 0.2528358995914459 0.2417149841785431
v -0.14728683233261108 0.06976747512817383 0.9856953620910645 0.004244700074195862 0.004018978215754032 0.004960355348885059
v -0.14728683233261108 0.08527135848999023 0.7506786584854126 0.002865358954295516 0.0032647736370563507 0.003886240068823099
v -0.14728683233261108 0.08527135848999023 0.7604018449783325 0.0036349825095385313 0.003075870219618082 0.003986986819654703
v -0.14728683233261108 0.08527135848999023 0.955345094203949 0.10609719902276993 0.09343428909778595 0.0894816592335701
v -0.14728683233261108 0.08527135848999023 0.9855225086212158 0.004055207595229149 0.0038533303886651993 0.004785169847309589
v -0.14728683233261108 0.10077524185180664 0.7506775259971619 0.0027440343983471394 0.0031875756103545427 0.0038345030043274164
v -0.14728683233261108 0.10077524185180664 0.7599073648452759 0.0034166178666055202 0.00296949059702456 0.003914547152817249
v -0.14728683233261108 0.10077524185180664 0.9607452750205994 0.022739339619874954 0.019541235640645027 0.021267645061016083
v -0.14728683233261108 0.10077524930238724 0.9853421449661255 0.004044985398650169 0.0038599625695496798 0.004822385031729937
v -0.14728683233261108 0.11627912521362305 0.7508620619773865 0.0025876364670693874 0.0030789109878242016 0.003744045039638877
v -0.14728683233261108 0.11627912521362305 0.7585910558700562 0.003134145401418209 0.0028428598307073116 0.003794394200667739
v -0.14728683233261108 0.11627912521362305 0.9669666886329651 0.007776789367198944 0.006983814295381308 0.008405044674873352
v -0.14728683233261108 0.11627912521362305 0.9849418997764587 0.00400200579315424 0.0038394546136260033 0.004871262237429619
v -0.14728683233261108 0.1317828893661499 0.7512473464012146 0.0025851773098111153 0.002992866560816765 0.003796219825744629
v -0.14728683233261108 0.1317828893661499 0.7576659917831421 0.00295209139585495 0.002669868292286992 0.0035660609137266874
v -0.14728683233261108 0.1317828893661499 0.9702503085136414 0.004832535050809383 0.004352705553174019 0.005521585699170828
v -0.14728683233261108 0.1317828893661499 0.9855931997299194 0.0037072242703288794 0.003320168238133192 0.004358540754765272
v -0.13178294897079468 -0.14728683233261108 0.7477386593818665 0.003962508402764797 0.0035858433693647385 0.006155616603791714
v -0.13178294897079468 -0.14728683233261108 0.990209698677063 0.007383445743471384 0.0052541401237249374 0.007473244797438383
v -0.13178294897079468 -0.13178294897079468 -0.9851648211479187 0.0037526229862123728 0.0033327597193419933 0.0044747283682227135
v -0.13178294897079468 -0.13178294897079468 -0.9772533178329468 0.003570260014384985 0.0035633316729217768 0.0047403359785676
v -0.13178294897079468 -0.13178294897079468 0.7481677532196045 0.003539454657584429 0.0035568769089877605 0.004945261403918266
v -0.13178294897079468 -0.13178294897079468 0.7654193639755249 0.007387273944914341 0.006180467549711466 0.008028578013181686
v -0.13178294897079468 -0.13178294897079468 0.7716399431228638 0.012056654319167137 0.009796003811061382 0.011996140703558922
v -0.13178294897079468 -0.13178294897079468 0.9311090707778931 0.581939160823822 0.561610221862793 0.5332635045051575
v -0.13178294897079468 -0.13178294897079468 0.9759145975112915 0.07722723484039307 0.07296139001846313 0.07082188129425049
v -0.13178294897079468 -0.13178294897079468 0.9857250452041626 0.0210286695510149 0.017889494076371193 0.022091809660196304
v -0.13178294897079468 -0.11627906560897827 -0.9888217449188232 0.0036549828946590424 0.0031999247148633003 0.0041387975215911865
v -0.13178294897079468 -0.11627906560897827 -0.9698100090026855 0.0030234819278120995 0.003550824709236622 0.004324980545789003
v -0.13178294897079468 -0.11627906560897827 0.7506396770477295 0.003779894206672907 0.003714633174240589 0.0047898381017148495
v -0.13178294897079468 -0.11627905815839767 0.7580181360244751 0.005772980395704508 0.0049372147768735886 0.006056288722902536
v -0.13178294897079468 -0.11627905815839767 0.7744576930999756 0.03666399419307709 0.030461519956588745 0.026819728314876556
v -0.13178294897079468 -0.11627906560897827 0.9329718351364136 0.6305233836174011 0.6244141459465027 0.5852983593940735
v -0.13178294897079468 -0.10077518224716187 -0.9891619682312012 0.0035840340424329042 0.0031614776235073805 0.004076272249221802
v -0.13178294897079468 -0.10077518224716187 -0.9695647954940796 0.0029932325705885887 0.0035580915864557028 0.004275531508028507
v -0.13178294897079468 -0.10077518224716187 0.7519187331199646 0.003982706926763058 0.003889037063345313 0.004758342634886503
v -0.13178294897079468 -0.10077517479658127 0.7522486448287964 0.004049709066748619 0.003924462012946606 0.004803821444511414
v -0.13178294897079468 -0.10077518224716187 0.7704955339431763 0.017828207463026047 0.014394843019545078 0.013165989890694618
v -0.13178294897079468 -0.10077518224716187 0.937976062297821 0.6256300806999207 0.6272656917572021 0.583601713180542
v -0.13178294897079468 -0.08527129888534546 -0.9893134236335754 0.003523619379848242 0.0031360045541077852 0.0040496033616364
v -0.13178294897079468 -0.08527129888534546 -0.969367504119873 0.003003476420417428 0.00357287609949708 0.004278165753930807
v -0.13178294897079468 -0.08527129143476486 0.7711458206176758 0.022556129842996597 0.018283292651176453 0.015047664754092693
v -0.13178294897079468 -0.08527129888534546 0.9374784231185913 0.6169570684432983 0.6207046508789062 0.5782507061958313
v -0.13178294897079468 -0.06976741552352905 -0.9892642498016357 0.0034471051767468452 0.0030801743268966675 0.003975581843405962
v -0.13178294897079468 -0.06976741552352905 -0.9692076444625854 0.0030243881046772003 0.0036012562923133373 0.004289449192583561
v -0.13178294897079468 -0.06976741552352905 0.7723402976989746 0.024268709123134613 0.020341772586107254 0.016198275610804558
v -0.13178294897079468 -0.06976741552352905 0.9328588843345642 0.6070610880851746 0.6093696355819702 0.5680258274078369
v -0.13178294897079468 -0.05426359176635742 -0.9892635345458984 0.0034447989892214537 0.0030749596189707518 0.003976317122578621
v -0.13178294897079468 -0.05426359176635742 -0.9690038561820984 0.003062053117901087 0.0036662700586020947 0.004338792525231838
v -0.13178294897079468 -0.05426359176635742 0.774179995059967 0.023892249912023544 0.02102138102054596 0.017293492332100868
v -0.13178294897079468 -0.05426359176635742 0.9249640107154846 0.5945485234260559 0.5932372808456421 0.5536594390869141
v -0.13178294897079468 -0.038759708404541016 -0.9892138838768005 0.003478873521089554 0.003101479960605502 0.004013954196125269
v -0.13178293406963348 -0.038759708404541016 -0.9688705205917358 0.003064686432480812 0.0037114378064870834 0.004356555175036192
v -0.13178294897079468 -0.038759708404541016 0.7787519693374634 0.06169745698571205 0.05865947902202606 0.0490143708884716
v -0.13178294897079468 -0.038759708404541016 0.9050338864326477 0.5714985728263855 0.5644354224205017 0.5307080745697021
v -0.13178294897079468 -0.02325582504272461 -0.9889971017837524 0.0034738846588879824 0.0031104411464184523 0.003997087012976408
v -0.13178294897079468 -0.02325582504272461 -0.9690576195716858 0.002996677067130804 0.003694106824696064 0.004293601494282484
v -0.13178294897079468 -0.02325582504272461 0.7896326184272766 0.41594433784484863 0.3894349932670593 0.3794296681880951
v -0.13178294897079468 -0.02325582318007946 0.8803244829177856 0.576144814491272 0.5669676065444946 0.534923791885376
v -0.13178294897079468 -0.007751941680908203 -0.9886153340339661 0.0035145822912454605 0.0031540957279503345 0.004024457652121782
v -0.13178294897079468 -0.007751941680908203 -0.9692075848579407 0.002980006393045187 0.0037298412062227726 0.00430478947237134
v -0.13178294897079468 -0.007751941215246916 0.8024868965148926 0.5280346870422363 0.5067354440689087 0.4789392352104187
v -0.13178294897079468 -0.007751941680908203 0.8629581332206726 0.5851439833641052 0.5763271450996399 0.5423039197921753
v -0.13178294897079468 0.007751941680908203 -0.9885403513908386 0.0036053124349564314 0.0032282450702041388 0.004116281401365995
v -0.13178294897079468 0.007751941680908203 -0.9692614674568176 0.0030197042506188154 0.0038061882369220257 0.004368057008832693
v -0.13178294897079468 0.007751941680908203 0.8095269799232483 0.5507530570030212 0.5344495177268982 0.49944615364074707
v -0.13178294897079468 0.007751941680908203 0.8553462028503418 0.5865135192871094 0.57773756980896 0.5403541922569275
v -0.13178294897079468 0.02325582504272461 -0.9886726140975952 0.00368337775580585 0.003293529385700822 0.0042037880048155785
v -0.13178294897079468 0.02325582504272461 -0.969241738319397 0.0030810197349637747 0.0038746031932532787 0.0044282712042331696
v -0.13178294897079468 0.02325582504272461 0.8030063509941101 0.533863365650177 0.5149611830711365 0.4873267114162445
v -0.13178294897079468 0.02325582504272461 0.8613982200622559 0.5869573950767517 0.5776017308235168 0.539940595626831
v -0.13178294897079468 0.038759708404541016 -0.9888473153114319 0.0036862085107713938 0.0032934967894107103 0.004210198763757944
v -0.13178294897079468 0.038759708404541016 -0.9691113233566284 0.0031687049195170403 0.003937423694878817 0.0044893245212733746
v -0.13178294897079468 0.038759708404541016 0.7943883538246155 0.5015825629234314 0.47838497161865234 0.4584924578666687
v -0.13178294897079468 0.038759708404541016 0.869836151599884 0.5890905261039734 0.5796269178390503 0.5406079888343811
v -0.13178294897079468 0.05426359176635742 -0.9890595078468323 0.003745052730664611 0.0033291017170995474 0.00425894046202302
v -0.13178294897079468 0.05426359176635742 -0.9690977931022644 0.00324106402695179 0.0039665778167545795 0.004531828686594963
v -0.13178294897079468 0.05426359176635742 0.7894811630249023 0.48394396901130676 0.46076029539108276 0.4373875856399536
v -0.13178294897079468 0.05426359176635742 0.8818373084068298 0.5936351418495178 0.584714412689209 0.5434516668319702
v -0.13178294897079468 0.06976747512817383 -0.9892316460609436 0.003745892085134983 0.0033098035492002964 0.004263448528945446
v -0.13178294897079468 0.06976747512817383 -0.9690520167350769 0.003230168716982007 0.0038903257809579372 0.004501368850469589
v -0.13178294897079468 0.06976747512817383 0.7833563089370728 0.3620615601539612 0.3418843150138855 0.3141267001628876
v -0.13178294897079468 0.06976747512817383 0.8996033668518066 0.5937285423278809 0.5843653082847595 0.5429474711418152
v -0.13178294897079468 0.08527135848999023 -0.9892637729644775 0.0037815305404365063 0.0033272772561758757 0.0042975349351763725
v -0.13178294897079468 0.08527135848999023 -0.9691376686096191 0.003226665547117591 0.0038251520600169897 0.004468414932489395
v -0.13178294897079468 0.08527135848999023 0.77674800157547 0.08868181705474854 0.08374568074941635 0.06134192273020744
v -0.13178294897079468 0.08527135848999023 0.9220982193946838 0.6019516587257385 0.5930694341659546 0.5522768497467041
v -0.13178294897079468 0.10077524185180664 -0.9891197681427002 0.003899401519447565 0.003402485279366374 0.004369851667433977
v -0.13178294897079468 0.10077524185180664 -0.9693558216094971 0.003275387454777956 0.0038592349737882614 0.0045141479931771755
v -0.13178294897079468 0.10077524185180664 0.7508853673934937 0.0036079701967537403 0.0037439344450831413 0.004271756391972303
v -0.13178294897079468 0.10077524185180664 0.7601909637451172 0.005974921863526106 0.005408111028373241 0.005739305634051561
v -0.13178294897079468 0.10077524185180664 0.7726699113845825 0.021996313706040382 0.0195769052952528 0.016676727682352066
v -0.13178294897079468 0.10077524185180664 0.9313862323760986 0.6001172065734863 0.5930184125900269 0.558272659778595
v -0.13178294897079468 0.11627912521362305 -0.9889904856681824 0.004107321612536907 0.0035408393014222383 0.004525488708168268
v -0.13178294897079468 0.11627912521362305 -0.9695175290107727 0.0034493824932724237 0.004025271162390709 0.004703615326434374
v -0.13178294897079468 0.11627912521362305 0.7496574521064758 0.0032803125213831663 0.0034435384441167116 0.004261061083525419
v -0.13178294897079468 0.11627912521362305 0.7662657499313354 0.007473943755030632 0.006879841908812523 0.007533468306064606
v -0.13178294897079468 0.11627912521362305 0.7704412937164307 0.010682099498808384 0.009753178805112839 0.01015124749392271
v -0.13178294897079468 0.11627912521362305 0.9307495355606079 0.5823687314987183 0.5686140060424805 0.5484186410903931
v -0.13178294897079468 0.1317828893661499 -0.9868554472923279 0.004110434558242559 0.0035110735334455967 0.004697067197412252
v -0.13178294897079468 0.1317828893661499 -0.9722477793693542 0.0038591146003454924 0.004023456946015358 0.005264589097350836
v -0.13178294897079468 0.1317828893661499 0.7486593723297119 0.0033496783580631018 0.003332271473482251 0.004835039842873812
v -0.13178294897079468 0.1317828893661499 0.8895576596260071 0.3883802890777588 0.36606696248054504 0.3443865478038788
v -0.13178294897079468 0.1317828893661499 0.9202585816383362 0.2929513454437256 0.2704215943813324 0.24993619322776794
v -0.13178294897079468 0.1317828893661499 0.9887350797653198 0.0064653875306248665 0.005828154738992453 0.0083076823502779
v -0.13178294897079468 0.1472867727279663 0.9668503999710083 0.0057474724017083645 0.0048040407709777355 0.006151404697448015
v -0.13178294897079468 0.1472867727279663 0.9871846437454224 0.0046311030164361 0.003513487521559 0.005113712511956692
v -0.11627906560897827 -0.14728683233261108 0.7472089529037476 0.005474457982927561 0.004696882329881191 0.007914465852081776
v -0.11627906560897827 -0.14728683233261108 0.9906128644943237 0.008782703429460526 0.0066295494325459 0.009353036992251873
v -0.11627906560897827 -0.13178294897079468 -0.9896454215049744 0.005552870221436024 0.004176144488155842 0.005880836397409439
v -0.11627906560897827 -0.13178294897079468 -0.9681114554405212 0.004221781622618437 0.0045079439878463745 0.0061674597673118114
v -0.11627906560897827 -0.13178294897079468 0.7899033427238464 0.6665761470794678 0.6333281993865967 0.6073922514915466
v -0.11627906560897827 -0.13178294897079468 0.8801499605178833 0.7488366961479187 0.7322941422462463 0.6823969483375549
v -0.11627906560897827 -0.11627906560897827 -0.9915805459022522 0.005825893022119999 0.004509782884269953 0.0054687135852873325
v -0.11627906560897827 -0.11627906560897827 -0.9669573307037354 0.00421107979491353 0.004774490371346474 0.005555434618145227
v -0.11627905815839767 -0.11627905815839767 0.8200652599334717 0.6972975730895996 0.6800636649131775 0.6390799283981323
v -0.11627906560897827 -0.11627906560897827 0.8642149567604065 0.7133135199546814 0.6998027563095093 0.6519744396209717
v -0.11627906560897827 -0.10077518224716187 -0.9915537238121033 0.005802726373076439 0.004485695622861385 0.005389112047851086
v -0.11627906560897827 -0.10077518224716187 -0.9671414494514465 0.0044051953591406345 0.00490582175552845 0.005615291651338339
v -0.11627906560897827 -0.10077518224716187 0.8087125420570374 0.6654118299484253 0.6554352045059204 0.6100929379463196
v -0.11627906560897827 -0.10077518224716187 0.8785792589187622 0.6821630001068115 0.6767042279243469 0.6281638145446777
v -0.11627906560897827 -0.08527129888534546 -0.9915027618408203 0.0056496295146644115 0.004432701505720615 0.005349845625460148
v -0.11627906560897827 -0.08527129888534546 -0.9672858119010925 0.004462788812816143 0.004904445726424456 0.005622910335659981
v -0.11627906560897827 -0.08527129888534546 0.8131548762321472 0.6513914465904236 0.6462947130203247 0.5978749990463257
v -0.11627907305955887 -0.08527129888534546 0.877112090587616 0.6593878269195557 0.6579471826553345 0.6120116710662842
v -0.11627906560897827 -0.06976741552352905 -0.9914678335189819 0.005423706956207752 0.004302249290049076 0.005197787191718817
v -0.11627906560897827 -0.06976741552352905 -0.9671579003334045 0.004423041827976704 0.004823962692171335 0.0055536068975925446
v -0.11627906560897827 -0.06976741552352905 0.834947407245636 0.642462432384491 0.641747772693634 0.5954915285110474
v -0.11627906560897827 -0.06976741552352905 0.8582215905189514 0.6435845494270325 0.6440019011497498 0.5993188619613647
v -0.11627906560897827 -0.05426359176635742 -0.9914311766624451 0.005283894017338753 0.004212088417261839 0.005095603875815868
v -0.11627906560897827 -0.05426358804106712 -0.9670222997665405 0.004356211517006159 0.004768345970660448 0.005498345009982586
v -0.11627906560897827 -0.038759708404541016 -0.9913792014122009 0.005181236192584038 0.0041428180411458015 0.0050264145247638226
v -0.11627906560897827 -0.038759708404541016 -0.9671136736869812 0.004232721868902445 0.004696211777627468 0.005417362321168184
v -0.11627906560897827 -0.02325582504272461 -0.9913095235824585 0.00501867663115263 0.004038645885884762 0.004913634620606899
v -0.11627906560897827 -0.02325582504272461 -0.9674864411354065 0.004028148949146271 0.004568774253129959 0.0052778753452003
v -0.11627906560897827 -0.007751941680908203 -0.9912366271018982 0.004938796628266573 0.003996008075773716 0.004875438753515482
v -0.11627906560897827 -0.007751941680908203 -0.9677538871765137 0.003903194097802043 0.004491171799600124 0.005216563586145639
v -0.11627906560897827 0.007751941680908203 -0.9912557005882263 0.005044691730290651 0.0040775262750685215 0.004982279613614082
v -0.11627906560897827 0.007751941680908203 -0.9679892063140869 0.003925582859665155 0.004540170077234507 0.005272917449474335
v -0.11627906560897827 0.02325582504272461 -0.9912764430046082 0.0051321005448699 0.0041358377784490585 0.00507107051089406
v -0.11627906560897827 0.02325582504272461 -0.9679605960845947 0.003980560693889856 0.004603337962180376 0.0053080180659890175
v -0.11627906560897827 0.038759708404541016 -0.9913273453712463 0.005189666524529457 0.004161809105426073 0.005127160344272852
v -0.11627906560897827 0.038759708404541016 -0.9677357077598572 0.0040937764570117 0.004673048388212919 0.005355539731681347
v -0.11627906560897827 0.05426359176635742 -0.9913402795791626 0.005291297100484371 0.004209311679005623 0.005204750690609217
v -0.11627907305955887 0.05426359176635742 -0.9676876664161682 0.0042118169367313385 0.004708521533757448 0.005417212378233671
v -0.11627906560897827 0.06976747512817383 -0.9913837313652039 0.005365903023630381 0.0042281374335289 0.005267557222396135
v -0.11627906560897827 0.06976747512817383 -0.9676237106323242 0.004213353153318167 0.00461805472150445 0.005400992929935455
v -0.11627906560897827 0.08527135848999023 -0.9913895726203918 0.005496024154126644 0.004300814587622881 0.005367946811020374
v -0.11627906560897827 0.08527135848999023 -0.9675764441490173 0.004231685306876898 0.004585347604006529 0.0054171402007341385
v -0.11627906560897827 0.10077524185180664 -0.9913556575775146 0.005816192831844091 0.0044983732514083385 0.005542383529245853
v -0.11627906560897827 0.10077524185180664 -0.9672040939331055 0.0044104973785579205 0.004831458441913128 0.00559685193002224
v -0.11627906560897827 0.11627912521362305 -0.9913881421089172 0.0062032160349190235 0.004734876565635204 0.005764950066804886
v -0.11627905815839767 0.11627912521362305 -0.9669109582901001 0.004652606323361397 0.005141058936715126 0.0058447811752557755
v -0.11627906560897827 0.1317828893661499 -0.9903333783149719 0.005939718801528215 0.004419730044901371 0.006104213185608387
v -0.11627906560897827 0.1317828893661499 -0.9685165286064148 0.004639050457626581 0.004745926707983017 0.006117683369666338
v -0.11627906560897827 0.1317828893661499 0.7500753402709961 0.004483074881136417 0.004083318170160055 0.0058384002186357975
v -0.11627906560897827 0.1317828893661499 0.8801261186599731 0.7161146998405457 0.689609169960022 0.64783775806427
v -0.11627906560897827 0.1472867727279663 0.7545967102050781 0.00477066682651639 0.0040739853866398335 0.006104025989770889
v -0.11627906560897827 0.1472867727279663 0.8014098405838013 0.25655099749565125 0.2418842762708664 0.23539701104164124
v -0.11627906560897827 0.1472867727279663 0.9373499155044556 0.04396950826048851 0.036324404180049896 0.03430233523249626
v -0.11627906560897827 0.1472867727279663 0.9475994110107422 0.02435450814664364 0.019692696630954742 0.019689038395881653
v -0.11627906560897827 0.1472867727279663 0.953899621963501 0.015682319179177284 0.012734741903841496 0.013550733216106892
v -0.11627906560897827 0.1472867727279663 0.9872310757637024 0.004996349569410086 0.003969994839280844 0.005944821983575821
v -0.10077518224716187 -0.14728683233261108 0.7458175420761108 0.0074690948240458965 0.006212232168763876 0.009844210930168629
v -0.10077518224716187 -0.14728683233261108 0.9906707406044006 0.009165420196950436 0.007048591040074825 0.009887457825243473
v -0.10077518224716187 -0.13178294897079468 -0.9898209571838379 0.00581355718895793 0.004393985494971275 0.006135520059615374
v -0.10077518224716187 -0.13178294897079468 -0.968053936958313 0.004986514337360859 0.005187649745494127 0.00696876784786582
v -0.10077518224716187 -0.13178294897079468 0.7825441360473633 0.6769470572471619 0.6342244148254395 0.6105770468711853
v -0.10077518224716187 -0.13178294897079468 0.8932227492332458 0.7931013703346252 0.7730288505554199 0.7232080101966858
v -0.10077518224716187 -0.11627906560897827 -0.9915786385536194 0.006267852615565062 0.004741699434816837 0.005591925233602524
v -0.10077518224716187 -0.11627906560897827 -0.9676669836044312 0.005139563232660294 0.005482140928506851 0.006282864138484001
v -0.10077518224716187 -0.10077518224716187 -0.9915041327476501 0.006267673801630735 0.004742177203297615 0.00555820157751441
v -0.10077517479658127 -0.10077517479658127 -0.9681527614593506 0.0053540184162557125 0.005594830494374037 0.006299299653619528
v -0.10077518224716187 -0.08527129888534546 -0.9914394021034241 0.0060743605718016624 0.0046981098130345345 0.005549552850425243
v -0.10077518224716187 -0.08527129888534546 -0.9684270620346069 0.005325224716216326 0.005529377143830061 0.006266667041927576
v -0.10077518224716187 -0.06976741552352905 -0.9914088845252991 0.005778641905635595 0.004560691304504871 0.00542421406134963
v -0.10077518224716187 -0.06976741552352905 -0.968280553817749 0.005184551700949669 0.005363738629966974 0.006135380826890469
v -0.10077518224716187 -0.05426359176635742 -0.9914007782936096 0.005578511860221624 0.004446574952453375 0.005327906925231218
v -0.10077518224716187 -0.05426359176635742 -0.9679195284843445 0.005060935392975807 0.00524654658511281 0.006039531901478767
v -0.10077518224716187 -0.038759708404541016 -0.9913746118545532 0.00545801455155015 0.0043697538785636425 0.0052598812617361546
v -0.10077518224716187 -0.038759708404541016 -0.967942476272583 0.004926314577460289 0.0051538036204874516 0.005948642734438181
v -0.10077518224716187 -0.02325582504272461 -0.99132239818573 0.005356056150048971 0.004297622013837099 0.005172595381736755
v -0.10077518224716187 -0.02325582504272461 -0.9684526324272156 0.004714985378086567 0.00501279765740037 0.005792176816612482
v -0.10077518224716187 -0.007751941680908203 -0.9912573099136353 0.005284499377012253 0.004249590449035168 0.0051331110298633575
v -0.10077518224716187 -0.007751941215246916 -0.9687379002571106 0.00458128796890378 0.004920527804642916 0.005720377434045076
v -0.10077518224716187 0.007751941680908203 -0.9912835359573364 0.005342329852283001 0.004291446413844824 0.0051978714764118195
v -0.10077518224716187 0.007751941215246916 -0.9689379334449768 0.004571836907416582 0.004923513624817133 0.005745943170040846
v -0.10077518224716187 0.02325582504272461 -0.9912963509559631 0.005369426682591438 0.004306717775762081 0.0052285706624388695
v -0.10077518224716187 0.02325582504272461 -0.9688560962677002 0.004586993250995874 0.004955808166414499 0.0057421717792749405
v -0.10077518224716187 0.038759708404541016 -0.9913211464881897 0.005354126449674368 0.004286210983991623 0.005244158674031496
v -0.10077518224716187 0.038759708404541016 -0.9685807228088379 0.004673341754823923 0.004988493863493204 0.005766861140727997
v -0.10077518224716187 0.05426359176635742 -0.9913115501403809 0.005399489309638739 0.004296054132282734 0.005290788132697344
v -0.10077518224716187 0.05426359176635742 -0.9685289859771729 0.004728209227323532 0.004950088914483786 0.005785846151411533
v -0.10077518224716187 0.06976747512817383 -0.9913432598114014 0.005424201488494873 0.0042869229800999165 0.005331709515303373
v -0.10077518224716187 0.06976747512817383 -0.9685020446777344 0.004664271138608456 0.004806336481124163 0.005749916657805443
v -0.10077518224716187 0.08527135848999023 -0.9913425445556641 0.005551849491894245 0.004353334661573172 0.0054231127724051476
v -0.10077518224716187 0.08527135848999023 -0.9684527516365051 0.004688844550400972 0.004800571594387293 0.005806948058307171
v -0.10077518224716187 0.10077524185180664 -0.9913051724433899 0.005937076173722744 0.0045769852586090565 0.005576916504651308
v -0.10077518224716187 0.10077524185180664 -0.9679601192474365 0.005041573196649551 0.005191965959966183 0.006098985206335783
v -0.10077518224716187 0.11627912521362305 -0.9913583397865295 0.0063482322730124 0.004819623660296202 0.005760364234447479
v -0.10077518224716187 0.11627912521362305 -0.9673303961753845 0.005469189025461674 0.005661314819008112 0.006466734688729048
v -0.10077518224716187 0.1317828893661499 -0.9904910922050476 0.006181863136589527 0.0046308632008731365 0.006302168592810631
v -0.10077517479658127 0.1317828893661499 -0.9682162404060364 0.005490600597113371 0.0054068733006715775 0.00678505701944232
v -0.10077518224716187 0.1317828893661499 0.7507360577583313 0.006179156247526407 0.005306312348693609 0.007229360286146402
v -0.10077518224716187 0.1317828893661499 0.8882118463516235 0.8053778409957886 0.7860966920852661 0.7427941560745239
v -0.10077518224716187 0.1472867727279663 0.7515789866447449 0.005704081617295742 0.004871852230280638 0.007151660043746233
v -0.10077518224716187 0.1472867727279663 0.8289620876312256 0.7472703456878662 0.7413446307182312 0.7001213431358337
v -0.10077518224716187 0.1472867727279663 0.9303135871887207 0.3390519917011261 0.31315523386001587 0.2830124497413635
v -0.10077518224716187 0.1472867727279663 0.9878163933753967 0.005144191440194845 0.004071321338415146 0.006324273534119129
v -0.08527129888534546 -0.14728683233261108 0.7440974712371826 0.010104234330356121 0.007998821325600147 0.012215035036206245
v -0.08527129888534546 -0.14728683233261108 0.9906257390975952 0.009219450876116753 0.007211488205939531 0.01005266048014164
v -0.08527129888534546 -0.13178294897079468 -0.989955723285675 0.0059164827689528465 0.004504751414060593 0.006198848132044077
v -0.08527129888534546 -0.13178294897079468 -0.9680772423744202 0.00543620903044939 0.005576124414801598 0.0073349145241081715
v -0.08527129888534546 -0.13178294897079468 0.7796228528022766 0.6968367695808411 0.6577185988426208 0.6295983791351318
v -0.08527129888534546 -0.13178294897079468 0.9095245599746704 0.8083490133285522 0.7911257147789001 0.7419424653053284
v -0.08527129888534546 -0.11627906560897827 -0.9915482401847839 0.006335580721497536 0.004776471760123968 0.005582327954471111
v -0.08527129888534546 -0.11627906560897827 -0.9677751064300537 0.005574357230216265 0.005758922081440687 0.00655824039131403
v -0.08527129888534546 -0.10077518224716187 -0.9914600253105164 0.0062834410928189754 0.004747615661472082 0.0055482289753854275
v -0.08527129888534546 -0.10077518224716187 -0.9681757688522339 0.005736293271183968 0.005808588583022356 0.006528125144541264
v -0.08527129888534546 -0.08527129888534546 -0.9913889169692993 0.006027060095220804 0.00467704376205802 0.005521602928638458
v -0.08527129888534546 -0.08527129888534546 -0.9684304594993591 0.005648743361234665 0.005721318535506725 0.0064893984235823154
v -0.08527129888534546 -0.06976741552352905 -0.9913551211357117 0.005686198826879263 0.004539649933576584 0.005412881262600422
v -0.08527129143476486 -0.06976741552352905 -0.9682106971740723 0.00547318859025836 0.005543237552046776 0.006373181473463774
v -0.08527129888534546 -0.05426359176635742 -0.9913662672042847 0.005469719413667917 0.0044183447025716305 0.00532885454595089
v -0.08527130633592606 -0.05426359176635742 -0.9676153063774109 0.0053448062390089035 0.005400336347520351 0.0062821172177791595
v -0.08527129888534546 -0.038759708404541016 -0.9913498163223267 0.005354688502848148 0.004338792525231838 0.005272487178444862
v -0.08527129888534546 -0.038759708404541016 -0.9674927592277527 0.005224656313657761 0.005296964198350906 0.006191001273691654
v -0.08527129888534546 -0.02325582504272461 -0.9912985563278198 0.0052919392473995686 0.0042873565107584 0.005208760034292936
v -0.08527129888534546 -0.02325582504272461 -0.9680453538894653 0.005031845532357693 0.005174271762371063 0.006020681466907263
v -0.08527129888534546 -0.007751941680908203 -0.9912202954292297 0.005238213110715151 0.004243255127221346 0.0051715620793402195
v -0.08527129888534546 -0.007751941680908203 -0.968390703201294 0.004892385099083185 0.005074976943433285 0.005921064410358667
v -0.08527129888534546 0.007751941680908203 -0.9912419319152832 0.005267953500151634 0.004259979818016291 0.005201851017773151
v -0.08527129143476486 0.007751941215246916 -0.968583881855011 0.004858910106122494 0.005059175193309784 0.005923604127019644
v -0.08527129888534546 0.02325582504272461 -0.9912545680999756 0.005259338300675154 0.004252680577337742 0.005198127590119839
v -0.08527130633592606 0.02325582690536976 -0.9685022830963135 0.004858797416090965 0.005075429566204548 0.00591103034093976
v -0.08527129888534546 0.038759708404541016 -0.991265058517456 0.005205416586250067 0.004211083985865116 0.005195072386413813
v -0.08527129888534546 0.038759708404541016 -0.968156635761261 0.004924637731164694 0.005100210662931204 0.005953111220151186
v -0.08527129888534546 0.05426359176635742 -0.9912485480308533 0.005211403593420982 0.00420168275013566 0.005221109371632338
v -0.08527129888534546 0.05426359549164772 -0.9680843353271484 0.004920557606965303 0.005026703234761953 0.005965185351669788
v -0.08527129888534546 0.06976747512817383 -0.9912775754928589 0.005201185587793589 0.004176091868430376 0.005243665538728237
v -0.08527129888534546 0.06976747512817383 -0.9681035280227661 0.004800586029887199 0.0048551601357758045 0.005916496738791466
v -0.08527129888534546 0.08527135848999023 -0.9912744164466858 0.0053401850163936615 0.004243375267833471 0.005331316031515598
v -0.08527129888534546 0.08527135848999023 -0.9680664539337158 0.004839321132749319 0.004871917888522148 0.005994082428514957
v -0.08527129888534546 0.10077524185180664 -0.9912342429161072 0.005817791447043419 0.004507763311266899 0.005505639128386974
v -0.08527129888534546 0.10077524185180664 -0.9675437211990356 0.005307728890329599 0.005321206990629435 0.0063163586892187595
v -0.08527129888534546 0.11627912521362305 -0.991292417049408 0.006327333860099316 0.004800592549145222 0.00571078946813941
v -0.08527129888534546 0.11627913266420364 -0.9669061899185181 0.005871796514838934 0.005865749903023243 0.006724783219397068
v -0.08527129888534546 0.1317828893661499 -0.9905369877815247 0.006335509940981865 0.004754132125526667 0.006364297121763229
v -0.08527129888534546 0.1317828893661499 -0.9679298400878906 0.006005822215229273 0.005804708693176508 0.007096785586327314
v -0.08527129888534546 0.1317828893661499 0.7506291270256042 0.009669537656009197 0.007862741127610207 0.01031508482992649
v -0.08527129888534546 0.1317828893661499 0.9035922288894653 0.8273745775222778 0.8150945901870728 0.7723073363304138
v -0.08527129888534546 0.1472867727279663 0.7507277727127075 0.007101807277649641 0.005839949008077383 0.008394377306103706
v -0.08527129888534546 0.1472867727279663 0.834875226020813 0.801552951335907 0.8007904887199402 0.7656812071800232
v -0.08527129888534546 0.1472867727279663 0.9283597469329834 0.6700871586799622 0.6546742916107178 0.5996248722076416
v -0.08527129888534546 0.1472867727279663 0.9879465699195862 0.005264257080852985 0.004130511078983545 0.006389509420841932
v -0.06976741552352905 -0.14728683233261108 0.7441400289535522 0.010994871146976948 0.008584417402744293 0.013150908052921295
v -0.06976741552352905 -0.14728683233261108 0.990620493888855 0.009361261501908302 0.00732812425121665 0.010181003250181675
v -0.06976741552352905 -0.13178294897079468 -0.9898377060890198 0.005854809656739235 0.004504709504544735 0.006182718090713024
v -0.06976741552352905 -0.13178294897079468 -0.9682331085205078 0.005583802238106728 0.005664831958711147 0.007439982146024704
v -0.06976741552352905 -0.13178294897079468 0.781039834022522 0.7018058896064758 0.6696958541870117 0.6396401524543762
v -0.06976741552352905 -0.13178294897079468 0.9084984064102173 0.8117437362670898 0.7971892952919006 0.7471116781234741
v -0.06976741552352905 -0.11627906560897827 -0.9915030598640442 0.006248065270483494 0.0047302511520683765 0.005538479890674353
v -0.06976741552352905 -0.11627906560897827 -0.9678710699081421 0.005680348724126816 0.005761928856372833 0.006638769526034594
v -0.06976741552352905 -0.11627906560897827 0.8439476490020752 0.8079696297645569 0.7848068475723267 0.7394971251487732
v -0.06976741552352905 -0.11627907305955887 0.8453428745269775 0.809052586555481 0.7861547470092773 0.7406695485115051
v -0.06976741552352905 -0.10077518224716187 -0.9914071559906006 0.0061636208556592464 0.00468433229252696 0.005495188292115927
v -0.06976741552352905 -0.10077517479658127 -0.9682447910308838 0.005819329060614109 0.005795876961201429 0.006582236383110285
v -0.06976741552352905 -0.08527129888534546 -0.9913300275802612 0.005866538733243942 0.004589567892253399 0.005452034063637257
v -0.06976741552352905 -0.08527129888534546 -0.9684752225875854 0.005729448515921831 0.00572635792195797 0.006562107242643833
v -0.06976741552352905 -0.06976741552352905 -0.9912960529327393 0.005500891245901585 0.004443888086825609 0.005354518536478281
v -0.06976741552352905 -0.06976741552352905 -0.9681195616722107 0.005589392967522144 0.00559625681489706 0.0064999377354979515
v -0.06976741552352905 -0.05426359176635742 -0.9913185238838196 0.0052763004787266254 0.004314802587032318 0.005279436241835356
v -0.06976741552352905 -0.05426359549164772 -0.9672641754150391 0.00550356600433588 0.0054760826751589775 0.006453382316976786
v -0.06976741552352905 -0.038759708404541016 -0.9913018941879272 0.005155125167220831 0.004223898518830538 0.0052251354791224
v -0.06976741552352905 -0.038759708404541016 -0.966844916343689 0.0053955670446157455 0.005350578110665083 0.006345552392303944
v -0.06976741552352905 -0.02325582504272461 -0.9912418127059937 0.00509666046127677 0.004170548636466265 0.005165596958249807
v -0.06976741552352905 -0.02325582318007946 -0.9672553539276123 0.005179448518902063 0.00519747706130147 0.006132338661700487
v -0.06976741552352905 -0.007751941680908203 -0.9911300539970398 0.005048011429607868 0.004126597661525011 0.005117619875818491
v -0.06976741552352905 -0.007751941680908203 -0.9675889015197754 0.004984627943485975 0.005073711276054382 0.005979824345558882
v -0.06976741552352905 0.007751941680908203 -0.9911378026008606 0.00504564493894577 0.0041237943805754185 0.005119670648127794
v -0.06976741552352905 0.007751941680908203 -0.9677256941795349 0.00492549454793334 0.005053081549704075 0.0059613133780658245
v -0.06976741552352905 0.02325582504272461 -0.9911524653434753 0.0050062816590070724 0.004106022883206606 0.005106392782181501
v -0.06976741552352905 0.02325582504272461 -0.9676079750061035 0.004954603035002947 0.005105762276798487 0.006001696456223726
v -0.06976741552352905 0.038759708404541016 -0.9911616444587708 0.004941301885992289 0.004065732937306166 0.0051053068600595
v -0.06976741552352905 0.038759708404541016 -0.9672538638114929 0.005019130650907755 0.005136239808052778 0.006087380927056074
v -0.06976741552352905 0.05426359176635742 -0.9911485314369202 0.004937575198709965 0.0040551116690039635 0.005121167283505201
v -0.06976741552352905 0.05426359176635742 -0.9671765565872192 0.00498366542160511 0.005048135761171579 0.006109107751399279
v -0.06976741552352905 0.06976747512817383 -0.9911808371543884 0.004925739020109177 0.004028052091598511 0.005126098170876503
v -0.06976741552352905 0.06976747512817383 -0.9672601819038391 0.004839132074266672 0.004868871066719294 0.006050877273082733
v -0.06976741552352905 0.08527135848999023 -0.9911885857582092 0.005092725623399019 0.004104285966604948 0.005210115108639002
v -0.06976741552352905 0.08527135848999023 -0.9673287868499756 0.004882869776338339 0.004884004592895508 0.006127713248133659
v -0.06976741552352905 0.10077524185180664 -0.9911565184593201 0.005653148051351309 0.0043997932225465775 0.005409546196460724
v -0.06976741552352905 0.10077524185180664 -0.9669771194458008 0.00538113247603178 0.0053144837729632854 0.0064214374870061874
v -0.06976741552352905 0.11627912521362305 -0.991220235824585 0.00622349139302969 0.004716259893029928 0.005631983745843172
v -0.06976741552352905 0.11627912521362305 -0.9665113091468811 0.006016394589096308 0.005896122194826603 0.006848882883787155
v -0.06976741552352905 0.1317828893661499 -0.9904743432998657 0.006324865855276585 0.004769633524119854 0.006355711258947849
v -0.06976741552352905 0.1317828893661499 -0.9677224159240723 0.006230791099369526 0.005953176878392696 0.007209275383502245
v -0.06976741552352905 0.1317828893661499 0.750471293926239 0.013243639841675758 0.010545739904046059 0.013576946221292019
v -0.06976741552352905 0.1317828893661499 0.902387797832489 0.8330536484718323 0.825120747089386 0.7843770384788513
v -0.06976741552352905 0.1472867727279663 0.750082790851593 0.008343053050339222 0.006699464749544859 0.009480119682848454
v -0.06976741552352905 0.1472867727279663 0.8284440636634827 0.8040329217910767 0.8028352856636047 0.7680028676986694
v -0.06976741552352905 0.1472867727279663 0.933462381362915 0.6810572743415833 0.6651686429977417 0.6094636917114258
v -0.06976741552352905 0.1472867727279663 0.9879710674285889 0.005501841194927692 0.0042622387409210205 0.006494510918855667
v -0.05426359176635742 -0.14728683233261108 0.7454537153244019 0.010540875606238842 0.008400212973356247 0.01285614538937807
v -0.05426359176635742 -0.14728683233261108 0.9905040860176086 0.009219775907695293 0.007229751441627741 0.010084441863000393
v -0.05426359176635742 -0.13178294897079468 -0.9893664717674255 0.005779665429145098 0.004465101752430201 0.0061760032549500465
v -0.05426359176635742 -0.13178294897079468 -0.9682345390319824 0.005725867114961147 0.0057345228269696236 0.00758535647764802
v -0.05426359176635742 -0.13178294897079468 0.7944008111953735 0.7601125240325928 0.7391796112060547 0.6977067589759827
v -0.05426359176635742 -0.13178294897079468 0.8941306471824646 0.8154516816139221 0.8033231496810913 0.7542412281036377
v -0.05426359176635742 -0.11627906560897827 -0.9915169477462769 0.0061528501100838184 0.004669109359383583 0.005517186131328344
v -0.05426359176635742 -0.11627907305955887 -0.9675322771072388 0.00585474818944931 0.005814556963741779 0.006840595975518227
v -0.05426359176635742 -0.10077518224716187 -0.991399884223938 0.006040740292519331 0.004623612854629755 0.00547177717089653
v -0.05426359176635742 -0.10077518224716187 -0.9679704904556274 0.005989710800349712 0.0058581228367984295 0.006747804582118988
v -0.05426359176635742 -0.08527129888534546 -0.9913074970245361 0.0057204170152544975 0.004511169623583555 0.005434816237539053
v -0.05426359176635742 -0.08527129888534546 -0.9681888222694397 0.005921610631048679 0.005821889266371727 0.00676565058529377
v -0.05426359176635742 -0.06976741552352905 -0.9912776350975037 0.005354533437639475 0.004355922807008028 0.005358713213354349
v -0.05426359176635742 -0.06976741552352905 -0.9676390886306763 0.005818828009068966 0.005735940299928188 0.006762639153748751
v -0.05426359176635742 -0.05426359176635742 -0.991299033164978 0.005123288836330175 0.004224876873195171 0.005290284752845764
v -0.05426359176635742 -0.05426359176635742 -0.9664981961250305 0.005758217535912991 0.005666171200573444 0.006753200199455023
v -0.05426359176635742 -0.038759708404541016 -0.9912816882133484 0.004994610324501991 0.004130763467401266 0.005240332335233688
v -0.05426359176635742 -0.038759708404541016 -0.9656438827514648 0.005659014917910099 0.005524685140699148 0.006629834417253733
v -0.05426359176635742 -0.02325582504272461 -0.9912155866622925 0.004946826491504908 0.0040803407318890095 0.005191223695874214
v -0.05426359176635742 -0.02325582504272461 -0.965735673904419 0.00540872011333704 0.005287668202072382 0.006311849225312471
v -0.05426359176635742 -0.007751941680908203 -0.9910720586776733 0.004908938892185688 0.004046416841447353 0.005121837370097637
v -0.05426359176635742 -0.007751941680908203 -0.9663203954696655 0.005057148169726133 0.00504274433478713 0.0059939660131931305
v -0.05426359176635742 0.007751941680908203 -0.9910629987716675 0.004879661835730076 0.00403083860874176 0.005103577859699726
v -0.05426359176635742 0.007751941680908203 -0.966518759727478 0.004973269533365965 0.005019946023821831 0.005942137446254492
v -0.05426359176635742 0.02325582504272461 -0.9910869002342224 0.004828338511288166 0.004008011892437935 0.005111326463520527
v -0.05426359176635742 0.02325582504272461 -0.9662883877754211 0.005079719703644514 0.005122789181768894 0.006055428646504879
v -0.05426359176635742 0.038759708404541016 -0.9911125898361206 0.004746752325445414 0.003960512578487396 0.005109057761728764
v -0.05426359176635742 0.038759708404541016 -0.9660320281982422 0.00513279065489769 0.005165042355656624 0.006194380111992359
v -0.05426359176635742 0.05426359176635742 -0.9911101460456848 0.004736538510769606 0.003939729183912277 0.005108366720378399
v -0.05426359176635742 0.05426359176635742 -0.9658913612365723 0.005048457998782396 0.005060350056737661 0.006229460705071688
v -0.05426359176635742 0.06976747512817383 -0.991132915019989 0.004744932986795902 0.00391646521165967 0.0050958734937012196
v -0.05426359176635742 0.06976747512817383 -0.965944766998291 0.004887515679001808 0.004898095037788153 0.006194217596203089
v -0.05426359176635742 0.08527135848999023 -0.991167426109314 0.00491338362917304 0.003989579621702433 0.005157068837434053
v -0.05426359176635742 0.08527135848999023 -0.9661458730697632 0.004908778704702854 0.004902273882180452 0.006287009920924902
v -0.05426359176635742 0.10077524185180664 -0.9911961555480957 0.0054871863685548306 0.004278657026588917 0.005342915188521147
v -0.05426359176635742 0.10077524185180664 -0.9661870002746582 0.00540541997179389 0.005268740933388472 0.006539601366966963
v -0.05426359176635742 0.11627912521362305 -0.9912912845611572 0.006097821984440088 0.004607378970831633 0.005582093261182308
v -0.05426359176635742 0.11627912521362305 -0.9660805463790894 0.006091500166803598 0.005851222202181816 0.0069635482504963875
v -0.05426359176635742 0.1317828893661499 -0.9903396964073181 0.006246659904718399 0.004733679350465536 0.006351551506668329
v -0.05426359176635742 0.1317828893661499 -0.9674420356750488 0.006363908760249615 0.00600939616560936 0.007320251315832138
v -0.05426359176635742 0.1317828893661499 0.750785231590271 0.015428365208208561 0.012205078266561031 0.015446256846189499
v -0.05426359176635742 0.1317828893661499 0.8896113038063049 0.8364066481590271 0.8312973380088806 0.7972725033760071
v -0.05426359176635742 0.1472867727279663 0.7497375011444092 0.009167990647256374 0.0072982958517968655 0.010121772065758705
v -0.05426359176635742 0.1472867727279663 0.8297165632247925 0.8036243319511414 0.8031200170516968 0.7691442370414734
v -0.05426359176635742 0.1472867727279663 0.9356500506401062 0.638384222984314 0.6198074221611023 0.5675479173660278
v -0.05426359176635742 0.1472867727279663 0.9881274700164795 0.005607838276773691 0.004338691011071205 0.006584169343113899
v -0.038759708404541016 -0.14728683233261108 0.7462833523750305 0.011186545714735985 0.008933206088840961 0.013269905000925064
v -0.038759708404541016 -0.14728683233261108 0.9902211427688599 0.008725423365831375 0.006920841056853533 0.009800848551094532
v -0.038759708404541016 -0.13178294897079468 -0.9889166951179504 0.005635611712932587 0.004348809365183115 0.0061334571801126
v -0.038759712129831314 -0.13178294897079468 -0.9680383801460266 0.005764184985309839 0.005767956841737032 0.0076883090659976006
v -0.038759708404541016 -0.13178294897079468 0.8057329654693604 0.7742597460746765 0.7556701898574829 0.7147562503814697
v -0.038759708404541016 -0.13178294897079468 0.8862366676330566 0.813310444355011 0.8026725649833679 0.7564685940742493
v -0.038759708404541016 -0.11627906560897827 -0.9915895462036133 0.005987225100398064 0.004528385121375322 0.005494192708283663
v -0.038759708404541016 -0.11627906560897827 -0.967149019241333 0.005903491284698248 0.0058455755934119225 0.006990240421146154
v -0.038759708404541016 -0.10077518224716187 -0.9914771318435669 0.005797301884740591 0.004440667573362589 0.005417631007730961
v -0.038759712129831314 -0.10077518224716187 -0.9677383303642273 0.005952832289040089 0.005809071008116007 0.006825718097388744
v -0.038759708404541016 -0.08527129888534546 -0.9913830757141113 0.005416027270257473 0.004283157642930746 0.005361004266887903
v -0.038759708404541016 -0.08527129888534546 -0.9679578542709351 0.005782305262982845 0.005691378843039274 0.0067948573268949986
v -0.038759708404541016 -0.06976741552352905 -0.991359293460846 0.0050461795181035995 0.004121837206184864 0.005284647922962904
v -0.038759708404541016 -0.06976741552352905 -0.9673504829406738 0.00564306927844882 0.005613979883491993 0.006794341374188662
v -0.038759708404541016 -0.05426359176635742 -0.9913792014122009 0.004837271757423878 0.004018562380224466 0.005231068003922701
v -0.038759708404541016 -0.05426359176635742 -0.9660542011260986 0.005652986466884613 0.0055973161943256855 0.006806809455156326
v -0.038759708404541016 -0.038759708404541016 -0.991367518901825 0.004755155183374882 0.003965882118791342 0.0052195661701262
v -0.038759708404541016 -0.038759708404541016 -0.9648321866989136 0.005719834938645363 0.005522800609469414 0.0067137922160327435
v -0.038759708404541016 -0.02325582504272461 -0.9913294911384583 0.004779178183525801 0.003955050837248564 0.005195466335862875
v -0.038759708404541016 -0.02325582504272461 -0.9646327495574951 0.005613177083432674 0.005373032297939062 0.006461635231971741
v -0.038759708404541016 -0.02325582504272461 0.936388373374939 0.0035704236943274736 0.0036958609707653522 0.004076976329088211
v -0.038759708404541016 -0.02325582504272461 0.945575475692749 0.004399790428578854 0.004342573694884777 0.004848650190979242
v -0.038759708404541016 -0.007751941680908203 -0.991205632686615 0.00469301687553525 0.0039011784829199314 0.005029918160289526
v -0.038759708404541016 -0.007751941680908203 -0.965484619140625 0.005091893021017313 0.005015337374061346 0.005989666562527418
v -0.038759708404541016 -0.007751941680908203 0.9360425472259521 0.0036790871527045965 0.0038706082850694656 0.004162061959505081
v -0.038759708404541016 -0.007751941680908203 0.9458942413330078 0.004594055935740471 0.004539093468338251 0.00484897755086422
v -0.038759708404541016 0.007751941680908203 -0.9911912083625793 0.004643918015062809 0.0038742036558687687 0.005005098879337311
v -0.038759708404541016 0.007751941680908203 -0.96562260389328 0.005000978242605925 0.004967718385159969 0.005924243479967117
v -0.038759708404541016 0.007751941680908203 0.9371556043624878 0.003588064108043909 0.003787396941334009 0.004051076248288155
v -0.038759708404541016 0.007751941680908203 0.9414474964141846 0.004085814580321312 0.0042161219753324986 0.0045263078063726425
v -0.038759708404541016 0.02325582504272461 -0.991215169429779 0.0046705096028745174 0.0038783361669629812 0.005124276038259268
v -0.038759708404541016 0.02325582504272461 -0.9652209281921387 0.005316940136253834 0.00518745556473732 0.0061805895529687405
v -0.038759708404541016 0.038759708404541016 -0.9912394881248474 0.004527613054960966 0.0037892123218625784 0.005104436539113522
v -0.038759708404541016 0.038759708404541016 -0.9650317430496216 0.005242130719125271 0.005119858775287867 0.006244969554245472
v -0.038759708404541016 0.05426359176635742 -0.9912488460540771 0.004468486178666353 0.0037318954709917307 0.005059010349214077
v -0.038759708404541016 0.05426359176635742 -0.9650247097015381 0.004974219016730785 0.004882581066340208 0.0061585018411278725
v -0.038759708404541016 0.06976747512817383 -0.9912564754486084 0.004478201270103455 0.003700375324115157 0.005019649397581816
v -0.038759708404541016 0.06976747512817383 -0.9651984572410583 0.004717940930277109 0.004655792377889156 0.006036321632564068
v -0.038759708404541016 0.08527135848999023 -0.9912843704223633 0.004642554558813572 0.0037716426886618137 0.005074546206742525
v -0.038759708404541016 0.08527135103940964 -0.9655436873435974 0.004666051361709833 0.004628354217857122 0.006103163585066795
v -0.038759708404541016 0.10077524185180664 -0.9913356304168701 0.005219140090048313 0.004067755304276943 0.0052636354230344296
v -0.038759708404541016 0.10077524185180664 -0.965812623500824 0.0051747518591582775 0.005047328770160675 0.0064399815164506435
v -0.038759708404541016 0.11627912521362305 -0.9914254546165466 0.005849539767950773 0.004402787424623966 0.005505787208676338
v -0.038759708404541016 0.11627912521362305 -0.9658198356628418 0.005893039982765913 0.005640649236738682 0.006887784227728844
v -0.038759708404541016 0.1317828893661499 -0.9903024435043335 0.005979382898658514 0.004528715740889311 0.006214853376150131
v -0.038759708404541016 0.1317828893661499 -0.9671728014945984 0.006192970555275679 0.005869416519999504 0.007289294619113207
v -0.038759708404541016 0.1317828893661499 0.7515404224395752 0.016671471297740936 0.012936254031956196 0.015955710783600807
v -0.038759708404541016 0.1317828893661499 0.8813878297805786 0.8330823183059692 0.8288698196411133 0.7986302375793457
v -0.038759708404541016 0.1472867727279663 0.7493044137954712 0.009760184213519096 0.007788638584315777 0.010518688708543777
v -0.038759708404541016 0.1472867727279663 0.8342984914779663 0.8019919991493225 0.8025231957435608 0.7693969011306763
v -0.038759708404541016 0.1472867727279663 0.9352748990058899 0.6031703352928162 0.5829600691795349 0.5343337059020996
v -0.038759708404541016 0.1472867727279663 0.9882327318191528 0.005363896954804659 0.004180395044386387 0.006455918774008751
v -0.02325582504272461 -0.14728683233261108 0.7470561861991882 0.010587585158646107 0.008430068381130695 0.012340905144810677
v -0.02325582504272461 -0.14728683233261108 0.9896820187568665 0.008425554260611534 0.006667019333690405 0.009522694163024426
v -0.02325582504272461 -0.13178294897079468 -0.9885335564613342 0.005488388240337372 0.004229112062603235 0.00607403414323926
v -0.02325582504272461 -0.13178294897079468 -0.9682746529579163 0.005713040009140968 0.005766689777374268 0.0077254981733858585
v -0.02325582504272461 -0.13178294897079468 0.8231585025787354 0.7696289420127869 0.751910388469696 0.7143822908401489
v -0.02325582504272461 -0.13178294897079468 0.87276691198349 0.7964845895767212 0.7851060628890991 0.7437129020690918
v -0.02325582504272461 -0.11627906560897827 -0.9916074872016907 0.005779965780675411 0.00436065811663866 0.0054463050328195095
v -0.02325582504272461 -0.11627906560897827 -0.9670441150665283 0.005795720033347607 0.0058110496029257774 0.007057254668325186
v -0.02325582504272461 -0.10077518224716187 -0.9915152192115784 0.005498459562659264 0.004216506611555815 0.005319794174283743
v -0.02325582504272461 -0.10077518969774246 -0.9676973819732666 0.005734139587730169 0.005676183849573135 0.006835712119936943
v -0.02325582504272461 -0.08527129888534546 -0.991422712802887 0.005054393783211708 0.004014353267848492 0.005241053644567728
v -0.02325582504272461 -0.08527129888534546 -0.9679447412490845 0.005443391855806112 0.005459919571876526 0.006755317561328411
v -0.02325582504272461 -0.06976741552352905 -0.9914001226425171 0.004694423172622919 0.0038627786561846733 0.00518562737852335
v -0.02325582504272461 -0.06976741552352905 -0.9676282405853271 0.005269320216029882 0.005381904076784849 0.006765042431652546
v -0.02325582504272461 -0.05426359176635742 -0.9914020299911499 0.004537611734122038 0.0038069484289735556 0.005179918836802244
v -0.02325582504272461 -0.05426359549164772 -0.9665852785110474 0.005349066108465195 0.0053822360932827 0.006743038073182106
v -0.02325582504272461 -0.05426359176635742 0.9369017481803894 0.003545367857441306 0.003596094436943531 0.004209065344184637
v -0.02325582504272461 -0.05426359176635742 0.9438503384590149 0.004238902125507593 0.004274240229278803 0.005010326858609915
v -0.02325582504272461 -0.038759708404541016 -0.9914062023162842 0.0045076655223965645 0.0037973755970597267 0.005189437884837389
v -0.02325582318007946 -0.038759708404541016 -0.965185284614563 0.005558401346206665 0.005435974337160587 0.006727658212184906
v -0.02325582504272461 -0.038759708404541016 0.9325344562530518 0.003802698338404298 0.0038236721884459257 0.004325034096837044
v -0.02325582504272461 -0.038759708404541016 0.9544433951377869 0.004737860523164272 0.0043440647423267365 0.004828566685318947
v -0.02325582504272461 -0.02325582504272461 -0.9914087653160095 0.004464383702725172 0.0037626177072525024 0.005006510764360428
v -0.02325582504272461 -0.02325582504272461 -0.9645865559577942 0.00560280866920948 0.005478257313370705 0.006533192936331034
v -0.02325582690536976 -0.02325582690536976 0.9265282154083252 0.003703296184539795 0.003794914809986949 0.004369347356259823
v -0.02325582504272461 -0.02325582504272461 0.9552680850028992 0.005465586204081774 0.00489549245685339 0.00500807398930192
v -0.02325582504272461 -0.007751941680908203 -0.9913888573646545 0.004090433940291405 0.0035230922512710094 0.004496416542679071
v -0.02325582504272461 -0.007751941680908203 -0.9603314399719238 0.004366982728242874 0.0049268752336502075 0.005643419921398163
v -0.02325582504272461 -0.007751941680908203 0.9218118190765381 0.00333236251026392 0.0035609472543001175 0.00405814778059721
v -0.02325582690536976 -0.007751941680908203 0.9551651477813721 0.005667653866112232 0.005140581168234348 0.004934989847242832
v -0.02325582504272461 0.007751941680908203 -0.9913198351860046 0.004082344938069582 0.00352847995236516 0.004526663105934858
v -0.02325582504272461 0.007751941680908203 -0.9612626433372498 0.004396508447825909 0.004914993420243263 0.005634461995214224
v -0.02325582504272461 0.00775194214656949 0.9250186681747437 0.0032859405037015676 0.0035611772909760475 0.004029928706586361
v -0.02325582504272461 0.007751941680908203 0.9541372656822205 0.0054721953347325325 0.005051834043115377 0.005004426930099726
v -0.02325582504272461 0.02325582504272461 -0.9912707805633545 0.004428421147167683 0.0037165593821555376 0.0049439663998782635
v -0.02325582504272461 0.02325582504272461 -0.9648396968841553 0.005430007819086313 0.005317654926329851 0.00628975173458457
v -0.02325582504272461 0.02325582504272461 0.9327548742294312 0.00396992452442646 0.003958938643336296 0.004369412083178759
v -0.02325582504272461 0.02325582504272461 0.9515318870544434 0.00534434150904417 0.004631181713193655 0.005029201041907072
v -0.02325582504272461 0.038759708404541016 -0.9913126826286316 0.004355020821094513 0.0036477844696491957 0.0050475941970944405
v -0.02325582504272461 0.038759708404541016 -0.9647148847579956 0.005263407714664936 0.00510973297059536 0.006309602875262499
v -0.02325582504272461 0.05426359176635742 -0.9913331866264343 0.004260932561010122 0.003564004320651293 0.004986882209777832
v -0.02325582504272461 0.05426359176635742 -0.9649477005004883 0.004857100546360016 0.004776013549417257 0.006131191272288561
v -0.02325582504272461 0.06976747512817383 -0.9913594722747803 0.004282948095351458 0.0035294010303914547 0.004946856293827295
v -0.02325582504272461 0.06976747512817383 -0.9653078317642212 0.0045606112107634544 0.004505838733166456 0.005959835834801197
v -0.02325582504272461 0.08527135848999023 -0.9913846254348755 0.004439854994416237 0.0035970350727438927 0.005000832956284285
v -0.02325582690536976 0.08527135848999023 -0.9657287001609802 0.004489925689995289 0.004454372450709343 0.005983340088278055
v -0.02325582504272461 0.10077524185180664 -0.9914286136627197 0.00498199462890625 0.0038907977286726236 0.005198790691792965
v -0.02325582504272461 0.10077523440122604 -0.9660205245018005 0.0049981651827692986 0.004929438233375549 0.006396958604454994
v -0.02325582504272461 0.11627912521362305 -0.9915003180503845 0.005602450110018253 0.00423059519380331 0.005454834084957838
v -0.02325582504272461 0.11627912521362305 -0.9660309553146362 0.005756229627877474 0.005577668081969023 0.006898729596287012
v -0.02325582504272461 0.1317828893661499 -0.99008709192276 0.005697757471352816 0.0043406011536717415 0.0061209071427583694
v -0.02325582504272461 0.1317828893661499 -0.9676494598388672 0.00602001091465354 0.005795139353722334 0.007282980717718601
v -0.02325582504272461 0.1317828893661499 0.7539389729499817 0.01595401205122471 0.01223895512521267 0.014402293600142002
v -0.02325582504272461 0.1317828893661499 0.8607625365257263 0.8200741410255432 0.8126840591430664 0.7838299870491028
v -0.02325582504272461 0.1472867727279663 0.749459981918335 0.009269013069570065 0.007460616063326597 0.0098326550796628
v -0.02325582504272461 0.1472867727279663 0.8164154291152954 0.7435383796691895 0.7338743805885315 0.6937477588653564
v -0.02325582504272461 0.1472867727279663 0.9438843131065369 0.12642636895179749 0.10868948698043823 0.10028646886348724
v -0.02325582504272461 0.1472867727279663 0.9877569079399109 0.005121748428791761 0.0040116384625434875 0.006277997512370348
v -0.007751941680908203 -0.14728683233261108 0.7465142011642456 0.011040529236197472 0.008531973697245121 0.012090491130948067
v -0.007751941680908203 -0.14728683233261108 0.9896124601364136 0.008979054167866707 0.007150015328079462 0.010271782986819744
v -0.007751941680908203 -0.13178294897079468 -0.9887934327125549 0.005494213197380304 0.0041807787492871284 0.006099483463913202
v -0.007751941215246916 -0.13178294897079468 -0.9681977033615112 0.005799729377031326 0.005842923186719418 0.00787711888551712
v -0.007751941680908203 -0.11627906560897827 -0.9916412234306335 0.005636928603053093 0.004195616580545902 0.005357711110264063
v -0.007751941680908203 -0.11627906560897827 -0.9670714735984802 0.005841145291924477 0.0058060819283127785 0.007103078532963991
v -0.007751941680908203 -0.10077518224716187 -0.9915440678596497 0.005301202647387981 0.004030571319162846 0.005215324927121401
v -0.00775194214656949 -0.10077518969774246 -0.9677126407623291 0.00567906629294157 0.005585554987192154 0.006805600598454475
v -0.007751941680908203 -0.08527129888534546 -0.9914682507514954 0.0048398603685200214 0.0038280708249658346 0.005156766623258591
v -0.007751941215246916 -0.08527129143476486 -0.9680111408233643 0.005317561328411102 0.005333900451660156 0.006725677289068699
v -0.007751941680908203 -0.06976741552352905 -0.9914576411247253 0.004494902212172747 0.0036969934590160847 0.005148241296410561
v -0.007751941680908203 -0.06976741552352905 -0.9679087400436401 0.005151344928890467 0.005216729361563921 0.006706855725497007
v -0.007751941680908203 -0.05426359176635742 -0.9914453029632568 0.0043566422536969185 0.0036601300816982985 0.005169607698917389
v -0.007751941215246916 -0.05426359176635742 -0.9670359492301941 0.005228233523666859 0.005226436071097851 0.006697474513202906
v -0.007751941680908203 -0.05426359176635742 0.9361377358436584 0.004028575494885445 0.003908019978553057 0.004599364474415779
v -0.007751941680908203 -0.05426359176635742 0.9463479518890381 0.00471764849498868 0.004409895744174719 0.005211534909904003
v -0.007751941680908203 -0.038759708404541016 -0.9914647340774536 0.004289905074983835 0.0036373005714267492 0.005115985870361328
v -0.007751941680908203 -0.038759708404541016 -0.965599536895752 0.005495589226484299 0.0053690699860453606 0.006713585928082466
v -0.007751941680908203 -0.038759708404541016 0.9276208877563477 0.004716681782156229 0.004411812871694565 0.0052323793061077595
v -0.007751941680908203 -0.038759708404541016 0.9546540975570679 0.005223982501775026 0.004645712673664093 0.005102658178657293
v -0.007751941680908203 -0.02325582504272461 -0.9916081428527832 0.0040488215163350105 0.0034061609767377377 0.004546828102320433
v -0.007751941680908203 -0.02325582504272461 -0.9600597620010376 0.005142647307366133 0.0053595430217683315 0.006341861095279455
v -0.007751941680908203 -0.02325582504272461 0.9193230271339417 0.005157423205673695 0.004819104913622141 0.005889071151614189
v -0.007751941680908203 -0.02325582504272461 0.9565311670303345 0.0054886010475456715 0.004898695275187492 0.004875231999903917
v -0.007751941680908203 -0.007751941680908203 -0.991584062576294 0.004287924151867628 0.0034646550193428993 0.0042913141660392284
v -0.007751941680908203 -0.007751941680908203 0.502652645111084 0.0038104571867734194 0.0037735591176897287 0.004624357912689447
v -0.007751941680908203 -0.007751941680908203 0.5234947800636292 0.003664393676444888 0.0036821065004915 0.004580861423164606
v -0.007751941680908203 -0.007751941680908203 0.9585665464401245 0.0055424803867936134 0.004933963529765606 0.004556723870337009
v -0.007751941680908203 0.007751941680908203 -0.9915503263473511 0.004410943947732449 0.0035081461537629366 0.004381859675049782
v -0.007751941680908203 0.007751941680908203 0.45634227991104126 0.00408789562061429 0.0041335164569318295 0.005164995323866606
v -0.007751941680908203 0.007751941680908203 0.5565743446350098 0.0036525933537632227 0.003873315406963229 0.004798238631337881
v -0.007751941680908203 0.007751941680908203 0.9563894271850586 0.0054688104428350925 0.005009878892451525 0.004723082296550274
v -0.007751941680908203 0.02325582504272461 -0.9914677739143372 0.004150095395743847 0.003420783905312419 0.004561775829643011
v -0.007751941680908203 0.02325582504272461 -0.9608181715011597 0.005228982772678137 0.0053805215284228325 0.0061434307135641575
v -0.007751941680908203 0.02325582504272461 0.9223519563674927 0.005269115790724754 0.0050758677534759045 0.00598028814420104
v -0.007751941680908203 0.02325582504272461 0.9538537263870239 0.005749852396547794 0.004858334548771381 0.0051884157583117485
v -0.007751941680908203 0.038759708404541016 -0.9913853406906128 0.004170258529484272 0.0034929218236356974 0.004915822762995958
v -0.007751941680908203 0.038759708404541016 -0.9643860459327698 0.0053481305949389935 0.005120857153087854 0.006255398504436016
v -0.007751941680908203 0.038759708404541016 0.9377352595329285 0.004284929949790239 0.004302904009819031 0.004698161501437426
v -0.007751941680908203 0.038759708404541016 0.9388120174407959 0.004298017360270023 0.004284058231860399 0.004648245871067047
v -0.007751941680908203 0.05426359176635742 -0.9913957118988037 0.004113055299967527 0.0034315907396376133 0.004926871974021196
v -0.007751941680908203 0.05426359176635742 -0.9649063348770142 0.004842746537178755 0.0047266678884625435 0.00609081145375967
v -0.007751941680908203 0.06976747512817383 -0.9914361834526062 0.004155183210968971 0.003406162140890956 0.004905795678496361
v -0.007751941680908203 0.06976747512817383 -0.965471088886261 0.004508601035922766 0.004423264879733324 0.005902611650526524
v -0.007751941680908203 0.08527135848999023 -0.9914693236351013 0.004310155753046274 0.0034715740475803614 0.004958484321832657
v -0.007751941680908203 0.08527135848999023 -0.9659548997879028 0.004442140925675631 0.004376355558633804 0.005930605810135603
v -0.007751941680908203 0.10077524185180664 -0.9915070533752441 0.004813439678400755 0.003749416908249259 0.005145087372511625
v -0.007751941680908203 0.10077524185180664 -0.9662927985191345 0.0049101244658231735 0.004833868704736233 0.006351312156766653
v -0.007751941680908203 0.11627912521362305 -0.9915585517883301 0.005415722262114286 0.00408189557492733 0.005399269983172417
v -0.007751941680908203 0.11627912521362305 -0.9662682414054871 0.0056921206414699554 0.00552302785217762 0.006921454332768917
v -0.007751941680908203 0.1317828893661499 -0.9900833368301392 0.0055112992413342 0.004193743225187063 0.006036072038114071
v -0.007751941680908203 0.1317828893661499 -0.9678953886032104 0.005955894012004137 0.0057367561385035515 0.007286569569259882
v -0.007751941680908203 0.1472867727279663 0.7490476369857788 0.009434177540242672 0.007645090110599995 0.009977465495467186
v -0.007751941680908203 0.1472867727279663 0.8263753652572632 0.7599796652793884 0.7550026774406433 0.7254297137260437
v -0.007751941680908203 0.1472867727279663 0.9434748888015747 0.10477469861507416 0.08928585052490234 0.08214089274406433
v -0.007751941680908203 0.1472867727279663 0.9881298542022705 0.005189369432628155 0.004016723018139601 0.0064266701228916645
v 0.007751941680908203 -0.14728683233261108 0.7473350763320923 0.010295508429408073 0.008059533312916756 0.011637712828814983
v 0.007751941680908203 -0.14728683233261108 0.901568591594696 0.7167763113975525 0.7207332849502563 0.6811544895172119
v 0.007751941680908203 -0.14728683233261108 0.9257972240447998 0.6415261030197144 0.6492021679878235 0.6048743724822998
v 0.007751941680908203 -0.14728683233261108 0.9896295070648193 0.009705000557005405 0.007728244177997112 0.010920154862105846
v 0.007751941680908203 -0.13178294897079468 -0.9887397885322571 0.005590353161096573 0.0042242794297635555 0.006154551636427641
v 0.007751941680908203 -0.13178294897079468 -0.9682912826538086 0.005944121163338423 0.005929267965257168 0.007985874079167843
v 0.007751941680908203 -0.11627906560897827 -0.9916354417800903 0.005667385179549456 0.004186163190752268 0.005352448672056198
v 0.00775194214656949 -0.11627906560897827 -0.966888427734375 0.0059410217218101025 0.0058435359969735146 0.007176569662988186
v 0.007751941680908203 -0.10077518224716187 -0.9915475249290466 0.005341334268450737 0.004027394112199545 0.005210645496845245
v 0.00775194214656949 -0.10077518224716187 -0.9674634337425232 0.00576633820310235 0.005630991887301207 0.006887233350425959
v 0.007751941680908203 -0.08527129888534546 -0.9914732575416565 0.004884904716163874 0.003836308605968952 0.005170732270926237
v 0.007751941680908203 -0.08527129888534546 -0.9677869081497192 0.005396551452577114 0.0053771804086863995 0.006830055732280016
v 0.007751941680908203 -0.06976741552352905 -0.9914619326591492 0.004527432844042778 0.00370555417612195 0.005180200561881065
v 0.007751941215246916 -0.06976741552352905 -0.967737078666687 0.00524319801479578 0.005258984863758087 0.006820947863161564
v 0.007751941680908203 -0.05426359176635742 -0.9914399981498718 0.004377022851258516 0.003662170609459281 0.005208236165344715
v 0.007751941215246916 -0.05426359176635742 -0.9669565558433533 0.005345769226551056 0.005284588318318129 0.006836609914898872
v 0.007751941680908203 -0.05426359176635742 0.9369717240333557 0.004039972089231014 0.003914561588317156 0.004658256657421589
v 0.007751941680908203 -0.05426359176635742 0.9424233436584473 0.0044968100264668465 0.004261875059455633 0.004993855487555265
v 0.007751941680908203 -0.038759708404541016 -0.9914510846138 0.004316574893891811 0.0036417990922927856 0.005165596958249807
v 0.00775194214656949 -0.038759708404541016 -0.9656423330307007 0.005634937901049852 0.005431242752820253 0.006860611494630575
v 0.007751941680908203 -0.038759708404541016 0.9306526184082031 0.0048353117890655994 0.004468525294214487 0.005046072416007519
v 0.007751941680908203 -0.038759708404541016 0.954359233379364 0.005355746950954199 0.004726197104901075 0.0051737199537456036
v 0.007751941680908203 -0.02325582504272461 -0.991580069065094 0.004079602658748627 0.0034169473219662905 0.004574588034301996
v 0.007751941680908203 -0.02325582504272461 -0.9618910551071167 0.005555094685405493 0.0055619808845222 0.006500213872641325
v 0.007751941680908203 -0.02325582504272461 0.9208165407180786 0.005306323990225792 0.004983017221093178 0.0060590640641748905
v 0.007751941680908203 -0.02325582504272461 0.9559595584869385 0.005655323155224323 0.004981642588973045 0.004971896763890982
v 0.007751941680908203 -0.007751941680908203 -0.9916219115257263 0.00425988994538784 0.0034144895616918802 0.004232168663293123
v 0.007751941680908203 -0.007751941680908203 0.4626176357269287 0.00414104200899601 0.003911744337528944 0.0046100616455078125
v 0.007751941680908203 -0.007751941680908203 0.5604299902915955 0.0035376716405153275 0.003636367851868272 0.00421651778742671
v 0.007751941680908203 -0.007751941680908203 0.5900110602378845 0.003254393581300974 0.0033263799268752337 0.004040498286485672
v 0.007751941680908203 -0.007751941680908203 0.6751458644866943 0.0029682263266295195 0.0031514912843704224 0.0037359180860221386
v 0.007751941215246916 -0.007751941215246916 0.9581922888755798 0.0057410746812820435 0.004976429510861635 0.0046464791521430016
v 0.007751941680908203 0.007751941680908203 -0.9915762543678284 0.00436451006680727 0.003435826161876321 0.004291958175599575
v 0.007751941680908203 0.007751941680908203 0.31316807866096497 0.005179140251129866 0.0048146056942641735 0.005747027229517698
v 0.007751941680908203 0.007751941680908203 0.33772921562194824 0.005082452669739723 0.004659473896026611 0.0056373681873083115
v 0.007751941680908203 0.007751941680908203 0.4046744704246521 0.004472795873880386 0.0043203928507864475 0.005218597128987312
v 0.007751941680908203 0.007751941680908203 0.5631147623062134 0.0034306813031435013 0.00379970483481884 0.004329185001552105
v 0.007751941680908203 0.007751941680908203 0.5903960466384888 0.0032021498773247004 0.0034879520535469055 0.0040772524662315845
v 0.00775194214656949 0.00775194214656949 0.6790022850036621 0.00316102197393775 0.0032895971089601517 0.0038849569391459227
v 0.007751941215246916 0.007751941215246916 0.9561398029327393 0.005687131080776453 0.005015153903514147 0.004763174336403608
v 0.007751941680908203 0.02325582504272461 -0.9914487600326538 0.004170757252722979 0.0034256121143698692 0.004555684048682451
v 0.007751941680908203 0.02325582504272461 -0.9620113372802734 0.005435369908809662 0.005382575560361147 0.00614160904660821
v 0.007751941680908203 0.02325582504272461 0.9249234199523926 0.005173119716346264 0.005056242924183607 0.005887705832719803
v 0.007751941680908203 0.02325582504272461 0.9537572860717773 0.005869917571544647 0.0048759207129478455 0.005192135460674763
v 0.007751941680908203 0.038759708404541016 -0.9913991689682007 0.0042031207121908665 0.0035015412140637636 0.004936286248266697
v 0.007751941680908203 0.038759708404541016 -0.9644811153411865 0.005407772958278656 0.005106458440423012 0.006280036177486181
v 0.007751941680908203 0.05426359176635742 -0.9914106726646423 0.004129356238991022 0.003432271536439657 0.004937505815178156
v 0.007751941680908203 0.05426359176635742 -0.9649787545204163 0.004871445707976818 0.0047111110761761665 0.006108103320002556
v 0.007751941680908203 0.06976747512817383 -0.9914458990097046 0.004160271491855383 0.0034022624604403973 0.0049181003123521805
v 0.007751941680908203 0.06976747512817383 -0.9654786586761475 0.004517287481576204 0.004415430594235659 0.005932135973125696
v 0.007751941680908203 0.08527135848999023 -0.9914728999137878 0.004308578558266163 0.0034649332519620657 0.00497226370498538
v 0.007751941680908203 0.08527135848999023 -0.9658986330032349 0.004442339763045311 0.004368992522358894 0.005962311755865812
v 0.007751941680908203 0.10077524185180664 -0.9915071129798889 0.004803703632205725 0.0037353343795984983 0.005155498627573252
v 0.007751941680908203 0.10077524185180664 -0.9661790132522583 0.004897673614323139 0.004806441254913807 0.0063595641404390335
v 0.007751941680908203 0.11627912521362305 -0.9915503263473511 0.005401491187512875 0.004066268913447857 0.005417455453425646
v 0.007751941680908203 0.11627912521362305 -0.9661624431610107 0.005656878463923931 0.005481755826622248 0.006926427129656076
v 0.007751941680908203 0.1317828893661499 -0.9899173378944397 0.005516698583960533 0.004200135823339224 0.0060740080662071705
v 0.007751941680908203 0.1317828893661499 -0.9680330157279968 0.005927282385528088 0.005657688248902559 0.007253948599100113
v 0.007751941680908203 0.1472867727279663 0.7497137784957886 0.008817954920232296 0.007095032371580601 0.009274895302951336
v 0.007751941680908203 0.1472867727279663 0.815278947353363 0.704706609249115 0.6906152367591858 0.6544902920722961
v 0.007751941680908203 0.1472867727279663 0.9467114210128784 0.05714935064315796 0.04827490076422691 0.04469670355319977
v 0.007751941680908203 0.1472867727279663 0.9877873659133911 0.005264869425445795 0.004086961969733238 0.0064326319843530655
v 0.02325582504272461 -0.14728683233261108 0.7471939921379089 0.009798500686883926 0.007742704823613167 0.011543847620487213
v 0.02325582504272461 -0.14728684723377228 0.8919018507003784 0.7252821922302246 0.7276149392127991 0.6819152235984802
v 0.02325582504272461 -0.14728683233261108 0.9248286485671997 0.6280059814453125 0.6357344388961792 0.5898531079292297
v 0.02325582504272461 -0.14728683233261108 0.989719808101654 0.010032685473561287 0.008014741353690624 0.011030655354261398
v 0.02325582504272461 -0.13178294897079468 -0.9887984991073608 0.005707643926143646 0.00429889652878046 0.006223974283784628
v 0.02325582318007946 -0.13178294897079468 -0.9683720469474792 0.0059910607524216175 0.005896069575101137 0.007890625856816769
v 0.02325582504272461 -0.11627906560897827 -0.9916486144065857 0.005797575227916241 0.0042796749621629715 0.005419427063316107
v 0.02325582504272461 -0.11627907305955887 -0.9669358730316162 0.0059796166606247425 0.005809045396745205 0.007126593496650457
v 0.02325582504272461 -0.10077518224716187 -0.991574764251709 0.005535848904401064 0.004150530323386192 0.00530066154897213
v 0.02325582504272461 -0.10077518969774246 -0.9674603343009949 0.0058939349837601185 0.005675146821886301 0.0069152675569057465
v 0.02325582504272461 -0.08527129888534546 -0.9915008544921875 0.005108735524117947 0.003978855442255735 0.005265061277896166
v 0.02325582504272461 -0.08527129888534546 -0.967696487903595 0.00559880118817091 0.0054692490957677364 0.006883878260850906
v 0.02325582504272461 -0.06976741552352905 -0.9914815425872803 0.004733520094305277 0.003837061580270529 0.005244790576398373
v 0.02325582504272461 -0.06976741552352905 -0.9673981666564941 0.0054635945707559586 0.0054313321597874165 0.006973376963287592
v 0.02325582504272461 -0.05426359176635742 -0.9914490580558777 0.004550257697701454 0.0037711183540523052 0.005247739143669605
v 0.02325582690536976 -0.05426359549164772 -0.966541588306427 0.005572443827986717 0.005454815458506346 0.007002996280789375
v 0.02325582504272461 -0.038759708404541016 -0.9914380311965942 0.004523656331002712 0.0037597452756017447 0.005261159036308527
v 0.02325582504272461 -0.038759708404541016 -0.965350866317749 0.005810917355120182 0.005516159813851118 0.006995768286287785
v 0.02325582504272461 -0.038759708404541016 0.9355646371841431 0.00432219635695219 0.004145608749240637 0.0046421922743320465
v 0.02325582504272461 -0.038759708404541016 0.9518311619758606 0.005147111602127552 0.004668950568884611 0.005191035568714142
v 0.02325582504272461 -0.02325582504272461 -0.9914498329162598 0.004549493547528982 0.0037657772190868855 0.005103407893329859
v 0.02325582504272461 -0.02325582504272461 -0.9652114510536194 0.005876816343516111 0.00554962083697319 0.006821692455559969
v 0.02325582504272461 -0.02325582504272461 0.9306427240371704 0.004825190640985966 0.004583221394568682 0.004955010488629341
v 0.02325582504272461 -0.02325582504272461 0.9547398090362549 0.0059245494194328785 0.005108105018734932 0.005318182520568371
v 0.02325582504272461 -0.007751941680908203 -0.9914045929908752 0.004149561747908592 0.003522387007251382 0.004517617169767618
v 0.02325582504272461 -0.007751941680908203 -0.9632588028907776 0.004928593523800373 0.005071197636425495 0.005944560281932354
v 0.02325582504272461 -0.007751941680908203 0.9284037351608276 0.004124305211007595 0.004182631615549326 0.004579111468046904
v 0.02325582504272461 -0.007751941680908203 0.9545624256134033 0.006244450341910124 0.005409340839833021 0.005350150167942047
v 0.02325582504272461 0.007751941680908203 -0.9913409352302551 0.004119500517845154 0.003498847596347332 0.004493177402764559
v 0.02325582504272461 0.007751941680908203 -0.96351158618927 0.004881810396909714 0.004982195794582367 0.005818611942231655
v 0.02325582504272461 0.007751941680908203 0.9313032627105713 0.004278672859072685 0.004285281989723444 0.004672299139201641
v 0.02325582318007946 0.007751941680908203 0.9535976648330688 0.005903972312808037 0.005187987349927425 0.005254664923995733
v 0.02325582504272461 0.02325582504272461 -0.9913676381111145 0.004517930559813976 0.0037096620071679354 0.0049580298364162445
v 0.02325582504272461 0.02325582504272461 -0.9650859236717224 0.005645472556352615 0.005298295523971319 0.006380064412951469
v 0.02325582504272461 0.02325582504272461 0.9353426098823547 0.0045550549402832985 0.004288184456527233 0.004643846303224564
v 0.02325582504272461 0.02325582504272461 0.9464676380157471 0.005650421604514122 0.004839579574763775 0.005334633402526379
v 0.02325582504272461 0.038759708404541016 -0.9914088249206543 0.004405897110700607 0.003623823169618845 0.005039299838244915
v 0.02325582504272461 0.038759708404541016 -0.9646426439285278 0.005496118683367968 0.005118636880069971 0.006399845704436302
v 0.02325582504272461 0.05426359176635742 -0.9914276003837585 0.004282168112695217 0.0035254978574812412 0.004978286102414131
v 0.02325582504272461 0.05426359176635742 -0.9648960828781128 0.0050044129602611065 0.004764494486153126 0.006187418941408396
v 0.02325582504272461 0.06976747512817383 -0.9914492964744568 0.004281393717974424 0.0034832681994885206 0.0049583930522203445
v 0.02325582504272461 0.06976747512817383 -0.9652643203735352 0.0046416050754487514 0.004495530854910612 0.006018424406647682
v 0.02325582504272461 0.08527135848999023 -0.991466760635376 0.004417996853590012 0.0035418805200606585 0.0050159962847828865
v 0.02325582504272461 0.08527135848999023 -0.9656587839126587 0.004537442699074745 0.004437288735061884 0.006036608945578337
v 0.02325582504272461 0.10077524185180664 -0.9915043115615845 0.004920118022710085 0.0038029055576771498 0.005186892114579678
v 0.02325582504272461 0.10077524185180664 -0.9659334421157837 0.004983028396964073 0.00486174039542675 0.00640283664688468
v 0.02325582504272461 0.11627912521362305 -0.9915521740913391 0.0055046225897967815 0.004117105156183243 0.005432416684925556
v 0.02325582504272461 0.11627912521362305 -0.965965747833252 0.005664188414812088 0.005428662523627281 0.00684584304690361
v 0.02325582504272461 0.1317828893661499 -0.9898568391799927 0.005635242443531752 0.004265401512384415 0.006129928398877382
v 0.02325582504272461 0.1317828893661499 -0.968035876750946 0.005928118247538805 0.005578162614256144 0.007148242089897394
v 0.02325582504272461 0.1472867727279663 0.7501632571220398 0.008116042241454124 0.0065116859041154385 0.008699078112840652
v 0.02325582504272461 0.1472867727279663 0.7979035973548889 0.5095546841621399 0.48208409547805786 0.44627439975738525
v 0.02325582504272461 0.1472867727279663 0.9483742713928223 0.05062806233763695 0.0436677448451519 0.040627818554639816
v 0.02325582504272461 0.1472867727279663 0.9869812726974487 0.005260123871266842 0.004204760305583477 0.006362037267535925
v 0.038759708404541016 -0.14728683233261108 0.7463452816009521 0.010181638412177563 0.008114354684948921 0.012406451627612114
v 0.038759708404541016 -0.14728683233261108 0.9900333881378174 0.009873644448816776 0.007854963652789593 0.010907034389674664
v 0.038759708404541016 -0.13178294897079468 -0.9890044927597046 0.0057153902016580105 0.004299961496144533 0.006262258626520634
v 0.038759708404541016 -0.13178294897079468 -0.9680866599082947 0.005852583795785904 0.005722148809581995 0.007792585529386997
v 0.038759708404541016 -0.13178294897079468 0.8239251375198364 0.7714083194732666 0.7545710802078247 0.7142653465270996
v 0.038759708404541016 -0.13178294897079468 0.8724238872528076 0.7968420386314392 0.7845189571380615 0.7421624064445496
v 0.038759708404541016 -0.11627906560897827 -0.9916360378265381 0.005855809897184372 0.00433233892545104 0.00545470742508769
v 0.038759708404541016 -0.11627906560897827 -0.9672589302062988 0.005799740087240934 0.0056490227580070496 0.006944693624973297
v 0.038759708404541016 -0.10077518224716187 -0.9915454387664795 0.005678166169673204 0.00425436906516552 0.005365555640310049
v 0.038759708404541016 -0.10077518224716187 -0.967839777469635 0.005800364073365927 0.005577091593295336 0.006751627661287785
v 0.038759708404541016 -0.08527129888534546 -0.9914610981941223 0.005315382499247789 0.0041220891289412975 0.005339896306395531
v 0.038759708404541016 -0.08527129888534546 -0.9680553674697876 0.0056206658482551575 0.005453388672322035 0.006745197810232639
v 0.038759708404541016 -0.06976741552352905 -0.9914299249649048 0.0049399989657104015 0.003977719694375992 0.005288278218358755
v 0.038759708404541016 -0.06976741552352905 -0.967581033706665 0.0054887402802705765 0.005386367905884981 0.0067722005769610405
v 0.038759708404541016 -0.05426359176635742 -0.991417407989502 0.004720678087323904 0.0038848095573484898 0.005252178758382797
v 0.038759708404541016 -0.05426359176635742 -0.9665769338607788 0.0055313874036073685 0.00542356027290225 0.006830849684774876
v 0.038759708404541016 -0.038759708404541016 -0.9913973212242126 0.004648132249712944 0.0038425910752266645 0.005243998020887375
v 0.038759708404541016 -0.038759708404541016 -0.9655836224555969 0.005622179713100195 0.005383540876209736 0.006760189309716225
v 0.038759708404541016 -0.02325582504272461 -0.9913835525512695 0.004730273969471455 0.00385701353661716 0.005225915461778641
v 0.038759708404541016 -0.02325582504272461 -0.9654497504234314 0.00559192942455411 0.005261247977614403 0.006538566667586565
v 0.038759708404541016 -0.02325582504272461 0.9377984404563904 0.004153507761657238 0.004080362152308226 0.004559595603495836
v 0.038759708404541016 -0.02325582504272461 0.9388242363929749 0.004195412155240774 0.004109897185117006 0.004514333326369524
v 0.038759708404541016 -0.007751941680908203 -0.9912893772125244 0.004730350337922573 0.003834465518593788 0.005062268581241369
v 0.038759708404541016 -0.007751941680908203 -0.9661149978637695 0.00518338568508625 0.00493437796831131 0.0060871257446706295
v 0.038759708404541016 -0.007751941680908203 0.937881588935852 0.004136138595640659 0.004123312886804342 0.0043586865067481995
v 0.038759708404541016 -0.007751941680908203 0.9384499192237854 0.004177763592451811 0.0041634077206254005 0.0043776812963187695
v 0.038759708404541016 0.007751941680908203 -0.9912995100021362 0.004687719978392124 0.0038082459941506386 0.005021026823669672
v 0.038759708404541016 0.007751941680908203 -0.9661360383033752 0.005096261855214834 0.004871220327913761 0.005983251612633467
v 0.038759708404541016 0.02325582504272461 -0.9913540482521057 0.004690087400376797 0.003804558189585805 0.005096541251987219
v 0.038759708404541016 0.02325582504272461 -0.9656128287315369 0.005385394673794508 0.005076943896710873 0.00618383102118969
v 0.038759708404541016 0.038759708404541016 -0.9913977384567261 0.004520225338637829 0.003699110820889473 0.005042575765401125
v 0.038759708404541016 0.038759708404541016 -0.9652150273323059 0.005337134003639221 0.005052149761468172 0.006269908510148525
v 0.038759708404541016 0.05426359176635742 -0.991415798664093 0.004444734659045935 0.0036336127668619156 0.0050185322761535645
v 0.038759708404541016 0.05426359176635742 -0.9652359485626221 0.005040226969867945 0.004848464857786894 0.006219512317329645
v 0.038759708404541016 0.06976747512817383 -0.9914211630821228 0.004439526237547398 0.0035994055215269327 0.00501759210601449
v 0.038759708404541016 0.06976747512817383 -0.9654186367988586 0.0047156717628240585 0.004604501184076071 0.006089621689170599
v 0.038759708404541016 0.08527135848999023 -0.9914356470108032 0.004580041393637657 0.0036602651234716177 0.005087871570140123
v 0.038759708404541016 0.08527135848999023 -0.965715229511261 0.00465222354978323 0.004571161698549986 0.006148296408355236
v 0.038759708404541016 0.10077524185180664 -0.9914757013320923 0.005104688927531242 0.003917608875781298 0.005252421367913485
v 0.038759708404541016 0.10077524185180664 -0.9660041928291321 0.005110273603349924 0.00494092982262373 0.006426170933991671
v 0.038759708404541016 0.11627912521362305 -0.9915395975112915 0.005676841828972101 0.0042096758261322975 0.005473748315125704
v 0.038759708404541016 0.11627912521362305 -0.9659910202026367 0.005741196218878031 0.0054557169787585735 0.006817348301410675
v 0.038759708404541016 0.1317828893661499 -0.9900688529014587 0.005772068165242672 0.004327281843870878 0.006192055530846119
v 0.038759708404541016 0.1317828893661499 -0.9677587151527405 0.005950755439698696 0.005578511860221624 0.007119814399629831
v 0.038759708404541016 0.1317828893661499 0.7518635392189026 0.009756752289831638 0.00784134492278099 0.010480089113116264
v 0.038759708404541016 0.1317828893661499 0.854649007320404 0.8133907318115234 0.8023478388786316 0.7708524465560913
v 0.038759708404541016 0.1472867727279663 0.7500150203704834 0.007964350283145905 0.006464771460741758 0.008892611600458622
v 0.038759708404541016 0.1472867727279663 0.8161664605140686 0.7316161394119263 0.7204409837722778 0.6785556674003601
v 0.038759708404541016 0.1472867727279663 0.9422092437744141 0.2094397246837616 0.1909686177968979 0.17564009130001068
v 0.038759708404541016 0.1472867727279663 0.9874203205108643 0.00539449043571949 0.004249731544405222 0.0065385629422962666
v 0.05426359176635742 -0.14728683233261108 0.7460592985153198 0.00967051275074482 0.007782465312629938 0.012199843302369118
v 0.05426359176635742 -0.14728683233261108 0.9901775121688843 0.009306095540523529 0.007238917984068394 0.010201680473983288
v 0.05426359176635742 -0.13178294897079468 -0.9892369508743286 0.0057408614084124565 0.004326965659856796 0.0062866839580237865
v 0.05426359176635742 -0.13178294897079468 -0.9680306911468506 0.005709844175726175 0.005610015708953142 0.00768740801140666
v 0.05426359176635742 -0.13178294897079468 0.8119983673095703 0.7663533091545105 0.7485304474830627 0.7055578827857971
v 0.05426359176635742 -0.13178294897079468 0.8794826865196228 0.7998332381248474 0.7875320315361023 0.7420209050178528
v 0.05426359176635742 -0.11627906560897827 -0.9915840029716492 0.005909677129238844 0.004405236802995205 0.005460994318127632
v 0.05426359176635742 -0.11627906560897827 -0.9676982760429382 0.005610795691609383 0.005542789585888386 0.006733992137014866
v 0.05426359176635742 -0.10077518224716187 -0.9914717078208923 0.005818667821586132 0.004379644989967346 0.005400355905294418
v 0.05426359176635742 -0.10077518224716187 -0.9683085083961487 0.005701072514057159 0.005550764966756105 0.006590325850993395
v 0.05426359176635742 -0.08527129888534546 -0.9913734197616577 0.0055329035967588425 0.004291763994842768 0.005390004720538855
v 0.05426359176635742 -0.08527129888534546 -0.968576192855835 0.005578956566751003 0.0054548634216189384 0.006577976047992706
v 0.05426359176635742 -0.06976741552352905 -0.9913296699523926 0.005173275712877512 0.0041510132141411304 0.0053235506638884544
v 0.05426359176635742 -0.06976741552352905 -0.9681462645530701 0.005474673118442297 0.0053887576796114445 0.006587662268429995
v 0.05426359176635742 -0.05426359176635742 -0.9913321137428284 0.004938096739351749 0.004041503183543682 0.0052669597789645195
v 0.05426359549164772 -0.05426359549164772 -0.9672356247901917 0.005433353129774332 0.005357867572456598 0.006584636401385069
v 0.05426359176635742 -0.038759708404541016 -0.9913198947906494 0.004829952027648687 0.003974458668380976 0.005228186026215553
v 0.05426359176635742 -0.038759708404541016 -0.9665258526802063 0.0054022702388465405 0.005297609139233828 0.006525729317218065
v 0.05426359176635742 -0.02325582504272461 -0.9912814497947693 0.004855337552726269 0.003956356085836887 0.005195237696170807
v 0.05426359176635742 -0.02325582318007946 -0.9666671752929688 0.0053010545670986176 0.005160909611731768 0.006309167016297579
v 0.05426359176635742 -0.007751941680908203 -0.9911864399909973 0.004911534488201141 0.003951814956963062 0.005137615837156773
v 0.05426359176635742 -0.007751941680908203 -0.9670748710632324 0.0051322621293365955 0.004982280544936657 0.006042344495654106
v 0.05426359176635742 0.007751941680908203 -0.9912188649177551 0.004905895330011845 0.003945467993617058 0.005123896524310112
v 0.05426359549164772 0.007751941680908203 -0.9671913385391235 0.005088610574603081 0.004958381410688162 0.005998695734888315
v 0.05426359176635742 0.02325582504272461 -0.9912746548652649 0.004835852421820164 0.003913144581019878 0.005096897948533297
v 0.05426359176635742 0.02325582504272461 -0.9669178128242493 0.005146060138940811 0.005025665275752544 0.0060393004678189754
v 0.05426359176635742 0.038759708404541016 -0.9913260340690613 0.004729432985186577 0.0038477666676044464 0.0050599235109984875
v 0.05426359176635742 0.038759708404541016 -0.9664448499679565 0.005177451763302088 0.005064504686743021 0.006173381116241217
v 0.05426359176635742 0.05426359176635742 -0.9913334846496582 0.004715376533567905 0.003825741121545434 0.005084179807454348
v 0.05426359176635742 0.05426359176635742 -0.9662221670150757 0.005053102504462004 0.004961299244314432 0.006226818542927504
v 0.05426359176635742 0.06976747512817383 -0.9913476705551147 0.004713340662419796 0.0038025423418730497 0.005112739745527506
v 0.05426359176635742 0.06976747512817383 -0.9661039710044861 0.004846503492444754 0.004790750797837973 0.006186837330460548
v 0.05426359176635742 0.08527135848999023 -0.9913639426231384 0.004852567333728075 0.003862447338178754 0.005192759446799755
v 0.05426359176635742 0.08527135848999023 -0.9662280082702637 0.004800600931048393 0.0047408416867256165 0.006232450716197491
v 0.05426359176635742 0.10077524185180664 -0.9913961887359619 0.005373726598918438 0.004109635949134827 0.0053482032380998135
v 0.05426359176635742 0.10077524185180664 -0.9663838148117065 0.005266311578452587 0.005081442184746265 0.00645369291305542
v 0.05426359176635742 0.11627912521362305 -0.9914724826812744 0.005911202635616064 0.004375282675027847 0.005552542861551046
v 0.05426359549164772 0.11627913266420364 -0.96626877784729 0.005834975745528936 0.005545996595174074 0.006807430647313595
v 0.05426359176635742 0.1317828893661499 -0.9902244806289673 0.006022981368005276 0.004491892643272877 0.006336946506053209
v 0.05426359176635742 0.1317828893661499 -0.9678333401679993 0.006067835260182619 0.005680743604898453 0.007170170545578003
v 0.05426359176635742 0.1317828893661499 0.7513589859008789 0.008928976953029633 0.007264327257871628 0.009956998750567436
v 0.05426359176635742 0.1317828893661499 0.866647481918335 0.8165485262870789 0.8061736226081848 0.7744333744049072
v 0.05426359176635742 0.1472867727279663 0.7502558827400208 0.007598763797432184 0.006220587063580751 0.008749977685511112
v 0.05426359176635742 0.1472867727279663 0.8277806639671326 0.7606069445610046 0.7550055980682373 0.7176688313484192
v 0.05426359176635742 0.1472867727279663 0.9394433498382568 0.34339481592178345 0.3232855796813965 0.2979937195777893
v 0.05426359176635742 0.1472867727279663 0.9874167442321777 0.005484033841639757 0.004318240098655224 0.006666294299066067
v 0.06976747512817383 -0.14728683233261108 0.7460243105888367 0.009107605554163456 0.007375864777714014 0.01167007815092802
v 0.06976747512817383 -0.14728683233261108 0.9902740716934204 0.008983921259641647 0.006920905783772469 0.009809608571231365
v 0.06976747512817383 -0.13178294897079468 -0.9894894957542419 0.005725606810301542 0.004332363605499268 0.006250130478292704
v 0.06976747512817383 -0.13178294897079468 -0.9681004285812378 0.005522814579308033 0.005485295318067074 0.007509461138397455
v 0.06976747512817383 -0.13178294897079468 0.803528904914856 0.7642596960067749 0.7453610897064209 0.7014038562774658
v 0.06976747512817383 -0.13178294897079468 0.8811923861503601 0.8037828803062439 0.7913001775741577 0.74432772397995
v 0.06976747512817383 -0.11627906560897827 -0.9915518164634705 0.005914946086704731 0.004439812619239092 0.005456353537738323
v 0.06976747512817383 -0.11627906560897827 -0.9679948091506958 0.005401472561061382 0.005458129104226828 0.006529889069497585
v 0.06976747512817383 -0.10077518224716187 -0.9914478063583374 0.005872840061783791 0.004433398600667715 0.005405499134212732
v 0.06976747512817383 -0.10077518224716187 -0.9686157703399658 0.005512821953743696 0.005479969084262848 0.006424534134566784
v 0.06976747512817383 -0.08527129888534546 -0.9913623929023743 0.005625847727060318 0.004369477275758982 0.005394407082349062
v 0.06976748257875443 -0.08527129888534546 -0.9689321517944336 0.005434386432170868 0.005413133185356855 0.0064183613285422325
v 0.06976747512817383 -0.06976741552352905 -0.9913179874420166 0.005282401107251644 0.004231255501508713 0.005303795915096998
v 0.06976747512817383 -0.06976741552352905 -0.9686495661735535 0.005305086728185415 0.005304924212396145 0.006370124407112598
v 0.06976747512817383 -0.05426359176635742 -0.9913198947906494 0.005058164708316326 0.004120321944355965 0.00523508433252573
v 0.06976747512817383 -0.05426359176635742 -0.9679174423217773 0.005263541359454393 0.005258066579699516 0.006363744381815195
v 0.06976747512817383 -0.038759708404541016 -0.9913084506988525 0.004958859644830227 0.004055899102240801 0.005189350340515375
v 0.06976747512817383 -0.038759708404541016 -0.9674467444419861 0.005220514722168446 0.005205437075346708 0.0063155777752399445
v 0.06976747512817383 -0.02325582504272461 -0.9912720322608948 0.004960798192769289 0.004026738461107016 0.005140242632478476
v 0.06976747512817383 -0.02325582504272461 -0.9677999019622803 0.005101625807583332 0.005101013462990522 0.006141158752143383
v 0.06976747512817383 -0.007751941680908203 -0.9911980032920837 0.004994385410100222 0.004013208206743002 0.0051066759042441845
v 0.06976747512817383 -0.00775194214656949 -0.968062162399292 0.005028995685279369 0.005028341431170702 0.006009405944496393
v 0.06976747512817383 0.007751941680908203 -0.9912359714508057 0.005020460579544306 0.004022137261927128 0.005119180306792259
v 0.06976747512817383 0.007751941680908203 -0.9681783318519592 0.005010577384382486 0.005005778279155493 0.005988494958728552
v 0.06976747512817383 0.02325582504272461 -0.9912741780281067 0.004985962528735399 0.004001290071755648 0.005092183127999306
v 0.06976747512817383 0.02325582504272461 -0.9680593609809875 0.005014983471482992 0.005011938977986574 0.005965431220829487
v 0.06976747512817383 0.038759708404541016 -0.9913095235824585 0.004916937556117773 0.003953953739255667 0.005076527129858732
v 0.06976747512817383 0.038759708404541016 -0.967538595199585 0.0050786808133125305 0.00503549026325345 0.00604548305273056
v 0.06976747512817383 0.05426359176635742 -0.9913097620010376 0.004914397839456797 0.003942587878555059 0.005113963969051838
v 0.06976747512817383 0.05426359176635742 -0.967255711555481 0.005040603689849377 0.004981458652764559 0.006121595855802298
v 0.06976747512817383 0.06976747512817383 -0.9913378953933716 0.004892596509307623 0.003917985130101442 0.005151970777660608
v 0.06976747512817383 0.06976747512817383 -0.9670315980911255 0.004858736414462328 0.004802165552973747 0.00608382374048233
v 0.06976747512817383 0.08527135848999023 -0.9913504719734192 0.005020300857722759 0.003977356944233179 0.005240316968411207
v 0.06976747512817383 0.08527135848999023 -0.9670131802558899 0.0048589035868644714 0.004787447862327099 0.006159177515655756
v 0.06976747512817383 0.10077524185180664 -0.9913527965545654 0.005528351292014122 0.004222335759550333 0.00539990933611989
v 0.06976747512817383 0.10077524185180664 -0.9669142961502075 0.0053259688429534435 0.005155389197170734 0.00641766469925642
v 0.06976747512817383 0.11627912521362305 -0.9914126396179199 0.006034621968865395 0.004479705356061459 0.00559972831979394
v 0.06976747512817383 0.11627911776304245 -0.966637372970581 0.005871943663805723 0.005618432071059942 0.006777229718863964
v 0.06976747512817383 0.1317828893661499 -0.9902682900428772 0.0060859681107103825 0.004537221044301987 0.00635363906621933
v 0.06976747512817383 0.1317828893661499 -0.9681714177131653 0.006076606921851635 0.005679958965629339 0.007150009274482727
v 0.06976747512817383 0.1317828893661499 0.7513421773910522 0.008158395066857338 0.006660736631602049 0.009193938225507736
v 0.06976747512817383 0.1317828893661499 0.871152400970459 0.8189078569412231 0.8086571097373962 0.7745208740234375
v 0.06976747512817383 0.1472867727279663 0.750674307346344 0.007016586139798164 0.005805603694170713 0.008299141190946102
v 0.06976747512817383 0.1472867727279663 0.8301633596420288 0.7668349146842957 0.7619475722312927 0.7249208092689514
v 0.06976747512817383 0.1472867727279663 0.940353274345398 0.2917972803115845 0.27193769812583923 0.2508954405784607
v 0.06976747512817383 0.1472867727279663 0.9871520400047302 0.00536787835881114 0.004284050781279802 0.006573170889168978
v 0.08527135848999023 -0.14728683233261108 0.74644935131073 0.007860615849494934 0.006469571962952614 0.010290220379829407
v 0.08527135848999023 -0.14728683233261108 0.9903115034103394 0.008541504852473736 0.0065839774906635284 0.009403909556567669
v 0.08527135848999023 -0.13178294897079468 -0.9894868731498718 0.005663478281348944 0.004277567379176617 0.006184155587106943
v 0.08527135848999023 -0.13178294897079468 -0.9680745601654053 0.005357322283089161 0.005357814021408558 0.007331280969083309
v 0.08527135848999023 -0.13178294897079468 0.8034857511520386 0.7580697536468506 0.7373223900794983 0.694516122341156
v 0.08527135848999023 -0.13178294897079468 0.876898467540741 0.7982805967330933 0.7842203974723816 0.7365818023681641
v 0.08527135848999023 -0.11627906560897827 -0.9915733337402344 0.005917973350733519 0.004447947721928358 0.005462063010782003
v 0.08527135848999023 -0.11627906560897827 -0.9679665565490723 0.0052176485769450665 0.005382395349442959 0.006377300713211298
v 0.08527135848999023 -0.10077518224716187 -0.9914816617965698 0.00589829683303833 0.004449205473065376 0.005405520088970661
v 0.08527135848999023 -0.10077517479658127 -0.9686154723167419 0.005333633627742529 0.005417133215814829 0.006291111931204796
v 0.08527135848999023 -0.08527129888534546 -0.9914076328277588 0.005683322437107563 0.004404889419674873 0.00539955822750926
v 0.08527135103940964 -0.08527129143476486 -0.9689542651176453 0.005263097584247589 0.005344593431800604 0.006275476887822151
v 0.08527135848999023 -0.06976741552352905 -0.9913700222969055 0.005362852476537228 0.0042734695598483086 0.005292799323797226
v 0.08527135848999023 -0.06976741552352905 -0.9687590003013611 0.005123774521052837 0.005215474404394627 0.006192628759890795
v 0.08527135848999023 -0.05426359176635742 -0.9913690090179443 0.005141743924468756 0.00416208291426301 0.00520866084843874
v 0.08527135848999023 -0.05426359176635742 -0.968176543712616 0.005056662950664759 0.005149527452886105 0.006162266246974468
v 0.08527135848999023 -0.038759708404541016 -0.9913647174835205 0.005037988070398569 0.004098293837159872 0.005154788959771395
v 0.08527135848999023 -0.038759708404541016 -0.9678678512573242 0.004998182412236929 0.005100857932120562 0.006118113175034523
v 0.08527135848999023 -0.02325582504272461 -0.9913327097892761 0.005018380004912615 0.004062336403876543 0.005090951453894377
v 0.08527135848999023 -0.02325582690536976 -0.9682860374450684 0.00488518038764596 0.005030531901866198 0.005985118914395571
v 0.08527135848999023 -0.007751941680908203 -0.9912865161895752 0.005034655798226595 0.004046994261443615 0.0050626094453036785
v 0.08527135848999023 -0.007751941680908203 -0.9685718417167664 0.00480832252651453 0.004951937589794397 0.005875308997929096
v 0.08527135848999023 0.007751941680908203 -0.991324782371521 0.0050833337008953094 0.004069607239216566 0.005096541251987219
v 0.08527135848999023 0.007751941680908203 -0.9687219858169556 0.004816604778170586 0.004953357856720686 0.005885905586183071
v 0.08527135848999023 0.02325582504272461 -0.9913475513458252 0.005088134203106165 0.004062478896230459 0.005089509300887585
v 0.08527135848999023 0.02325582504272461 -0.9686422348022461 0.00482725678011775 0.004943933337926865 0.005847737193107605
v 0.08527135848999023 0.038759708404541016 -0.9913789629936218 0.005040142219513655 0.004020015709102154 0.005086658056825399
v 0.08527135848999023 0.038759708404541016 -0.9681620001792908 0.004911025986075401 0.004970113281160593 0.0059027764946222305
v 0.08527135848999023 0.05426359176635742 -0.9913751482963562 0.005045461002737284 0.004012333694845438 0.005131695885211229
v 0.08527135848999023 0.05426359176635742 -0.9679012894630432 0.004911824129521847 0.004921982996165752 0.005961854942142963
v 0.08527135848999023 0.06976747512817383 -0.991405189037323 0.005025325808674097 0.003991236444562674 0.005178235005587339
v 0.08527135848999023 0.06976747512817383 -0.9676912426948547 0.00478637358173728 0.004774084314703941 0.0059419008903205395
v 0.08527135848999023 0.08527135848999023 -0.9914100170135498 0.005151310469955206 0.004054832737892866 0.005277586635202169
v 0.08527135103940964 0.08527135103940964 -0.9676381945610046 0.00482312822714448 0.0047843605279922485 0.006036766804754734
v 0.08527135848999023 0.10077524185180664 -0.9913919568061829 0.005622736643999815 0.004291880875825882 0.005438124295324087
v 0.08527136594057083 0.10077524185180664 -0.9674180746078491 0.005282191094011068 0.00516408821567893 0.0063333031721413136
v 0.08527135848999023 0.11627912521362305 -0.991432785987854 0.006095267832279205 0.004544232506304979 0.005633468274027109
v 0.08527135848999023 0.11627912521362305 -0.9669989347457886 0.005837001837790012 0.00564661854878068 0.0067283534444868565
v 0.08527135848999023 0.1317828893661499 -0.9902897477149963 0.00605894485488534 0.004526900127530098 0.006324854679405689
v 0.08527135848999023 0.1317828893661499 -0.9683113098144531 0.006024880334734917 0.0056398781016469 0.007111457642167807
v 0.08527135848999023 0.1317828893661499 0.7517527937889099 0.0070694247260689735 0.005860240198671818 0.008086265996098518
v 0.08527135848999023 0.1317828893661499 0.757781982421875 0.01039124559611082 0.008335894905030727 0.010578632354736328
v 0.08527135848999023 0.1317828893661499 0.7921448945999146 0.7253545522689819 0.6879933476448059 0.6464154720306396
v 0.08527135848999023 0.1317828893661499 0.8599061965942383 0.810791552066803 0.79651939868927 0.7573748826980591
v 0.08527135848999023 0.1472867727279663 0.7511616945266724 0.006297712679952383 0.005278393160551786 0.007629938889294863
v 0.08527135848999023 0.1472867727279663 0.8278588056564331 0.7357434630393982 0.7280034422874451 0.6896198391914368
v 0.08527135848999023 0.1472867876291275 0.9395583868026733 0.19779716432094574 0.18103337287902832 0.16713166236877441
v 0.08527135848999023 0.1472867727279663 0.9870502352714539 0.00505034951493144 0.00410932581871748 0.006341005675494671
v 0.10077524185180664 -0.14728683233261108 0.7472156286239624 0.006370081100612879 0.005358410999178886 0.008706414140760899
v 0.10077524185180664 -0.14728683233261108 0.9903402328491211 0.007916062138974667 0.006100303493440151 0.008851365186274052
v 0.10077524185180664 -0.13178294897079468 -0.9895667433738708 0.005644409451633692 0.004257260821759701 0.006157024763524532
v 0.10077524185180664 -0.13178294897079468 -0.9681032299995422 0.005111013539135456 0.005200918298214674 0.007106463890522718
v 0.10077524185180664 -0.13178294897079468 0.815799355506897 0.7429212927818298 0.721051812171936 0.6829066276550293
v 0.10077524185180664 -0.13178294897079468 0.8567688465118408 0.7698848247528076 0.7540922164916992 0.709283173084259
v 0.10077524185180664 -0.11627906560897827 -0.9915976524353027 0.00592559901997447 0.004480951931327581 0.005500504281371832
v 0.10077524185180664 -0.11627906560897827 -0.9679535031318665 0.0049384841695427895 0.005270448513329029 0.006188197061419487
v 0.10077524185180664 -0.10077518224716187 -0.9915346503257751 0.005907130893319845 0.004476408939808607 0.005421930458396673
v 0.10077524185180664 -0.10077518224716187 -0.9685567021369934 0.005062317941337824 0.005326153710484505 0.006131640635430813
v 0.10077524185180664 -0.08527129888534546 -0.9914790987968445 0.005714072845876217 0.004433757159858942 0.005402067676186562
v 0.10077524185180664 -0.08527129888534546 -0.9688677787780762 0.005013939458876848 0.005253478419035673 0.006104644387960434
v 0.10077524185180664 -0.06976741552352905 -0.9914503693580627 0.005422660149633884 0.004301653243601322 0.005273188464343548
v 0.10077524185180664 -0.06976740807294846 -0.9687033891677856 0.004894394893199205 0.005116203334182501 0.006000695284456015
v 0.10077524185180664 -0.05426359176635742 -0.9914392232894897 0.005215420853346586 0.004196086432784796 0.00517639284953475
v 0.10077524185180664 -0.05426359549164772 -0.9682716727256775 0.004826291464269161 0.0050589595921337605 0.005954779218882322
v 0.10077524185180664 -0.038759708404541016 -0.9914315938949585 0.00511086406186223 0.004134702496230602 0.00511145731434226
v 0.10077524185180664 -0.038759708404541016 -0.9681017994880676 0.004759751260280609 0.005027811974287033 0.005915303248912096
v 0.10077524185180664 -0.02325582504272461 -0.9914097785949707 0.0050682444125413895 0.004089635331183672 0.005028234329074621
v 0.10077524185180664 -0.02325582504272461 -0.9684930443763733 0.00463635940104723 0.004962132778018713 0.005792634561657906
v 0.10077524185180664 -0.007751941680908203 -0.9913875460624695 0.005074460059404373 0.004074685275554657 0.004999803379178047
v 0.10077524185180664 -0.007751941680908203 -0.9687709808349609 0.0045753358863294125 0.00492077274248004 0.005721196532249451
v 0.10077524185180664 0.007751941680908203 -0.991421103477478 0.005142033100128174 0.004112159367650747 0.00505394022911787
v 0.10077524185180664 0.007751941680908203 -0.9689089059829712 0.004597485065460205 0.004929037764668465 0.00574916135519743
v 0.10077524185180664 0.02325582504272461 -0.9914271831512451 0.005183975212275982 0.004125166684389114 0.005080318544059992
v 0.10077523440122604 0.02325582504272461 -0.9688417315483093 0.004632250405848026 0.004942056257277727 0.005733479280024767
v 0.10077524185180664 0.038759708404541016 -0.991450846195221 0.0051698749884963036 0.004098851233720779 0.005097427871078253
v 0.10077524185180664 0.038759708404541016 -0.9684858322143555 0.004727661609649658 0.004964680410921574 0.005764850880950689
v 0.10077524185180664 0.05426359176635742 -0.9914484024047852 0.005191154778003693 0.0041002873331308365 0.005150514654815197
v 0.10077524185180664 0.05426359176635742 -0.9682674407958984 0.004775187000632286 0.00494576059281826 0.005826537497341633
v 0.10077524185180664 0.06976747512817383 -0.9914804100990295 0.005187337286770344 0.004087820649147034 0.005206789821386337
v 0.10077524185180664 0.06976747512817383 -0.9680598378181458 0.004686026833951473 0.004804045427590609 0.005805301479995251
v 0.10077524185180664 0.08527135848999023 -0.9914819598197937 0.005315021146088839 0.004157254938036203 0.0053147366270422935
v 0.10077524185180664 0.08527135848999023 -0.9680363535881042 0.004722048062831163 0.004797589965164661 0.005882487632334232
v 0.10077524185180664 0.10077524185180664 -0.9914531707763672 0.0057440511882305145 0.004384312778711319 0.0054809050634503365
v 0.10077524185180664 0.10077524185180664 -0.9678197503089905 0.005153967998921871 0.005171230528503656 0.006202652584761381
v 0.10077524185180664 0.11627912521362305 -0.9914730787277222 0.006181163713335991 0.004629953298717737 0.005684190895408392
v 0.10077524185180664 0.11627911776304245 -0.9673598408699036 0.005692105740308762 0.005664522759616375 0.006631155032664537
v 0.10077524185180664 0.1317828893661499 -0.9903751015663147 0.0060511305928230286 0.004530320875346661 0.006314591970294714
v 0.10077524185180664 0.1317828744649887 -0.9684306979179382 0.005835282150655985 0.005549144931137562 0.007007218897342682
v 0.10077524185180664 0.1317828893661499 0.7514126896858215 0.005445464048534632 0.004756178706884384 0.006719042547047138
v 0.10077523440122604 0.1317828893661499 0.7567216753959656 0.007275403011590242 0.005958843510597944 0.008058530278503895
v 0.10077524185180664 0.1472867727279663 0.7516459822654724 0.00547253992408514 0.00469653494656086 0.006930659990757704
v 0.10077524185180664 0.1472867727279663 0.8106098175048828 0.4731438159942627 0.4605863690376282 0.4343145489692688
v 0.10077524185180664 0.1472867727279663 0.950748860836029 0.02767851948738098 0.023153237998485565 0.023406565189361572
v 0.10077524185180664 0.1472867876291275 0.9867111444473267 0.004749609157443047 0.003995920997112989 0.006087533198297024
v 0.11627912521362305 -0.14728683233261108 0.7476751208305359 0.004926890134811401 0.00426566181704402 0.0073275878094136715
v 0.11627912521362305 -0.14728683233261108 0.9903498291969299 0.00743955560028553 0.005761914886534214 0.008403338491916656
v 0.11627912521362305 -0.13178294897079468 -0.9895368218421936 0.005603297147899866 0.004190708044916391 0.006009850651025772
v 0.11627912521362305 -0.13178293406963348 -0.9682259559631348 0.004547882825136185 0.0047777085565030575 0.0065386248752474785
v 0.11627912521362305 -0.11627906560897827 -0.9916277527809143 0.005770599935203791 0.004438688047230244 0.005490136332809925
v 0.11627911776304245 -0.11627906560897827 -0.9674404859542847 0.004264588002115488 0.004874839913100004 0.005692918784916401
v 0.11627912521362305 -0.10077518224716187 -0.9916074872016907 0.005687850061804056 0.00438246876001358 0.005362671334296465
v 0.11627912521362305 -0.10077518224716187 -0.9677389860153198 0.004336019046604633 0.004915131721645594 0.005638423375785351
v 0.11627912521362305 -0.10077518224716187 0.8373510837554932 0.6368234157562256 0.6375951766967773 0.5994567275047302
v 0.11627912521362305 -0.10077518224716187 0.8542461395263672 0.6401931047439575 0.6424100399017334 0.6041067838668823
v 0.11627912521362305 -0.08527129888534546 -0.9915709495544434 0.005495007615536451 0.0043112738057971 0.005291855428367853
v 0.11627912521362305 -0.08527129888534546 -0.9679510593414307 0.004325345158576965 0.004855468403548002 0.005589928012341261
v 0.11627912521362305 -0.06976741552352905 -0.9915467500686646 0.005221230443567038 0.0041599515825510025 0.005112378858029842
v 0.11627912521362305 -0.06976740807294846 -0.967829167842865 0.004274998791515827 0.004753858782351017 0.005516680423170328
v 0.11627912521362305 -0.05426359176635742 -0.9915239214897156 0.005038734525442123 0.004056460224092007 0.004996785894036293
v 0.11627913266420364 -0.05426359176635742 -0.9675592184066772 0.004239107482135296 0.0047311983071267605 0.005504261702299118
v 0.11627912521362305 -0.038759708404541016 -0.9915066361427307 0.004940287675708532 0.003997876308858395 0.004934154450893402
v 0.11627912521362305 -0.03875970467925072 -0.9674195051193237 0.004182558041065931 0.004717456642538309 0.005488093476742506
v 0.11627912521362305 -0.02325582504272461 -0.9914820790290833 0.004850145895034075 0.0039292131550610065 0.004840537440031767
v 0.11627912521362305 -0.02325582504272461 -0.9676477909088135 0.0040664635598659515 0.004676158539950848 0.0053918431513011456
v 0.11627912521362305 -0.007751941680908203 -0.9914617538452148 0.004846992436796427 0.003915212582796812 0.0048196082934737206
v 0.11627913266420364 -0.007751941680908203 -0.9679251909255981 0.004016060382127762 0.004659933503717184 0.005344495177268982
v 0.11627912521362305 0.007751941680908203 -0.9914864301681519 0.004959544632583857 0.0039888168685138226 0.004913617856800556
v 0.11627913266420364 0.007751941680908203 -0.9681246876716614 0.004058879800140858 0.004701952915638685 0.005399465560913086
v 0.11627912521362305 0.02325582504272461 -0.9914894104003906 0.005054118111729622 0.004039174411445856 0.004992223344743252
v 0.11627912521362305 0.02325582504272461 -0.9681557416915894 0.004122956655919552 0.004748339764773846 0.005427176132798195
v 0.11627912521362305 0.038759708404541016 -0.9915195107460022 0.005110530648380518 0.004054409451782703 0.005042436067014933
v 0.11627911776304245 0.038759708404541016 -0.9679516553878784 0.004241130314767361 0.004810878541320562 0.005475892219692469
v 0.11627912521362305 0.05426359176635742 -0.991526186466217 0.005180544685572386 0.004085647873580456 0.00511464849114418
v 0.11627912521362305 0.05426359176635742 -0.9678210020065308 0.004320431966334581 0.004813684616237879 0.005528037436306477
v 0.11627912521362305 0.06976747512817383 -0.9915611147880554 0.005230116192251444 0.004104456398636103 0.005190066061913967
v 0.11627913266420364 0.06976747512817383 -0.9676375389099121 0.004281744360923767 0.00470717903226614 0.005506895948201418
v 0.11627912521362305 0.08527135848999023 -0.9915643930435181 0.005387095734477043 0.004197988193482161 0.005311588291078806
v 0.11627912521362305 0.08527135848999023 -0.9676351547241211 0.004318040795624256 0.004689538385719061 0.005545508116483688
v 0.11627912521362305 0.10077524185180664 -0.9915346503257751 0.005808117333799601 0.004438949748873711 0.005511571187525988
v 0.11627912521362305 0.10077524185180664 -0.9674569368362427 0.004653750918805599 0.005019362550228834 0.00583522068336606
v 0.11627912521362305 0.11627912521362305 -0.9915342926979065 0.006267336197197437 0.004712512716650963 0.005758462939411402
v 0.11627912521362305 0.11627912521362305 -0.9671913981437683 0.005074206739664078 0.0054225134663283825 0.006209622602909803
v 0.11627912521362305 0.1317828893661499 -0.9903889298439026 0.006056956015527248 0.0044811321422457695 0.006212473846971989
v 0.11627912521362305 0.1317828893661499 -0.9686434268951416 0.005187655799090862 0.005138405133038759 0.00653652660548687
v 0.11627912521362305 0.1317828893661499 0.7502769231796265 0.004181952215731144 0.0038797734305262566 0.005665974225848913
v 0.11627912521362305 0.1317828893661499 0.7601600289344788 0.006825938355177641 0.005614898633211851 0.007589004933834076
v 0.11627912521362305 0.1472867876291275 0.7531395554542542 0.004626338370144367 0.004022517241537571 0.0060881697572767735
v 0.11627912521362305 0.1472867727279663 0.7914035320281982 0.03434300050139427 0.03051156923174858 0.03123229369521141
v 0.11627912521362305 0.1472867727279663 0.964720606803894 0.007232655771076679 0.0063940901309251785 0.007899759337306023
v 0.11627912521362305 0.1472867876291275 0.9861981868743896 0.004496685694903135 0.003848402528092265 0.005636949557811022
v 0.1317828893661499 -0.14728683233261108 0.7476632595062256 0.0038357581943273544 0.0034602622035890818 0.005967804696410894
v 0.1317828893661499 -0.14728683233261108 0.9902193546295166 0.006737323012202978 0.004912360571324825 0.007210652343928814
v 0.1317828893661499 -0.13178294897079468 -0.9864410758018494 0.004550640005618334 0.0037047050427645445 0.005072901491075754
v 0.1317828893661499 -0.13178294897079468 -0.9709588885307312 0.004013580735772848 0.004127931781113148 0.005652973894029856
v 0.1317828893661499 -0.13178294897079468 0.7485907673835754 0.003494605189189315 0.0034982897341251373 0.004997131414711475
v 0.1317828893661499 -0.13178294897079468 0.7615547180175781 0.006169273983687162 0.005127086769789457 0.007002000696957111
v 0.1317828893661499 -0.13178294897079468 0.7862347960472107 0.2084585577249527 0.18499727547168732 0.1769593507051468
v 0.1317828893661499 -0.13178294897079468 0.8890079259872437 0.5428141355514526 0.5247596502304077 0.5123960971832275
v 0.1317828893661499 -0.11627906560897827 -0.9905108213424683 0.004307132214307785 0.0036387681029736996 0.004725357051938772
v 0.1317828893661499 -0.11627906560897827 -0.9685946702957153 0.0033549871295690536 0.003978025633841753 0.004721890669316053
v 0.1317828893661499 -0.11627906560897827 0.7513949275016785 0.003914850763976574 0.0037552935536950827 0.0049885776825249195
v 0.1317828893661499 -0.11627906560897827 0.7539766430854797 0.004629882518202066 0.004181231372058392 0.005434517282992601
v 0.1317828893661499 -0.11627906560897827 0.7804765701293945 0.2029573917388916 0.17900459468364716 0.15239831805229187
v 0.1317828893661499 -0.11627906560897827 0.9317384958267212 0.5904109477996826 0.5827991962432861 0.5593631267547607
v 0.1317828893661499 -0.10077518224716187 -0.9906015992164612 0.00410276697948575 0.003513479372486472 0.004554108716547489
v 0.1317829042673111 -0.10077518224716187 -0.9687122106552124 0.0032679359428584576 0.003929869271814823 0.004579265136271715
v 0.1317828893661499 -0.10077518224716187 0.7751507759094238 0.05255868285894394 0.042608290910720825 0.03356708958745003
v 0.1317828893661499 -0.10077518224716187 0.9370618462562561 0.5902814269065857 0.592801570892334 0.5623704791069031
v 0.1317828893661499 -0.08527129888534546 -0.9905619621276855 0.003941243514418602 0.0034318347461521626 0.004455510061234236
v 0.1317828893661499 -0.08527129888534546 -0.9688490033149719 0.0032551533076912165 0.0039021591655910015 0.004542430862784386
v 0.1317828893661499 -0.08527129888534546 0.7765800952911377 0.11360494792461395 0.09998879581689835 0.0722891315817833
v 0.1317828893661499 -0.08527129888534546 0.9370728731155396 0.5834617018699646 0.5875999331474304 0.5571805834770203
v 0.1317828893661499 -0.06976741552352905 -0.9904320240020752 0.0037454504054039717 0.0033026079181581736 0.004281887784600258
v 0.1317828893661499 -0.06976741552352905 -0.968914270401001 0.0032386418897658587 0.0038717554416507483 0.004508648533374071
v 0.1317828893661499 -0.06976741552352905 0.7798782587051392 0.25049009919166565 0.23473556339740753 0.19240964949131012
v 0.1317828893661499 -0.06976741552352905 0.9310219287872314 0.5760743021965027 0.5772263407707214 0.5458701848983765
v 0.1317828893661499 -0.05426359176635742 -0.9904006123542786 0.003657587571069598 0.003247918328270316 0.00421103136613965
v 0.1317828893661499 -0.05426359176635742 -0.968754231929779 0.003236891468986869 0.00389679498039186 0.004518031142652035
v 0.1317828893661499 -0.05426359549164772 0.7844161987304688 0.361939936876297 0.34036749601364136 0.3135293424129486
v 0.1317828893661499 -0.05426359176635742 0.9182846546173096 0.5584063529968262 0.5528796315193176 0.5234302282333374
v 0.1317828893661499 -0.038759708404541016 -0.9903506636619568 0.003612075001001358 0.0032318420708179474 0.004188248887658119
v 0.1317828893661499 -0.038759708404541016 -0.9686136245727539 0.00320153939537704 0.003902119118720293 0.0045057930983603
v 0.1317828893661499 -0.038759708404541016 0.7916147708892822 0.4521917700767517 0.4283033311367035 0.40996313095092773
v 0.1317828893661499 -0.038759708404541016 0.8953531980514526 0.5452090501785278 0.5368584990501404 0.5127502679824829
v 0.1317828893661499 -0.02325582504272461 -0.9903546571731567 0.0035653759259730577 0.0032102330587804317 0.004139765165746212
v 0.1317829042673111 -0.02325582504272461 -0.9685777425765991 0.0031149606220424175 0.0038750662934035063 0.004433451686054468
v 0.1317828893661499 -0.02325582504272461 0.8034945130348206 0.5064153671264648 0.48644518852233887 0.4587959349155426
v 0.1317828893661499 -0.02325582504272461 0.8723496794700623 0.5538655519485474 0.5460327863693237 0.5198585987091064
v 0.1317828893661499 -0.007751941680908203 -0.9902536869049072 0.0035838244948536158 0.003225807100534439 0.004134179558604956
v 0.1317828893661499 -0.007751941680908203 -0.9686564803123474 0.003078385256230831 0.003878900548443198 0.0044107516296207905
v 0.1317828893661499 -0.007751941680908203 0.824931263923645 0.5531635880470276 0.5433350205421448 0.4987649619579315
v 0.1317828893661499 -0.007751941680908203 0.851712703704834 0.5638752579689026 0.5567306876182556 0.5177151560783386
v 0.1317828893661499 0.007751941680908203 -0.9902527332305908 0.003665143856778741 0.00329248933121562 0.004217697773128748
v 0.1317828893661499 0.007751941680908203 -0.9687098264694214 0.003112949663773179 0.00393934128805995 0.004475810099393129
v 0.1317828893661499 0.02325582504272461 -0.9902463555335999 0.0037465724162757397 0.0033495028037577868 0.004299515392631292
v 0.1317828893661499 0.02325582504272461 -0.968794584274292 0.003180572995916009 0.0040068672969937325 0.0045427498407661915
v 0.1317828893661499 0.02325582504272461 0.822342038154602 0.5503446459770203 0.5394150018692017 0.4993855655193329
v 0.1317828893661499 0.02325582504272461 0.8523076772689819 0.5656308531761169 0.558505654335022 0.5204352140426636
v 0.1317828893661499 0.038759708404541016 -0.9902299642562866 0.0037884744815528393 0.0033608011435717344 0.00432863924652338
v 0.1317828893661499 0.038759708404541016 -0.9687841534614563 0.0032908921130001545 0.004080485086888075 0.004619318526238203
v 0.1317828893661499 0.038759708404541016 0.8071102499961853 0.5290091037750244 0.5126940608024597 0.4796816408634186
v 0.1317828893661499 0.038759708404541016 0.8661485910415649 0.5706641674041748 0.5634851455688477 0.5267980694770813
v 0.1317828893661499 0.05426359176635742 -0.9902400970458984 0.003849263768643141 0.003386099822819233 0.004372108727693558
v 0.1317828893661499 0.05426359176635742 -0.968884289264679 0.0033905631862580776 0.004126541782170534 0.0046960944309830666
v 0.1317828893661499 0.05426359176635742 0.8017045855522156 0.534005343914032 0.5174942016601562 0.48144420981407166
v 0.1317828893661499 0.05426359176635742 0.8734515905380249 0.5773141980171204 0.5703234672546387 0.5298815965652466
v 0.1317828893661499 0.06976747512817383 -0.9902524352073669 0.0039047945756465197 0.0033999993465840816 0.004417644813656807
v 0.1317828893661499 0.06976747512817383 -0.9688324928283691 0.003426039358600974 0.004087705630809069 0.004717750009149313
v 0.1317828893661499 0.06976747512817383 0.795709490776062 0.5339930057525635 0.5146374106407166 0.4777819812297821
v 0.1317828893661499 0.06976747512817383 0.88694167137146 0.5810598731040955 0.5735352039337158 0.5325070023536682
v 0.1317828893661499 0.08527135848999023 -0.9903168082237244 0.004034950863569975 0.00347606441937387 0.00451881717890501
v 0.1317828893661499 0.08527135848999023 -0.9688262939453125 0.0034819638822227716 0.004087119363248348 0.004750050604343414
v 0.1317828893661499 0.08527135848999023 0.7869188785552979 0.4716264605522156 0.44354063272476196 0.416058748960495
v 0.1317828893661499 0.08527135848999023 0.9124165773391724 0.5757483243942261 0.5662028193473816 0.5261414051055908
v 0.1317828893661499 0.10077524185180664 -0.9903387427330017 0.0042923204600811005 0.0036365643609315157 0.004679747391492128
v 0.1317828893661499 0.10077523440122604 -0.9688915610313416 0.0036382318940013647 0.004241161979734898 0.004896750673651695
v 0.1317828893661499 0.10077524185180664 0.7782765626907349 0.13107837736606598 0.11689069867134094 0.09021396934986115
v 0.1317828893661499 0.10077524185180664 0.9297950267791748 0.5733904242515564 0.5648576021194458 0.530775785446167
v 0.1317828893661499 0.11627912521362305 -0.9903621077537537 0.00471409410238266 0.003902995027601719 0.004978276323527098
v 0.1317828893661499 0.11627912521362305 -0.96865314245224 0.003907823469489813 0.004480663686990738 0.005178938619792461
v 0.1317828893661499 0.11627912521362305 0.7503206133842468 0.003316830610856414 0.0033972470555454493 0.004295955877751112
v 0.1317828893661499 0.11627912521362305 0.7614903450012207 0.006071311421692371 0.005315849557518959 0.0063038296066224575
v 0.1317828893661499 0.11627912521362305 0.7753651738166809 0.02545410394668579 0.021396826952695847 0.020518194884061813
v 0.1317828893661499 0.11627912521362305 0.9345476627349854 0.5444695949554443 0.5286442637443542 0.5128653645515442
v 0.1317828893661499 0.1317828893661499 -0.9877461791038513 0.004710273817181587 0.0037039159797132015 0.005047571379691362
v 0.1317828893661499 0.1317828893661499 -0.9704709649085999 0.0043564289808273315 0.004431747365742922 0.00585103128105402
v 0.1317828893661499 0.1317828893661499 0.7483543753623962 0.0032985545694828033 0.0032786072697490454 0.004856702871620655
v 0.1317828893661499 0.1317828893661499 0.8843122720718384 0.28862813115119934 0.2707257568836212 0.2534186840057373
v 0.1317828893661499 0.1317828893661499 0.9479936361312866 0.20958226919174194 0.18591180443763733 0.1738244891166687
v 0.1317828893661499 0.1317828893661499 0.9877328872680664 0.006569674238562584 0.005831918213516474 0.008317899890244007
v 0.1317828893661499 0.1472867727279663 0.9696177244186401 0.0051565696485340595 0.004466215148568153 0.005848038475960493
v 0.1317828893661499 0.1472867727279663 0.9865564703941345 0.004255129024386406 0.003415980376303196 0.004901290871202946
v 0.1472867727279663 -0.1472868174314499 0.9698928594589233 0.005444284062832594 0.004596006590873003 0.005896075628697872
v 0.1472867876291275 -0.14728683233261108 0.9865046739578247 0.003895876696333289 0.0032184752635657787 0.004108337219804525
v 0.1472867727279663 -0.13178294897079468 0.749934732913971 0.0032636087853461504 0.0032653568778187037 0.004542067181318998
v 0.1472867727279663 -0.13178294897079468 0.7690812349319458 0.004262601025402546 0.0034809117205441 0.004730741493403912
v 0.1472867727279663 -0.13178294897079468 0.9546487331390381 0.05314028635621071 0.047237031161785126 0.052067358046770096
v 0.1472867727279663 -0.13178294897079468 0.9862987995147705 0.004680488258600235 0.0041911788284778595 0.005567803978919983
v 0.1472867727279663 -0.11627906560897827 0.7497767210006714 0.003089784411713481 0.003252900205552578 0.00435495562851429
v 0.1472867727279663 -0.11627906560897827 0.7711990475654602 0.004583671689033508 0.0037838348653167486 0.0050054737366735935
v 0.1472867727279663 -0.11627906560897827 0.9480276107788086 0.3760400712490082 0.33841243386268616 0.33634528517723083
v 0.1472867727279663 -0.11627906560897827 0.9861802458763123 0.0048634642735123634 0.004607041832059622 0.005894878879189491
v 0.1472867727279663 -0.10077518224716187 0.7498106956481934 0.0030388974118977785 0.0032515323255211115 0.0043231407180428505
v 0.1472867727279663 -0.10077518224716187 0.7741122245788574 0.005245036445558071 0.004319311119616032 0.005450745113193989
v 0.1472867727279663 -0.10077518224716187 0.9417108297348022 0.49821600317955017 0.47417184710502625 0.461530864238739
v 0.1472867727279663 -0.10077518224716187 0.9866436719894409 0.004951218143105507 0.004702239762991667 0.0059435744769871235
v 0.1472867727279663 -0.08527129888534546 0.7499018311500549 0.0029764820355921984 0.0032355268485844135 0.004256897140294313
v 0.1472867727279663 -0.08527129888534546 0.7768312692642212 0.0065115368925035 0.005408082623034716 0.006556563079357147
v 0.1472867727279663 -0.08527129888534546 0.9379093050956726 0.5206000804901123 0.5033193826675415 0.4883761703968048
v 0.14728675782680511 -0.08527129888534546 0.9866527318954468 0.005102621857076883 0.004855148959904909 0.006080247927457094
v 0.1472867727279663 -0.06976741552352905 0.7498817443847656 0.002918524667620659 0.0031941544730216265 0.004180554766207933
v 0.1472867727279663 -0.06976741552352905 0.7782283425331116 0.0073176901787519455 0.006174109410494566 0.007342408411204815
v 0.1472867727279663 -0.06976741552352905 0.9385759830474854 0.516609787940979 0.49933671951293945 0.48595574498176575
v 0.1472867876291275 -0.06976741552352905 0.9865058660507202 0.005207981448620558 0.00500732334330678 0.006198200397193432
v 0.1472867727279663 -0.05426359176635742 0.7495588064193726 0.002902036299929023 0.0031801064033061266 0.004155072849243879
v 0.1472867727279663 -0.05426359176635742 0.7786951065063477 0.00708411168307066 0.006084891501814127 0.0072526391595602036
v 0.1472867727279663 -0.05426359176635742 0.9394257664680481 0.49855631589889526 0.4780004024505615 0.4661858379840851
v 0.1472867727279663 -0.05426359176635742 0.9863371253013611 0.005296119023114443 0.005184515845030546 0.006350866984575987
v 0.1472867727279663 -0.038759708404541016 0.749303936958313 0.0028936993330717087 0.0031681633554399014 0.0041403137147426605
v 0.1472867727279663 -0.038759708404541016 0.7772291898727417 0.005681995302438736 0.0048977080732584 0.006021462380886078
v 0.1472867727279663 -0.038759708404541016 0.9424890279769897 0.4516996145248413 0.4211035966873169 0.41270512342453003
v 0.1472867727279663 -0.038759708404541016 0.9858936667442322 0.0056803966872394085 0.005583678837865591 0.006800553295761347
v 0.1472867727279663 -0.02325582504272461 0.7493025660514832 0.0028099222108721733 0.003086121752858162 0.003994091879576445
v 0.1472867727279663 -0.02325582504272461 0.777182400226593 0.0053320699371397495 0.00459626829251647 0.00567042687907815
v 0.1472867727279663 -0.02325582504272461 0.943726658821106 0.430204838514328 0.3961217403411865 0.38750675320625305
v 0.1472867727279663 -0.02325582318007946 0.9851926565170288 0.006826851051300764 0.006624785717576742 0.008031079545617104
v 0.1472867727279663 -0.007751941680908203 0.7494834065437317 0.00273082940839231 0.0030088250059634447 0.0038291222881525755
v 0.1472867727279663 -0.007751941680908203 0.7776131629943848 0.005277867894619703 0.004559256602078676 0.005574155133217573
v 0.1472867727279663 -0.007751941680908203 0.9431806802749634 0.43630993366241455 0.40298542380332947 0.3890686333179474
v 0.1472867727279663 -0.007751941680908203 0.9845880270004272 0.00828523188829422 0.00800189096480608 0.009667934849858284
v 0.1472867727279663 0.007751941680908203 0.7494798302650452 0.002705854130908847 0.003001596312969923 0.0037776962853968143
v 0.1472867727279663 0.007751941680908203 0.7775684595108032 0.0053390455432236195 0.00463778106495738 0.005651176907122135
v 0.1472867727279663 0.007751941680908203 0.9421893358230591 0.4320448040962219 0.3985980749130249 0.3846099078655243
v 0.1472867727279663 0.007751941680908203 0.9845836162567139 0.007482314016669989 0.007347496226429939 0.008883754722774029
v 0.1472867727279663 0.02325582504272461 0.749504029750824 0.0027796232607215643 0.003071171697229147 0.003878456074744463
v 0.1472867727279663 0.02325582504272461 0.7747346758842468 0.004796528723090887 0.0041628554463386536 0.00517138559371233
v 0.1472867727279663 0.02325582504272461 0.9425593614578247 0.4252641797065735 0.3898605406284332 0.37907353043556213
v 0.1472867727279663 0.02325582504272461 0.9849997162818909 0.006265671923756599 0.006185279693454504 0.0075332121923565865
v 0.1472867727279663 0.038759708404541016 0.7496917843818665 0.002921729814261198 0.003195008495822549 0.004053526092320681
v 0.1472867727279663 0.038759708404541016 0.7724109888076782 0.004742278251796961 0.004049435257911682 0.005009319167584181
v 0.1472867727279663 0.038759708404541016 0.9420276284217834 0.4589923024177551 0.426803857088089 0.4134315252304077
v 0.1472867727279663 0.038759708404541016 0.985675573348999 0.005484903231263161 0.00535815954208374 0.006552059669047594
v 0.1472867727279663 0.05426359176635742 0.7498717308044434 0.003042440162971616 0.0033020079135894775 0.004182956647127867
v 0.1472867727279663 0.05426359176635742 0.7717235088348389 0.004968405235558748 0.004165294114500284 0.005067432764917612
v 0.1472867727279663 0.05426359176635742 0.9414119720458984 0.48249030113220215 0.4554915726184845 0.4395599961280823
v 0.1472867727279663 0.05426359176635742 0.9860719442367554 0.0049635567702353 0.0048190089873969555 0.00592694990336895
v 0.1472867727279663 0.06976747512817383 0.7499465346336365 0.003089623060077429 0.0033506201580166817 0.0042427643202245235
v 0.1472867727279663 0.06976747512817383 0.7715725302696228 0.004986106883734465 0.004152299836277962 0.0050275386311113834
v 0.1472867727279663 0.06976747512817383 0.9418267011642456 0.48054635524749756 0.4546048641204834 0.4386383593082428
v 0.1472867727279663 0.06976747512817383 0.9862414002418518 0.004477335140109062 0.004342238884419203 0.005398591980338097
v 0.1472867727279663 0.08527135848999023 0.7499754428863525 0.0031360045541077852 0.003376569366082549 0.004282041452825069
v 0.1472867727279663 0.08527135848999023 0.7712699174880981 0.005010406486690044 0.004104974679648876 0.004961112048476934
v 0.1472867727279663 0.08527135848999023 0.9437886476516724 0.46050071716308594 0.431652307510376 0.4186882972717285
v 0.1472867727279663 0.08527135848999023 0.9863027930259705 0.004315089900046587 0.004195624962449074 0.00522990757599473
v 0.1472867727279663 0.10077524185180664 0.7500383853912354 0.003078008070588112 0.0033207805827260017 0.004234249237924814
v 0.1472867727279663 0.10077524185180664 0.7707865238189697 0.0046911402605473995 0.0038755827117711306 0.004809046629816294
v 0.1472867727279663 0.10077524185180664 0.9473656415939331 0.3954145014286041 0.3604772984981537 0.3533507287502289
v 0.1472867727279663 0.10077524185180664 0.986268162727356 0.004344262648373842 0.004240245558321476 0.005315728951245546
v 0.1472867727279663 0.11627912521362305 0.7502471208572388 0.0029885792173445225 0.0032477027270942926 0.004160783253610134
v 0.14728675782680511 0.11627912521362305 0.7697673439979553 0.004306850489228964 0.003588883439078927 0.0046483674086630344
v 0.1472867727279663 0.11627912521362305 0.9520314335823059 0.17515632510185242 0.1548558920621872 0.1547505408525467
v 0.1472867727279663 0.11627911776304245 0.9861183166503906 0.004245796240866184 0.004149944521486759 0.005317893344908953
v 0.1472867727279663 0.1317828893661499 0.7505089044570923 0.003038290422409773 0.0031605958938598633 0.004193558823317289
v 0.1472867727279663 0.1317828893661499 0.7690261602401733 0.003944118041545153 0.003175188787281513 0.004188637714833021
v 0.1472867727279663 0.1317828893661499 0.9621502161026001 0.0079190069809556 0.007023366168141365 0.008873172104358673
v 0.1472867727279663 0.1317828893661499 0.987075924873352 0.003862951649352908 0.00344082317315042 0.004620121326297522
f 3039 1493 1
f 1493 3040 1
f 3041 1494 2
f 1494 3042 2
f 1 3 3039
f 3 3043 3039
f 3040 3044 1
f 3044 3 1
f 3045 1495 4
f 3041 2 1495
f 1495 2 4
f 4 2 5
f 3042 3046 2
f 3046 5 2
f 3 6 3043
f 6 3047 3043
f 3044 3048 3
f 3048 6 3
f 4 7 3045
f 7 3049 3045
f 4 5 8
f 4 8 7
f 3046 3050 5
f 3050 8 5
f 6 9 3047
f 9 3051 3047
f 3048 3052 6
f 3052 9 6
f 7 10 3049
f 10 3053 3049
f 7 8 11
f 7 11 10
f 3050 3054 8
f 3054 11 8
f 9 12 3051
f 12 3055 3051
f 3052 3056 9
f 3056 12 9
f 3057 1496 13
f 3053 10 1496
f 1496 10 13
f 13 10 14
f 10 11 15
f 10 15 14
f 3054 3058 11
f 3058 15 11
f 12 16 3055
f 16 3059 3055
f 3056 3060 12
f 3060 16 12
f 13 17 3057
f 17 3061 3057
f 13 14 18
f 13 18 17
f 14 15 19
f 14 19 18
f 3058 3062 15
f 3062 19 15
f 16 20 3059
f 20 3063 3059
f 3060 3064 16
f 3064 20 16
f 17 21 3061
f 21 3065 3061
f 17 18 22
f 17 22 21
f 18 19 23
f 18 23 22
f 3062 3066 19
f 3066 23 19
f 20 24 3063
f 24 3067 3063
f 3064 3068 20
f 3068 24 20
f 21 25 3065
f 25 3069 3065
f 21 22 26
f 21 26 25
f 22 23 27
f 22 27 26
f 3066 3070 23
f 3070 27 23
f 24 28 3067
f 28 3071 3067
f 3068 3072 24
f 3072 28 24
f 25 29 3069
f 29 3073 3069
f 25 26 30
f 25 30 29
f 3074 30 1497
f 1497 30 27
f 27 30 26
f 27 3070 1497
f 28 31 3071
f 31 3075 3071
f 3072 3076 28
f 3076 31 28
f 29 32 3073
f 32 3077 3073
f 29 30 33
f 29 33 32
f 3074 3078 30
f 3078 33 30
f 31 34 3075
f 34 3079 3075
f 3076 3080 31
f 3080 34 31
f 32 35 3077
f 35 3081 3077
f 32 33 36
f 32 36 35
f 1498 37 3078
f 3078 37 33
f 33 37 36
f 1498 3082 37
f 34 38 3079
f 38 3083 3079
f 3080 3084 34
f 3084 38 34
f 35 39 3081
f 39 3085 3081
f 35 36 40
f 35 40 39
f 36 37 41
f 36 41 40
f 3082 3086 37
f 3086 41 37
f 38 42 3083
f 42 3087 3083
f 3084 3088 38
f 3088 42 38
f 39 43 3085
f 43 3089 3085
f 39 40 44
f 39 44 43
f 40 41 45
f 40 45 44
f 3086 3090 41
f 3090 45 41
f 42 46 3087
f 46 3091 3087
f 3088 3092 42
f 3092 46 42
f 43 47 3089
f 47 3093 3089
f 43 44 48
f 43 48 47
f 44 45 49
f 44 49 48
f 3090 3094 45
f 3094 49 45
f 46 50 3091
f 50 3095 3091
f 3092 3096 46
f 3096 50 46
f 3093 47 1499
f 1499 47 3097
f 3097 47 51
f 51 47 48
f 48 49 52
f 48 52 51
f 3094 3098 49
f 3098 52 49
f 50 53 3095
f 53 3099 3095
f 3096 3100 50
f 3100 53 50
f 51 54 3097
f 54 3101 3097
f 51 52 55
f 51 55 54
f 3098 3102 52
f 3102 55 52
f 53 56 3099
f 56 3103 3099
f 3100 3104 53
f 3104 56 53
f 54 57 3101
f 57 3105 3101
f 54 55 58
f 54 58 57
f 3102 3106 55
f 3106 58 55
f 56 59 3103
f 59 3107 3103
f 3104 3108 56
f 3108 59 56
f 3105 57 1500
f 1500 57 3109
f 3109 57 60
f 60 57 58
f 3106 3110 58
f 3110 60 58
f 3107 59 1501
f 59 3108 1501
f 3109 60 1502
f 60 3110 1502
f 3111 1503 61
f 1503 1504 61
f 1504 62 61
f 1504 1505 62
f 1505 63 62
f 1505 1506 63
f 1506 64 63
f 1506 1507 64
f 1507 65 64
f 1507 1508 65
f 1508 66 65
f 1508 1509 66
f 1509 67 66
f 1509 1510 67
f 1510 68 67
f 1510 1511 68
f 1511 69 68
f 1511 1512 69
f 1512 70 69
f 1512 1513 70
f 1513 71 70
f 1513 1514 71
f 1514 72 71
f 1514 1515 72
f 1515 73 72
f 1515 1516 73
f 1516 74 73
f 1516 1517 74
f 1517 75 74
f 1517 1518 75
f 1518 76 75
f 1518 3112 76
f 3113 1519 77
f 1519 3114 77
f 1493 3039 61
f 61 3039 3111
f 3111 3039 3115
f 3040 1493 3116
f 1493 62 3116
f 3116 62 1520
f 1493 61 62
f 1520 62 3117
f 3117 62 78
f 78 62 63
f 63 64 79
f 63 79 78
f 64 65 80
f 64 80 79
f 65 66 81
f 65 81 80
f 66 67 82
f 66 82 81
f 67 68 83
f 67 83 82
f 68 69 84
f 68 84 83
f 69 70 85
f 69 85 84
f 70 71 86
f 70 86 85
f 71 72 87
f 71 87 86
f 3118 87 1521
f 1521 87 73
f 73 87 72
f 73 74 1521
f 74 1522 1521
f 74 75 1522
f 75 1523 1522
f 3119 1523 3041
f 1523 76 3041
f 1523 75 76
f 3041 76 1494
f 76 3112 1494
f 1494 3112 3042
f 3042 3112 3120
f 77 88 3113
f 88 3121 3113
f 3114 3122 77
f 3122 88 77
f 3039 3043 3123
f 3039 3123 3115
f 3040 3116 3124
f 3040 3124 3044
f 78 89 3117
f 89 3125 3117
f 78 79 90
f 78 90 89
f 79 80 91
f 79 91 90
f 80 81 92
f 80 92 91
f 81 82 93
f 81 93 92
f 82 83 94
f 82 94 93
f 83 84 95
f 83 95 94
f 84 85 96
f 84 96 95
f 85 86 97
f 85 97 96
f 86 87 98
f 86 98 97
f 3118 3126 87
f 3126 98 87
f 3045 99 1495
f 3041 1495 3119
f 1495 100 3119
f 1495 99 100
f 3119 100 1524
f 100 3046 1524
f 1524 3046 3120
f 3120 3046 3042
f 88 101 3121
f 101 3127 3121
f 3122 3128 88
f 3128 101 88
f 3043 3047 3129
f 3043 3129 3123
f 3044 3124 3130
f 3044 3130 3048
f 89 102 3125
f 102 3131 3125
f 89 90 103
f 89 103 102
f 90 91 104
f 90 104 103
f 91 92 105
f 91 105 104
f 92 93 106
f 92 106 105
f 93 94 107
f 93 107 106
f 94 95 108
f 94 108 107
f 95 96 109
f 95 109 108
f 96 97 110
f 96 110 109
f 97 98 111
f 97 111 110
f 3126 3132 98
f 3132 111 98
f 3045 3049 99
f 3049 112 99
f 99 112 113
f 99 113 100
f 100 113 3046
f 113 3050 3046
f 101 114 3127
f 114 3133 3127
f 3128 3134 101
f 3134 114 101
f 1525 3129 115
f 115 3129 3051
f 3051 3129 3047
f 115 3052 1525
f 1525 3052 3130
f 3130 3052 3048
f 102 116 3131
f 116 3135 3131
f 102 103 117
f 102 117 116
f 103 104 118
f 103 118 117
f 104 105 119
f 104 119 118
f 105 106 120
f 105 120 119
f 106 107 121
f 106 121 120
f 107 108 122
f 107 122 121
f 108 109 123
f 108 123 122
f 109 110 124
f 109 124 123
f 110 111 125
f 110 125 124
f 3132 3136 111
f 3136 125 111
f 3049 3053 112
f 3053 126 112
f 112 126 127
f 112 127 113
f 113 127 3050
f 127 3054 3050
f 114 128 3133
f 128 3137 3133
f 3134 3138 114
f 3138 128 114
f 3051 3055 115
f 3055 129 115
f 115 129 3052
f 129 3056 3052
f 116 130 3135
f 130 3139 3135
f 116 117 131
f 116 131 130
f 117 118 132
f 117 132 131
f 118 119 133
f 118 133 132
f 119 120 134
f 119 134 133
f 120 121 135
f 120 135 134
f 121 122 136
f 121 136 135
f 122 123 137
f 122 137 136
f 123 124 138
f 123 138 137
f 124 125 139
f 124 139 138
f 3136 3140 125
f 3140 139 125
f 3057 140 1496
f 1496 140 3053
f 3053 140 126
f 126 140 141
f 126 141 142
f 126 142 127
f 127 142 3054
f 142 3058 3054
f 128 143 3137
f 143 3141 3137
f 3138 3142 128
f 3142 143 128
f 3055 3059 129
f 3059 144 129
f 129 144 3056
f 144 3060 3056
f 130 145 3139
f 145 3143 3139
f 130 131 146
f 130 146 145
f 131 132 147
f 131 147 146
f 132 133 148
f 132 148 147
f 133 134 149
f 133 149 148
f 134 135 150
f 134 150 149
f 135 136 151
f 135 151 150
f 136 137 152
f 136 152 151
f 137 138 153
f 137 153 152
f 138 139 154
f 138 154 153
f 3140 3144 139
f 3144 154 139
f 3057 3061 140
f 3061 155 140
f 140 155 156
f 140 156 141
f 141 156 157
f 141 157 142
f 142 157 3058
f 157 3062 3058
f 143 158 3141
f 158 3145 3141
f 1526 159 3142
f 3142 159 143
f 143 159 158
f 1526 3146 159
f 3059 3063 144
f 3063 160 144
f 144 160 3060
f 160 3064 3060
f 145 161 3143
f 161 3147 3143
f 145 146 162
f 145 162 161
f 146 147 163
f 146 163 162
f 147 148 164
f 147 164 163
f 148 149 165
f 148 165 164
f 149 150 166
f 149 166 165
f 150 151 167
f 150 167 166
f 151 152 168
f 151 168 167
f 3148 168 1527
f 1527 168 153
f 153 168 152
f 153 154 1527
f 154 1528 1527
f 154 3144 1528
f 3061 3065 155
f 3065 169 155
f 155 169 170
f 155 170 156
f 156 170 171
f 156 171 157
f 157 171 3062
f 171 3066 3062
f 158 172 3145
f 172 3149 3145
f 3150 172 1529
f 1529 172 159
f 159 172 158
f 159 3146 1529
f 3063 3067 160
f 3067 173 160
f 160 173 3064
f 173 3068 3064
f 3147 161 1530
f 1530 161 3151
f 3151 161 174
f 174 161 162
f 162 163 175
f 162 175 174
f 163 164 176
f 163 176 175
f 164 165 177
f 164 177 176
f 165 166 178
f 165 178 177
f 166 167 179
f 166 179 178
f 3152 179 1531
f 1531 179 168
f 168 179 167
f 168 3148 1531
f 3065 3069 169
f 3069 180 169
f 169 180 181
f 169 181 170
f 170 181 182
f 170 182 171
f 171 182 3066
f 182 3070 3066
f 172 183 3149
f 183 3153 3149
f 3150 3154 172
f 3154 183 172
f 3067 3071 173
f 3071 184 173
f 173 184 3068
f 184 3072 3068
f 3151 174 1532
f 1532 174 3155
f 3155 174 185
f 185 174 175
f 175 176 186
f 175 186 185
f 176 177 187
f 176 187 186
f 177 178 188
f 177 188 187
f 3156 188 1533
f 1533 188 179
f 179 188 178
f 179 3152 1533
f 3069 3073 180
f 3073 189 180
f 180 189 190
f 180 190 181
f 1497 182 3074
f 3074 182 190
f 190 182 181
f 182 1497 3070
f 183 191 3153
f 191 3157 3153
f 3154 3158 183
f 3158 191 183
f 3071 3075 184
f 3075 192 184
f 184 192 3072
f 192 3076 3072
f 185 193 3155
f 193 3159 3155
f 185 186 194
f 185 194 193
f 186 187 195
f 186 195 194
f 3160 195 1534
f 1534 195 188
f 188 195 187
f 188 3156 1534
f 3073 3077 189
f 3077 196 189
f 189 196 197
f 189 197 190
f 190 197 3074
f 197 3078 3074
f 191 198 3157
f 198 3161 3157
f 3158 3162 191
f 3162 198 191
f 3075 3079 192
f 3079 199 192
f 192 199 3076
f 199 3080 3076
f 193 200 3159
f 200 3163 3159
f 193 194 201
f 193 201 200
f 194 195 202
f 194 202 201
f 1535 203 3160
f 3160 203 195
f 195 203 202
f 1535 3164 203
f 3077 3081 196
f 3081 204 196
f 196 204 205
f 196 205 197
f 3078 197 1498
f 1498 197 206
f 206 197 205
f 1498 206 3082
f 198 207 3161
f 207 3165 3161
f 3162 3166 198
f 3166 207 198
f 3079 3083 199
f 3083 208 199
f 199 208 3080
f 208 3084 3080
f 3167 1536 209
f 3163 200 1536
f 1536 200 209
f 209 200 210
f 200 201 211
f 200 211 210
f 201 202 212
f 201 212 211
f 202 203 213
f 202 213 212
f 3164 3168 203
f 3168 213 203
f 3081 3085 204
f 3085 214 204
f 204 214 215
f 204 215 205
f 205 215 216
f 205 216 206
f 206 216 3082
f 216 3086 3082
f 207 217 3165
f 217 3169 3165
f 3166 3170 207
f 3170 217 207
f 3083 3087 208
f 3087 218 208
f 208 218 3084
f 218 3088 3084
f 209 219 3167
f 219 3171 3167
f 209 210 220
f 209 220 219
f 210 211 221
f 210 221 220
f 211 212 222
f 211 222 221
f 212 213 223
f 212 223 222
f 1537 224 3168
f 3168 224 213
f 213 224 223
f 1537 3172 224
f 3085 3089 214
f 3089 225 214
f 214 225 226
f 214 226 215
f 215 226 227
f 215 227 216
f 216 227 3086
f 227 3090 3086
f 217 228 3169
f 228 3173 3169
f 3170 3174 217
f 3174 228 217
f 3087 3091 218
f 3091 229 218
f 218 229 3088
f 229 3092 3088
f 219 230 3171
f 230 3175 3171
f 219 220 231
f 219 231 230
f 220 221 232
f 220 232 231
f 221 222 233
f 221 233 232
f 222 223 234
f 222 234 233
f 223 224 235
f 223 235 234
f 1538 236 3172
f 3172 236 224
f 224 236 235
f 1538 3176 236
f 3089 3093 225
f 3093 237 225
f 225 237 238
f 225 238 226
f 226 238 239
f 226 239 227
f 227 239 3090
f 239 3094 3090
f 228 240 3173
f 240 3177 3173
f 3174 3178 228
f 3178 240 228
f 3091 3095 229
f 3095 241 229
f 229 241 3092
f 241 3096 3092
f 3179 1539 242
f 3175 230 1539
f 1539 230 242
f 242 230 243
f 230 231 244
f 230 244 243
f 231 232 245
f 231 245 244
f 232 233 246
f 232 246 245
f 233 234 247
f 233 247 246
f 234 235 248
f 234 248 247
f 235 236 249
f 235 249 248
f 1540 250 3176
f 3176 250 236
f 236 250 249
f 1540 3180 250
f 3093 1499 237
f 3097 251 1499
f 1499 251 237
f 237 251 238
f 238 251 252
f 238 252 239
f 239 252 3094
f 252 3098 3094
f 240 253 3177
f 253 3181 3177
f 3178 3182 240
f 3182 253 240
f 241 3095 1541
f 1541 3095 3183
f 3183 3095 3099
f 1541 3184 241
f 241 3184 3096
f 3096 3184 3100
f 242 254 3179
f 254 3185 3179
f 242 243 255
f 242 255 254
f 243 244 256
f 243 256 255
f 244 245 257
f 244 257 256
f 245 246 258
f 245 258 257
f 246 247 259
f 246 259 258
f 247 248 260
f 247 260 259
f 248 249 261
f 248 261 260
f 249 250 262
f 249 262 261
f 1542 263 3180
f 3180 263 250
f 250 263 262
f 1542 3186 263
f 3097 3101 251
f 3101 264 251
f 251 264 265
f 251 265 252
f 252 265 3098
f 265 3102 3098
f 253 266 3181
f 266 3187 3181
f 3182 3188 253
f 3188 266 253
f 3099 3103 3189
f 3099 3189 3183
f 3100 3184 3190
f 3100 3190 3104
f 254 267 3185
f 267 3191 3185
f 254 255 268
f 254 268 267
f 255 256 269
f 255 269 268
f 256 257 270
f 256 270 269
f 257 258 271
f 257 271 270
f 258 259 272
f 258 272 271
f 259 260 273
f 259 273 272
f 260 261 274
f 260 274 273
f 261 262 275
f 261 275 274
f 262 263 276
f 262 276 275
f 3186 3192 263
f 3192 276 263
f 3101 3105 264
f 3105 277 264
f 264 277 278
f 264 278 265
f 265 278 3102
f 278 3106 3102
f 266 279 3187
f 279 3193 3187
f 3188 3194 266
f 3194 279 266
f 3103 3107 3195
f 3103 3195 3189
f 3190 1543 280
f 280 3108 3190
f 3190 3108 3104
f 3191 267 1543
f 1543 267 280
f 280 267 281
f 267 268 282
f 267 282 281
f 268 269 283
f 268 283 282
f 269 270 284
f 269 284 283
f 270 271 285
f 270 285 284
f 271 272 286
f 271 286 285
f 272 273 287
f 272 287 286
f 3196 287 1544
f 1544 287 274
f 274 287 273
f 274 275 1544
f 275 1545 1544
f 1545 275 3197
f 3197 275 288
f 288 275 276
f 1546 289 3192
f 3192 289 276
f 276 289 288
f 1546 1547 289
f 1547 290 289
f 1547 1548 290
f 1548 291 290
f 3105 1500 277
f 291 1548 1549
f 1549 3109 291
f 278 3109 1549
f 278 1500 3109
f 278 277 1500
f 1549 3198 278
f 278 3198 3106
f 3106 3198 3110
f 3193 279 1550
f 279 3194 1550
f 1501 1551 3107
f 1551 3195 3107
f 280 1552 3108
f 3108 1552 1501
f 1501 1552 1551
f 280 281 1552
f 281 1553 1552
f 281 282 1553
f 282 1554 1553
f 282 283 1554
f 283 1555 1554
f 283 284 1555
f 284 1556 1555
f 284 285 1556
f 285 1557 1556
f 285 286 1557
f 286 1558 1557
f 286 287 1558
f 287 1559 1558
f 287 3196 1559
f 3197 288 1560
f 288 289 1560
f 289 1561 1560
f 289 290 1561
f 290 1562 1561
f 1562 290 3199
f 3199 290 292
f 292 290 291
f 291 3109 1502
f 1502 293 291
f 291 293 292
f 1502 3110 293
f 293 3110 3200
f 3200 3110 3198
f 3199 292 1563
f 292 293 1563
f 293 1564 1563
f 293 3200 1564
f 3111 3201 1503
f 3201 1565 1503
f 1503 1565 1566
f 1503 1566 1504
f 1504 1566 1567
f 1504 1567 1505
f 1505 1567 1568
f 1505 1568 1506
f 1506 1568 1569
f 1506 1569 1507
f 1507 1569 1570
f 1507 1570 1508
f 1508 1570 1571
f 1508 1571 1509
f 1509 1571 1572
f 1509 1572 1510
f 1510 1572 1573
f 1510 1573 1511
f 1511 1573 1574
f 1511 1574 1512
f 1512 1574 1575
f 1512 1575 1513
f 1513 1575 1576
f 1513 1576 1514
f 1514 1576 1577
f 1514 1577 1515
f 1515 1577 1578
f 1515 1578 1516
f 1516 1578 1579
f 1516 1579 1517
f 1517 1579 1580
f 1517 1580 1518
f 1518 1580 3112
f 1580 3202 3112
f 3113 3203 1519
f 3203 1581 1519
f 3114 1519 294
f 294 1519 1582
f 1582 1519 1581
f 1582 3204 294
f 1583 3201 295
f 295 3201 3115
f 3115 3201 3111
f 1583 295 3116
f 3116 1520 1583
f 1583 1520 1584
f 1520 3117 296
f 296 1585 1520
f 1520 1585 1584
f 3205 1585 296
f 1586 3206 297
f 1587 1586 297
f 298 1587 297
f 1588 1587 298
f 299 1588 298
f 1588 299 3118
f 3118 1521 1588
f 1588 1521 1589
f 1521 1522 1590
f 1521 1590 1589
f 1522 1523 1591
f 1522 1591 1590
f 1523 3119 300
f 300 1592 1523
f 1523 1592 1591
f 300 3120 1592
f 1592 3120 3202
f 3202 3120 3112
f 3113 3121 3207
f 3113 3207 3203
f 3122 3114 294
f 301 3122 294
f 3204 3208 294
f 3208 301 294
f 3115 3123 295
f 3123 302 295
f 295 302 3116
f 302 3124 3116
f 3117 3125 296
f 3125 303 296
f 304 1593 3205
f 3205 296 304
f 304 296 303
f 1594 1593 304
f 305 1594 304
f 3209 1594 305
f 1595 3210 306
f 297 3206 1595
f 1595 306 297
f 297 306 307
f 297 307 308
f 297 308 298
f 298 308 309
f 298 309 299
f 299 309 3118
f 309 3126 3118
f 3119 1524 300
f 300 1524 3120
f 3121 3127 3211
f 3121 3211 3207
f 3128 3122 301
f 310 3128 301
f 3208 3212 301
f 3212 310 301
f 3123 3129 302
f 3129 311 302
f 302 311 3124
f 311 3130 3124
f 3125 3131 303
f 3131 312 303
f 303 312 313
f 303 313 304
f 313 3213 1596
f 1596 305 313
f 313 305 304
f 3209 305 1596
f 306 3210 1597
f 306 1597 3214
f 3214 314 306
f 306 314 307
f 307 314 315
f 307 315 308
f 308 315 316
f 308 316 309
f 309 316 3126
f 316 3132 3126
f 3127 3133 3215
f 3127 3215 3211
f 3134 3128 310
f 317 3134 310
f 3212 3216 310
f 3216 317 310
f 3129 1525 311
f 311 1525 3130
f 3131 3135 312
f 3135 318 312
f 312 318 319
f 312 319 313
f 3217 3213 313
f 319 3217 313
f 320 314 3214
f 3218 320 3214
f 314 320 321
f 314 321 315
f 315 321 322
f 315 322 316
f 316 322 3132
f 322 3136 3132
f 3133 3137 3219
f 3133 3219 3215
f 3138 3134 317
f 323 3138 317
f 3216 3220 317
f 3220 323 317
f 3135 3139 318
f 3139 324 318
f 318 324 325
f 318 325 319
f 326 1598 3217
f 3217 319 326
f 326 319 325
f 1599 1598 326
f 327 1599 326
f 3221 1599 327
f 1600 3222 328
f 1601 1600 328
f 329 1601 328
f 320 3218 1601
f 1601 329 320
f 320 329 330
f 320 330 331
f 320 331 321
f 321 331 332
f 321 332 322
f 322 332 3136
f 332 3140 3136
f 3137 3141 3223
f 3137 3223 3219
f 3142 3138 323
f 333 3142 323
f 3220 3224 323
f 3224 333 323
f 3139 3143 324
f 3143 334 324
f 324 334 335
f 324 335 325
f 325 335 336
f 325 336 326
f 326 336 337
f 326 337 327
f 338 1602 3221
f 3221 327 338
f 338 327 337
f 328 3222 1602
f 1602 338 328
f 328 338 339
f 328 339 340
f 328 340 329
f 329 340 341
f 329 341 330
f 330 341 342
f 330 342 331
f 331 342 343
f 331 343 332
f 332 343 3140
f 343 3144 3140
f 3141 3145 3225
f 3141 3225 3223
f 1526 3142 333
f 333 3224 1526
f 1526 3224 3146
f 3146 3224 3226
f 3143 3147 334
f 3147 344 334
f 334 344 345
f 334 345 335
f 335 345 346
f 335 346 336
f 336 346 347
f 336 347 337
f 337 347 348
f 337 348 338
f 338 348 349
f 338 349 339
f 339 349 350
f 339 350 340
f 340 350 351
f 340 351 341
f 1527 342 3148
f 3148 342 351
f 351 342 341
f 1527 1528 342
f 1528 343 342
f 343 1528 3144
f 3145 3149 3227
f 3145 3227 3225
f 352 3150 1529
f 1529 3146 352
f 352 3146 3228
f 3228 3146 3226
f 3147 1530 344
f 3151 353 1530
f 1530 353 344
f 344 353 345
f 345 353 354
f 345 354 346
f 346 354 355
f 346 355 347
f 347 355 356
f 347 356 348
f 348 356 357
f 348 357 349
f 349 357 358
f 349 358 350
f 1531 351 3152
f 3152 351 358
f 358 351 350
f 351 1531 3148
f 3149 3153 3229
f 3149 3229 3227
f 3154 3150 352
f 359 3154 352
f 3228 3230 352
f 3230 359 352
f 3151 1532 353
f 3155 360 1532
f 1532 360 353
f 353 360 354
f 354 360 361
f 354 361 355
f 355 361 362
f 355 362 356
f 356 362 363
f 356 363 357
f 1533 358 3156
f 3156 358 363
f 363 358 357
f 358 1533 3152
f 3153 3157 3231
f 3153 3231 3229
f 3158 3154 359
f 364 3158 359
f 3230 3232 359
f 3232 364 359
f 3155 3159 360
f 3159 365 360
f 360 365 366
f 360 366 361
f 361 366 367
f 361 367 362
f 1534 363 3160
f 3160 363 367
f 367 363 362
f 363 1534 3156
f 3157 3161 3233
f 3157 3233 3231
f 3162 3158 364
f 368 3162 364
f 3232 3234 364
f 3234 368 364
f 3159 3163 365
f 3163 369 365
f 365 369 370
f 365 370 366
f 366 370 371
f 366 371 367
f 3160 367 1535
f 1535 367 372
f 372 367 371
f 1535 372 3164
f 3161 3165 3235
f 3161 3235 3233
f 3166 3162 368
f 373 3166 368
f 3234 3236 368
f 3236 373 368
f 3167 374 1536
f 1536 374 3163
f 3163 374 369
f 369 374 375
f 369 375 376
f 369 376 370
f 370 376 377
f 370 377 371
f 371 377 378
f 371 378 372
f 372 378 3164
f 378 3168 3164
f 3165 3169 3237
f 3165 3237 3235
f 3170 3166 373
f 379 3170 373
f 3236 3238 373
f 3238 379 373
f 3167 3171 374
f 3171 380 374
f 374 380 381
f 374 381 375
f 375 381 382
f 375 382 376
f 376 382 383
f 376 383 377
f 377 383 384
f 377 384 378
f 3168 378 1537
f 1537 378 385
f 385 378 384
f 1537 385 3172
f 3169 3173 3239
f 3169 3239 3237
f 3174 3170 379
f 386 3174 379
f 3238 3240 379
f 3240 386 379
f 3171 3175 380
f 3175 387 380
f 380 387 388
f 380 388 381
f 381 388 389
f 381 389 382
f 382 389 390
f 382 390 383
f 383 390 391
f 383 391 384
f 384 391 392
f 384 392 385
f 3172 385 1538
f 1538 385 393
f 393 385 392
f 1538 393 3176
f 3173 3177 3241
f 3173 3241 3239
f 3178 3174 386
f 394 3178 386
f 3240 3242 386
f 3242 394 386
f 3179 395 1539
f 1539 395 3175
f 3175 395 387
f 387 395 396
f 387 396 397
f 387 397 388
f 388 397 398
f 388 398 389
f 389 398 399
f 389 399 390
f 390 399 400
f 390 400 391
f 391 400 401
f 391 401 392
f 392 401 402
f 392 402 393
f 3176 393 1540
f 1540 393 403
f 403 393 402
f 1540 403 3180
f 3177 3181 3243
f 3177 3243 3241
f 3182 3178 394
f 404 3182 394
f 3242 3244 394
f 3244 404 394
f 3183 405 1541
f 1541 405 3184
f 3179 3185 395
f 3185 406 395
f 395 406 407
f 395 407 396
f 396 407 408
f 396 408 397
f 397 408 409
f 397 409 398
f 398 409 410
f 398 410 399
f 399 410 411
f 399 411 400
f 400 411 412
f 400 412 401
f 401 412 413
f 401 413 402
f 402 413 414
f 402 414 403
f 3180 403 1542
f 1542 403 415
f 415 403 414
f 1542 415 3186
f 3181 3187 3245
f 3181 3245 3243
f 3188 3182 404
f 416 3188 404
f 3244 3246 404
f 3246 416 404
f 3183 3189 405
f 3189 417 405
f 405 417 3184
f 417 3190 3184
f 3185 3191 406
f 3191 418 406
f 406 418 419
f 406 419 407
f 407 419 420
f 407 420 408
f 408 420 421
f 408 421 409
f 409 421 422
f 409 422 410
f 410 422 423
f 410 423 411
f 411 423 424
f 411 424 412
f 412 424 425
f 412 425 413
f 413 425 426
f 413 426 414
f 414 426 427
f 414 427 415
f 415 427 3186
f 427 3192 3186
f 3187 3193 3247
f 3187 3247 3245
f 3194 3188 416
f 428 3194 416
f 3246 3248 416
f 3248 428 416
f 417 3189 1603
f 1603 3189 3249
f 3249 3189 3195
f 1543 3190 417
f 417 1603 1543
f 1543 1603 1604
f 1605 418 3191
f 3191 1543 1605
f 1605 1543 1604
f 419 418 1605
f 1606 419 1605
f 420 419 1606
f 1607 420 1606
f 421 420 1607
f 1608 421 1607
f 422 421 1608
f 1609 422 1608
f 423 422 1609
f 1610 423 1609
f 424 423 1610
f 1611 424 1610
f 424 1611 425
f 1611 3196 425
f 1611 3250 3196
f 425 3196 1544
f 1544 1545 425
f 1545 426 425
f 3197 429 1545
f 1545 429 426
f 426 429 427
f 3192 427 1546
f 1546 427 430
f 430 427 429
f 430 431 1546
f 431 1547 1546
f 431 432 1547
f 432 1548 1547
f 432 433 1548
f 433 1549 1548
f 1549 433 3198
f 1550 1612 3193
f 1612 3247 3193
f 428 1613 3194
f 3194 1613 1550
f 1550 1613 1612
f 428 3248 1613
f 1551 1614 3195
f 1614 3249 3195
f 1552 434 3251
f 3251 1614 1552
f 1552 1614 1551
f 435 434 1552
f 1553 435 1552
f 436 435 1553
f 1554 436 1553
f 1615 3252 436
f 436 1554 1615
f 1615 1554 1555
f 1555 1556 1616
f 1555 1616 1615
f 1556 1557 1617
f 1556 1617 1616
f 1557 1558 1618
f 1557 1618 1617
f 1558 1559 1619
f 1558 1619 1618
f 3196 3250 1559
f 3250 1619 1559
f 3197 1560 429
f 1560 1561 429
f 1561 430 429
f 3253 1620 437
f 431 430 1562
f 430 1561 1562
f 3254 437 1620
f 431 1562 432
f 1562 3255 432
f 432 3255 1621
f 1562 3199 3255
f 433 432 1621
f 1622 433 1621
f 1622 3256 433
f 433 3256 3198
f 3198 3256 3200
f 3251 434 1623
f 434 435 1623
f 435 1624 1623
f 435 436 1624
f 436 1625 1624
f 436 3252 1625
f 3253 437 1626
f 437 3254 1626
f 1563 1627 3199
f 1627 3255 3199
f 1563 1564 1628
f 1563 1628 1627
f 3200 3256 1564
f 3256 1628 1564
f 3201 3257 1565
f 3257 1629 1565
f 1565 1629 1630
f 1565 1630 1566
f 1566 1630 1631
f 1566 1631 1567
f 1567 1631 1632
f 1567 1632 1568
f 1568 1632 1633
f 1568 1633 1569
f 1569 1633 1634
f 1569 1634 1570
f 1570 1634 1635
f 1570 1635 1571
f 1571 1635 1636
f 1571 1636 1572
f 1572 1636 1637
f 1572 1637 1573
f 1573 1637 1638
f 1573 1638 1574
f 1574 1638 1639
f 1574 1639 1575
f 1575 1639 1640
f 1575 1640 1576
f 1576 1640 1641
f 1576 1641 1577
f 1577 1641 1642
f 1577 1642 1578
f 1578 1642 1643
f 1578 1643 1579
f 1579 1643 1644
f 1579 1644 1580
f 1580 1644 3202
f 1644 3258 3202
f 3203 3259 1581
f 3259 1645 1581
f 1581 1645 1646
f 1581 1646 1582
f 1582 1646 3204
f 1646 3260 3204
f 1583 1647 3201
f 1647 3257 3201
f 1583 1584 1648
f 1583 1648 1647
f 1585 438 3261
f 3261 1648 1585
f 1585 1648 1584
f 438 1585 3205
f 439 3206 1586
f 1649 3262 439
f 439 1586 1649
f 1649 1586 1587
f 1587 1588 1650
f 1587 1650 1649
f 1588 1589 1651
f 1588 1651 1650
f 1589 1590 1652
f 1589 1652 1651
f 1590 1591 1653
f 1590 1653 1652
f 1591 1592 1654
f 1591 1654 1653
f 3202 3258 1592
f 3258 1654 1592
f 3203 3207 3263
f 3203 3263 3259
f 3204 3260 3264
f 3204 3264 3208
f 3261 438 1655
f 3205 1593 438
f 438 1593 1655
f 1655 1593 1656
f 1593 1594 1657
f 1593 1657 1656
f 1594 3209 440
f 440 1658 1594
f 1594 1658 1657
f 1659 1658 440
f 441 1659 440
f 1660 1659 441
f 442 1660 441
f 1660 442 3210
f 3210 1595 1660
f 1660 1595 1661
f 439 1662 3206
f 3206 1662 1595
f 1595 1662 1661
f 439 3262 1662
f 3207 3211 3265
f 3207 3265 3263
f 3208 3264 3266
f 3208 3266 3212
f 3213 443 1596
f 1596 443 3209
f 3209 443 440
f 440 443 444
f 440 444 445
f 440 445 441
f 441 445 446
f 441 446 442
f 3210 442 1597
f 1597 442 447
f 447 442 446
f 1597 447 3214
f 3211 3215 3267
f 3211 3267 3265
f 3212 3266 3268
f 3212 3268 3216
f 3213 3217 443
f 3217 448 443
f 443 448 449
f 443 449 444
f 444 449 450
f 444 450 445
f 445 450 451
f 445 451 446
f 446 451 452
f 446 452 447
f 447 452 3214
f 452 3218 3214
f 3215 3219 3269
f 3215 3269 3267
f 3216 3268 3270
f 3216 3270 3220
f 3217 1598 448
f 1598 1599 448
f 1599 449 448
f 3221 453 1599
f 1599 453 449
f 449 453 450
f 1600 451 3222
f 3222 451 453
f 453 451 450
f 1600 1601 451
f 1601 452 451
f 452 1601 3218
f 3219 3223 3271
f 3219 3271 3269
f 3220 3270 3272
f 3220 3272 3224
f 3221 1602 453
f 453 1602 3222
f 3223 3225 3273
f 3223 3273 3271
f 3224 3272 3274
f 3224 3274 3226
f 3225 3227 3275
f 3225 3275 3273
f 3226 3274 3276
f 3226 3276 3228
f 3227 3229 3277
f 3227 3277 3275
f 3228 3276 3278
f 3228 3278 3230
f 3229 3231 3279
f 3229 3279 3277
f 3230 3278 3280
f 3230 3280 3232
f 3231 3233 3281
f 3231 3281 3279
f 3232 3280 3282
f 3232 3282 3234
f 3233 3235 3283
f 3233 3283 3281
f 3234 3282 3284
f 3234 3284 3236
f 3235 3237 3285
f 3235 3285 3283
f 3236 3284 3286
f 3236 3286 3238
f 3237 3239 3287
f 3237 3287 3285
f 3238 3286 3288
f 3238 3288 3240
f 3239 3241 3289
f 3239 3289 3287
f 3240 3288 3290
f 3240 3290 3242
f 3241 3243 3291
f 3241 3291 3289
f 3242 3290 3292
f 3242 3292 3244
f 3243 3245 3293
f 3243 3293 3291
f 3244 3292 3294
f 3244 3294 3246
f 3245 3247 3295
f 3245 3295 3293
f 3246 3294 3296
f 3246 3296 3248
f 3249 3297 1603
f 3297 1663 1603
f 1603 1663 1664
f 1603 1664 1604
f 1604 1664 1665
f 1604 1665 1605
f 1605 1665 1666
f 1605 1666 1606
f 1606 1666 1667
f 1606 1667 1607
f 1607 1667 1668
f 1607 1668 1608
f 1608 1668 1669
f 1608 1669 1609
f 1609 1669 1670
f 1609 1670 1610
f 1610 1670 1671
f 1610 1671 1611
f 1611 1671 3250
f 1671 3298 3250
f 1612 1672 3247
f 1672 3295 3247
f 1612 1613 1673
f 1612 1673 1672
f 3248 3296 1613
f 3296 1673 1613
f 454 3299 1614
f 1614 3299 3249
f 3249 3299 3297
f 454 1614 3251
f 455 3252 1615
f 1674 3300 455
f 455 1615 1674
f 1674 1615 1616
f 1616 1617 1675
f 1616 1675 1674
f 1617 1618 1676
f 1617 1676 1675
f 1618 1619 1677
f 1618 1677 1676
f 3250 3298 1619
f 3298 1677 1619
f 3253 3301 1620
f 3301 1678 1620
f 3254 1620 456
f 456 1620 1679
f 1679 1620 1678
f 456 1679 3255
f 3255 1679 1621
f 1621 1679 1680
f 1621 1680 1681
f 1621 1681 1622
f 1622 1681 3256
f 1681 3302 3256
f 3299 454 1682
f 3251 1623 454
f 454 1623 1682
f 1682 1623 1683
f 1623 1624 1684
f 1623 1684 1683
f 1624 1625 1685
f 1624 1685 1684
f 455 1686 3252
f 3252 1686 1625
f 1625 1686 1685
f 455 3300 1686
f 1626 1687 3253
f 1687 3301 3253
f 456 1688 3254
f 3254 1688 1626
f 1626 1688 1687
f 3255 1627 456
f 456 1627 1688
f 1688 1627 1689
f 1627 1628 1690
f 1627 1690 1689
f 3256 3302 1628
f 3302 1690 1628
f 3257 3303 1629
f 3303 1691 1629
f 1629 1691 1692
f 1629 1692 1630
f 1630 1692 1693
f 1630 1693 1631
f 1631 1693 1694
f 1631 1694 1632
f 1632 1694 1695
f 1632 1695 1633
f 1633 1695 1696
f 1633 1696 1634
f 1634 1696 1697
f 1634 1697 1635
f 1635 1697 1698
f 1635 1698 1636
f 1636 1698 1699
f 1636 1699 1637
f 1637 1699 1700
f 1637 1700 1638
f 1638 1700 1701
f 1638 1701 1639
f 1639 1701 1702
f 1639 1702 1640
f 1640 1702 1703
f 1640 1703 1641
f 1641 1703 1704
f 1641 1704 1642
f 1642 1704 1705
f 1642 1705 1643
f 1643 1705 1706
f 1643 1706 1644
f 1644 1706 3258
f 1706 3304 3258
f 3259 3305 1645
f 3305 1707 1645
f 1645 1707 1708
f 1645 1708 1646
f 1646 1708 3260
f 1708 3306 3260
f 1647 1709 3257
f 1709 3303 3257
f 1647 1648 1710
f 1647 1710 1709
f 1710 1648 3261
f 3307 1710 3261
f 457 3262 1649
f 1711 3308 457
f 457 1649 1711
f 1711 1649 1650
f 1650 1651 1712
f 1650 1712 1711
f 1651 1652 1713
f 1651 1713 1712
f 1652 1653 1714
f 1652 1714 1713
f 1653 1654 1715
f 1653 1715 1714
f 3258 3304 1654
f 3304 1715 1654
f 3259 3263 3309
f 3259 3309 3305
f 3260 3306 3310
f 3260 3310 3264
f 1655 1716 3261
f 1716 3307 3261
f 1655 1656 1717
f 1655 1717 1716
f 1656 1657 1718
f 1656 1718 1717
f 1657 1658 1719
f 1657 1719 1718
f 1658 1659 1720
f 1658 1720 1719
f 1659 1660 1721
f 1659 1721 1720
f 1660 1661 1722
f 1660 1722 1721
f 1661 1662 1723
f 1661 1723 1722
f 457 1724 3262
f 3262 1724 1662
f 1662 1724 1723
f 457 3308 1724
f 3263 3265 3311
f 3263 3311 3309
f 3264 3310 3312
f 3264 3312 3266
f 3265 3267 3313
f 3265 3313 3311
f 3266 3312 3314
f 3266 3314 3268
f 3267 3269 3315
f 3267 3315 3313
f 3268 3314 3316
f 3268 3316 3270
f 3269 3271 3317
f 3269 3317 3315
f 3270 3316 3318
f 3270 3318 3272
f 3271 3273 3319
f 3271 3319 3317
f 3272 3318 3320
f 3272 3320 3274
f 3273 3275 3321
f 3273 3321 3319
f 3274 3320 3322
f 3274 3322 3276
f 3275 3277 3323
f 3275 3323 3321
f 3276 3322 3324
f 3276 3324 3278
f 3277 3279 3325
f 3277 3325 3323
f 3278 3324 3326
f 3278 3326 3280
f 3279 3281 3327
f 3279 3327 3325
f 3280 3326 3328
f 3280 3328 3282
f 3281 3283 3329
f 3281 3329 3327
f 3282 3328 3330
f 3282 3330 3284
f 3283 3285 3331
f 3283 3331 3329
f 3284 3330 3332
f 3284 3332 3286
f 3285 3287 3333
f 3285 3333 3331
f 3286 3332 3334
f 3286 3334 3288
f 3287 3289 3335
f 3287 3335 3333
f 3288 3334 3336
f 3288 3336 3290
f 3289 3291 3337
f 3289 3337 3335
f 3290 3336 3338
f 3290 3338 3292
f 3291 3293 3339
f 3291 3339 3337
f 3292 3338 3340
f 3292 3340 3294
f 3293 3295 3341
f 3293 3341 3339
f 3294 3340 3342
f 3294 3342 3296
f 3297 3343 1663
f 3343 1725 1663
f 1663 1725 1726
f 1663 1726 1664
f 1664 1726 1727
f 1664 1727 1665
f 1665 1727 1728
f 1665 1728 1666
f 1666 1728 1729
f 1666 1729 1667
f 1667 1729 1730
f 1667 1730 1668
f 1668 1730 1731
f 1668 1731 1669
f 1669 1731 1732
f 1669 1732 1670
f 1670 1732 1733
f 1670 1733 1671
f 3298 1671 458
f 458 1671 1734
f 1734 1671 1733
f 1734 3344 458
f 1672 1735 3295
f 1735 3341 3295
f 1672 1673 1736
f 1672 1736 1735
f 3296 3342 1673
f 3342 1736 1673
f 3297 3299 3345
f 3297 3345 3343
f 459 3300 1674
f 1737 3346 459
f 459 1674 1737
f 1737 1674 1675
f 1675 1676 1738
f 1675 1738 1737
f 1676 1677 1739
f 1676 1739 1738
f 458 1740 3298
f 3298 1740 1677
f 1677 1740 1739
f 458 3344 1740
f 3301 3347 1678
f 3347 1741 1678
f 1678 1741 1742
f 1678 1742 1679
f 1679 1742 1743
f 1679 1743 1680
f 1680 1743 1744
f 1680 1744 1681
f 1681 1744 3302
f 1744 3348 3302
f 1682 1745 3299
f 1745 3345 3299
f 1682 1683 1746
f 1682 1746 1745
f 1683 1684 1747
f 1683 1747 1746
f 1684 1685 1748
f 1684 1748 1747
f 1685 1686 1749
f 1685 1749 1748
f 459 1750 3300
f 3300 1750 1686
f 1686 1750 1749
f 459 3346 1750
f 1687 1751 3301
f 1751 3347 3301
f 1687 1688 1752
f 1687 1752 1751
f 1688 1689 1753
f 1688 1753 1752
f 1689 1690 1754
f 1689 1754 1753
f 3302 3348 1690
f 3348 1754 1690
f 3303 3349 1691
f 3349 1755 1691
f 1691 1755 1756
f 1691 1756 1692
f 1692 1756 1757
f 1692 1757 1693
f 1693 1757 1758
f 1693 1758 1694
f 1694 1758 1759
f 1694 1759 1695
f 1695 1759 1760
f 1695 1760 1696
f 1696 1760 1761
f 1696 1761 1697
f 1697 1761 1762
f 1697 1762 1698
f 1698 1762 1763
f 1698 1763 1699
f 1699 1763 1764
f 1699 1764 1700
f 1700 1764 1765
f 1700 1765 1701
f 1701 1765 1766
f 1701 1766 1702
f 1702 1766 1767
f 1702 1767 1703
f 1703 1767 1768
f 1703 1768 1704
f 1704 1768 1769
f 1704 1769 1705
f 1705 1769 1770
f 1705 1770 1706
f 1706 1770 3304
f 1770 3350 3304
f 3305 3351 1707
f 3351 1771 1707
f 1707 1771 1772
f 1707 1772 1708
f 1708 1772 3306
f 1772 3352 3306
f 1709 1773 3303
f 1773 3349 3303
f 1709 1710 1774
f 1709 1774 1773
f 1774 1710 3307
f 3353 1774 3307
f 3354 3308 1711
f 1775 3354 1711
f 1711 1712 1776
f 1711 1776 1775
f 1712 1713 1777
f 1712 1777 1776
f 1713 1714 1778
f 1713 1778 1777
f 1714 1715 1779
f 1714 1779 1778
f 3304 3350 1715
f 3350 1779 1715
f 3305 3309 3355
f 3305 3355 3351
f 3306 3352 3356
f 3306 3356 3310
f 1716 1780 3307
f 1780 3353 3307
f 1716 1717 1781
f 1716 1781 1780
f 1717 1718 1782
f 1717 1782 1781
f 1718 1719 1783
f 1718 1783 1782
f 1720 460 3357
f 3357 1783 1720
f 1720 1783 1719
f 1784 3358 460
f 460 1720 1784
f 1784 1720 1721
f 1721 1722 1785
f 1721 1785 1784
f 1722 1723 1786
f 1722 1786 1785
f 1723 1724 1787
f 1723 1787 1786
f 3308 3354 1724
f 3354 1787 1724
f 3309 3311 3359
f 3309 3359 3355
f 3310 3356 3360
f 3310 3360 3312
f 3357 460 1788
f 460 3358 1788
f 3311 3313 3361
f 3311 3361 3359
f 3312 3360 3362
f 3312 3362 3314
f 3313 3315 3363
f 3313 3363 3361
f 3314 3362 3364
f 3314 3364 3316
f 3315 3317 3365
f 3315 3365 3363
f 3316 3364 3366
f 3316 3366 3318
f 3317 3319 3367
f 3317 3367 3365
f 3318 3366 3368
f 3318 3368 3320
f 3319 3321 3369
f 3319 3369 3367
f 3320 3368 3370
f 3320 3370 3322
f 3321 3323 3371
f 3321 3371 3369
f 3322 3370 3372
f 3322 3372 3324
f 3323 3325 3373
f 3323 3373 3371
f 3324 3372 3374
f 3324 3374 3326
f 3325 3327 3375
f 3325 3375 3373
f 3326 3374 3376
f 3326 3376 3328
f 3327 3329 3377
f 3327 3377 3375
f 3328 3376 3378
f 3328 3378 3330
f 3329 3331 3379
f 3329 3379 3377
f 3330 3378 3380
f 3330 3380 3332
f 3331 3333 3381
f 3331 3381 3379
f 3332 3380 3382
f 3332 3382 3334
f 3333 3335 3383
f 3333 3383 3381
f 3334 3382 3384
f 3334 3384 3336
f 3335 3337 3385
f 3335 3385 3383
f 3336 3384 3386
f 3336 3386 3338
f 3337 3339 3387
f 3337 3387 3385
f 3338 3386 3388
f 3338 3388 3340
f 3339 3341 3389
f 3339 3389 3387
f 3340 3388 3390
f 3340 3390 3342
f 3343 3391 1725
f 3391 1789 1725
f 1725 1789 1790
f 1725 1790 1726
f 1726 1790 1791
f 1726 1791 1727
f 1727 1791 1792
f 1727 1792 1728
f 1728 1792 1793
f 1728 1793 1729
f 1729 1793 1794
f 1729 1794 1730
f 1730 1794 1795
f 1730 1795 1731
f 1731 1795 1796
f 1731 1796 1732
f 1732 1796 1797
f 1732 1797 1733
f 1733 1797 1798
f 1733 1798 1734
f 1734 1798 3344
f 1798 3392 3344
f 1735 1799 3341
f 1799 3389 3341
f 1735 1736 1800
f 1735 1800 1799
f 3342 3390 1736
f 3390 1800 1736
f 3343 3345 3393
f 3343 3393 3391
f 1801 3394 461
f 1801 461 3346
f 3346 1737 1801
f 1801 1737 1802
f 1737 1738 1803
f 1737 1803 1802
f 1738 1739 1804
f 1738 1804 1803
f 1739 1740 1805
f 1739 1805 1804
f 3344 3392 1740
f 3392 1805 1740
f 3347 3395 1741
f 3395 1806 1741
f 1741 1806 1807
f 1741 1807 1742
f 1742 1807 1808
f 1742 1808 1743
f 1743 1808 1809
f 1743 1809 1744
f 1744 1809 3348
f 1809 3396 3348
f 1745 1810 3345
f 1810 3393 3345
f 1745 1746 1811
f 1745 1811 1810
f 1746 1747 1812
f 1746 1812 1811
f 1747 1748 1813
f 1747 1813 1812
f 1748 1749 1814
f 1748 1814 1813
f 3394 1814 461
f 461 1814 1750
f 1750 1814 1749
f 461 1750 3346
f 1751 1815 3347
f 1815 3395 3347
f 1751 1752 1816
f 1751 1816 1815
f 1752 1753 1817
f 1752 1817 1816
f 1753 1754 1818
f 1753 1818 1817
f 3348 3396 1754
f 3396 1818 1754
f 3349 3397 1755
f 3397 1819 1755
f 1755 1819 1820
f 1755 1820 1756
f 1756 1820 1821
f 1756 1821 1757
f 1757 1821 1822
f 1757 1822 1758
f 1758 1822 1823
f 1758 1823 1759
f 1759 1823 1824
f 1759 1824 1760
f 1760 1824 1825
f 1760 1825 1761
f 1761 1825 1826
f 1761 1826 1762
f 1762 1826 1827
f 1762 1827 1763
f 1763 1827 1828
f 1763 1828 1764
f 1764 1828 1829
f 1764 1829 1765
f 1765 1829 1830
f 1765 1830 1766
f 1766 1830 1831
f 1766 1831 1767
f 1767 1831 1832
f 1767 1832 1768
f 1768 1832 1833
f 1768 1833 1769
f 1769 1833 1834
f 1769 1834 1770
f 1770 1834 3350
f 1834 3398 3350
f 3351 3399 1771
f 3399 1835 1771
f 1771 1835 1836
f 1771 1836 1772
f 1772 1836 3352
f 1836 3400 3352
f 1773 1837 3349
f 1837 3397 3349
f 1773 1774 1838
f 1773 1838 1837
f 1774 3353 462
f 462 1839 1774
f 1774 1839 1838
f 3401 1839 462
f 1840 3402 463
f 1840 463 3354
f 3354 1775 1840
f 1840 1775 1841
f 1775 1776 1842
f 1775 1842 1841
f 1776 1777 1843
f 1776 1843 1842
f 1777 1778 1844
f 1777 1844 1843
f 1778 1779 1845
f 1778 1845 1844
f 3350 3398 1779
f 3398 1845 1779
f 3351 3355 3403
f 3351 3403 3399
f 3352 3400 3404
f 3352 3404 3356
f 3353 1780 462
f 462 1780 3401
f 3401 1780 1846
f 1846 1780 1781
f 1781 1782 1847
f 1781 1847 1846
f 1782 1783 1848
f 1782 1848 1847
f 1783 3357 464
f 464 1849 1783
f 1783 1849 1848
f 1849 464 3358
f 3358 1784 1849
f 1849 1784 1850
f 1784 1785 1851
f 1784 1851 1850
f 1785 1786 1852
f 1785 1852 1851
f 3402 1852 463
f 463 1852 1787
f 1787 1852 1786
f 463 1787 3354
f 3355 3359 3405
f 3355 3405 3403
f 3356 3404 3406
f 3356 3406 3360
f 3357 1788 464
f 464 1788 3358
f 3359 3361 3407
f 3359 3407 3405
f 3360 3406 3408
f 3360 3408 3362
f 3361 3363 3409
f 3361 3409 3407
f 3362 3408 3410
f 3362 3410 3364
f 3363 3365 3411
f 3363 3411 3409
f 3364 3410 3412
f 3364 3412 3366
f 3365 3367 3413
f 3365 3413 3411
f 3366 3412 3414
f 3366 3414 3368
f 3367 3369 3415
f 3367 3415 3413
f 3368 3414 3416
f 3368 3416 3370
f 3369 3371 3417
f 3369 3417 3415
f 3370 3416 3418
f 3370 3418 3372
f 3371 3373 3419
f 3371 3419 3417
f 3372 3418 3420
f 3372 3420 3374
f 3373 3375 3421
f 3373 3421 3419
f 3374 3420 3422
f 3374 3422 3376
f 3375 3377 3423
f 3375 3423 3421
f 3376 3422 3424
f 3376 3424 3378
f 3377 3379 3425
f 3377 3425 3423
f 3378 3424 3426
f 3378 3426 3380
f 3379 3381 3427
f 3379 3427 3425
f 3380 3426 3428
f 3380 3428 3382
f 3381 3383 3429
f 3381 3429 3427
f 3382 3428 3430
f 3382 3430 3384
f 3383 3385 3431
f 3383 3431 3429
f 3384 3430 3432
f 3384 3432 3386
f 3385 3387 3433
f 3385 3433 3431
f 3386 3432 3434
f 3386 3434 3388
f 3387 3389 3435
f 3387 3435 3433
f 3388 3434 3436
f 3388 3436 3390
f 3391 3437 1789
f 3437 1853 1789
f 1789 1853 1854
f 1789 1854 1790
f 1790 1854 1855
f 1790 1855 1791
f 1791 1855 1856
f 1791 1856 1792
f 1792 1856 1857
f 1792 1857 1793
f 1793 1857 1858
f 1793 1858 1794
f 1794 1858 1859
f 1794 1859 1795
f 1795 1859 1860
f 1795 1860 1796
f 1796 1860 1861
f 1796 1861 1797
f 465 1798 3438
f 3438 1798 1861
f 1861 1798 1797
f 1798 465 3392
f 1799 1862 3389
f 1862 3435 3389
f 1799 1800 1863
f 1799 1863 1862
f 3390 3436 1800
f 3436 1863 1800
f 3391 3393 3439
f 3391 3439 3437
f 466 3394 1801
f 1864 3440 466
f 466 1801 1864
f 1864 1801 1802
f 1802 1803 1865
f 1802 1865 1864
f 1803 1804 1866
f 1803 1866 1865
f 3438 1866 465
f 465 1866 1805
f 1805 1866 1804
f 465 1805 3392
f 3395 3441 1806
f 3441 1867 1806
f 1806 1867 1868
f 1806 1868 1807
f 1807 1868 1869
f 1807 1869 1808
f 1808 1869 1870
f 1808 1870 1809
f 1809 1870 3396
f 1870 3442 3396
f 1810 1871 3393
f 1871 3439 3393
f 1810 1811 1872
f 1810 1872 1871
f 1811 1812 1873
f 1811 1873 1872
f 1812 1813 1874
f 1812 1874 1873
f 1813 1814 1875
f 1813 1875 1874
f 466 1876 3394
f 3394 1876 1814
f 1814 1876 1875
f 466 3440 1876
f 1815 1877 3395
f 1877 3441 3395
f 1815 1816 1878
f 1815 1878 1877
f 1816 1817 1879
f 1816 1879 1878
f 1817 1818 1880
f 1817 1880 1879
f 3396 3442 1818
f 3442 1880 1818
f 3397 3443 1819
f 3443 1881 1819
f 1819 1881 1882
f 1819 1882 1820
f 1820 1882 1883
f 1820 1883 1821
f 1821 1883 1884
f 1821 1884 1822
f 1822 1884 1885
f 1822 1885 1823
f 1823 1885 1886
f 1823 1886 1824
f 1824 1886 1887
f 1824 1887 1825
f 1825 1887 1888
f 1825 1888 1826
f 1826 1888 1889
f 1826 1889 1827
f 1827 1889 1890
f 1827 1890 1828
f 1828 1890 1891
f 1828 1891 1829
f 1829 1891 1892
f 1829 1892 1830
f 1830 1892 1893
f 1830 1893 1831
f 1831 1893 1894
f 1831 1894 1832
f 1832 1894 1895
f 1832 1895 1833
f 1833 1895 1896
f 1833 1896 1834
f 1834 1896 3398
f 1896 3444 3398
f 3399 3445 1835
f 3445 1897 1835
f 1835 1897 1898
f 1835 1898 1836
f 1836 1898 3400
f 1898 3446 3400
f 1837 1899 3397
f 1899 3443 3397
f 1837 1838 1900
f 1837 1900 1899
f 1838 1839 1901
f 1838 1901 1900
f 1839 3401 467
f 467 1902 1839
f 1839 1902 1901
f 3447 1902 467
f 1903 3448 468
f 1903 468 3402
f 3402 1840 1903
f 1903 1840 1904
f 1840 1841 1905
f 1840 1905 1904
f 1841 1842 1906
f 1841 1906 1905
f 1842 1843 1907
f 1842 1907 1906
f 1843 1844 1908
f 1843 1908 1907
f 1844 1845 1909
f 1844 1909 1908
f 3398 3444 1845
f 3444 1909 1845
f 3399 3403 3449
f 3399 3449 3445
f 3400 3446 3450
f 3400 3450 3404
f 3401 1846 467
f 467 1846 3447
f 3447 1846 1910
f 1910 1846 1847
f 1847 1848 1911
f 1847 1911 1910
f 1848 1849 1912
f 1848 1912 1911
f 1849 1850 1913
f 1849 1913 1912
f 1850 1851 1914
f 1850 1914 1913
f 3448 1914 468
f 468 1914 1852
f 1852 1914 1851
f 468 1852 3402
f 3403 3405 3451
f 3403 3451 3449
f 3404 3450 3452
f 3404 3452 3406
f 3405 3407 3453
f 3405 3453 3451
f 3406 3452 3454
f 3406 3454 3408
f 3407 3409 3455
f 3407 3455 3453
f 3408 3454 3456
f 3408 3456 3410
f 3409 3411 3457
f 3409 3457 3455
f 3410 3456 3458
f 3410 3458 3412
f 3411 3413 3459
f 3411 3459 3457
f 3412 3458 3460
f 3412 3460 3414
f 3413 3415 3461
f 3413 3461 3459
f 3414 3460 3462
f 3414 3462 3416
f 3463 1915 469
f 1915 3464 469
f 3415 3417 3465
f 3415 3465 3461
f 3416 3462 3466
f 3416 3466 3418
f 469 470 3463
f 470 3467 3463
f 3464 3468 469
f 3468 470 469
f 3417 3419 3469
f 3417 3469 3465
f 3418 3466 3470
f 3418 3470 3420
f 470 471 3467
f 471 3471 3467
f 3468 3472 470
f 3472 471 470
f 3419 3421 3473
f 3419 3473 3469
f 3420 3470 3474
f 3420 3474 3422
f 3471 471 1916
f 471 3472 1916
f 3421 3423 3475
f 3421 3475 3473
f 3422 3474 3476
f 3422 3476 3424
f 3423 3425 3477
f 3423 3477 3475
f 3424 3476 3478
f 3424 3478 3426
f 3425 3427 3479
f 3425 3479 3477
f 3426 3478 3480
f 3426 3480 3428
f 3427 3429 3481
f 3427 3481 3479
f 3428 3480 3482
f 3428 3482 3430
f 3429 3431 3483
f 3429 3483 3481
f 3430 3482 3484
f 3430 3484 3432
f 3431 3433 3485
f 3431 3485 3483
f 3432 3484 3486
f 3432 3486 3434
f 3433 3435 3487
f 3433 3487 3485
f 3434 3486 3488
f 3434 3488 3436
f 3437 3489 1853
f 3489 1917 1853
f 1853 1917 1918
f 1853 1918 1854
f 1854 1918 1919
f 1854 1919 1855
f 1855 1919 1920
f 1855 1920 1856
f 1856 1920 1921
f 1856 1921 1857
f 1857 1921 1922
f 1857 1922 1858
f 1858 1922 1923
f 1858 1923 1859
f 1859 1923 1924
f 1859 1924 1860
f 1860 1924 1925
f 1860 1925 1861
f 1861 1925 3438
f 1925 3490 3438
f 1862 1926 3435
f 1926 3487 3435
f 1862 1863 1927
f 1862 1927 1926
f 3436 3488 1863
f 3488 1927 1863
f 3437 3439 3491
f 3437 3491 3489
f 3492 3440 1864
f 1928 3492 1864
f 1864 1865 1929
f 1864 1929 1928
f 1865 1866 1930
f 1865 1930 1929
f 3438 3490 1866
f 3490 1930 1866
f 3441 3493 1867
f 3493 1931 1867
f 1867 1931 1932
f 1867 1932 1868
f 1868 1932 1933
f 1868 1933 1869
f 1869 1933 1934
f 1869 1934 1870
f 1870 1934 3442
f 1934 3494 3442
f 1871 1935 3439
f 1935 3491 3439
f 1871 1872 1936
f 1871 1936 1935
f 1872 1873 1937
f 1872 1937 1936
f 1873 1874 1938
f 1873 1938 1937
f 1874 1875 1939
f 1874 1939 1938
f 1875 1876 1940
f 1875 1940 1939
f 3440 3492 1876
f 3492 1940 1876
f 1877 1941 3441
f 1941 3493 3441
f 1877 1878 1942
f 1877 1942 1941
f 1878 1879 1943
f 1878 1943 1942
f 1879 1880 1944
f 1879 1944 1943
f 3442 3494 1880
f 3494 1944 1880
f 3443 3495 1881
f 3495 1945 1881
f 1881 1945 1946
f 1881 1946 1882
f 1882 1946 1947
f 1882 1947 1883
f 1883 1947 1948
f 1883 1948 1884
f 1884 1948 1949
f 1884 1949 1885
f 1885 1949 1950
f 1885 1950 1886
f 1886 1950 1951
f 1886 1951 1887
f 1887 1951 1952
f 1887 1952 1888
f 1888 1952 1953
f 1888 1953 1889
f 1889 1953 1954
f 1889 1954 1890
f 1890 1954 1955
f 1890 1955 1891
f 1891 1955 1956
f 1891 1956 1892
f 1892 1956 1957
f 1892 1957 1893
f 1893 1957 1958
f 1893 1958 1894
f 1894 1958 1959
f 1894 1959 1895
f 1895 1959 1960
f 1895 1960 1896
f 1896 1960 3444
f 1960 3496 3444
f 3445 3497 1897
f 3497 1961 1897
f 1897 1961 1962
f 1897 1962 1898
f 1898 1962 3446
f 1962 3498 3446
f 1899 1963 3443
f 1963 3495 3443
f 1899 1900 1964
f 1899 1964 1963
f 1900 1901 1965
f 1900 1965 1964
f 1901 1902 1966
f 1901 1966 1965
f 1902 3447 472
f 472 1967 1902
f 1902 1967 1966
f 3499 1967 472
f 1968 3500 473
f 1968 473 3448
f 3448 1903 1968
f 1968 1903 1969
f 1903 1904 1970
f 1903 1970 1969
f 1904 1905 1971
f 1904 1971 1970
f 1905 1906 1972
f 1905 1972 1971
f 1906 1907 1973
f 1906 1973 1972
f 1907 1908 1974
f 1907 1974 1973
f 1908 1909 1975
f 1908 1975 1974
f 3444 3496 1909
f 3496 1975 1909
f 3445 3449 3501
f 3445 3501 3497
f 3446 3498 3502
f 3446 3502 3450
f 3447 1910 472
f 472 1910 3499
f 3499 1910 1976
f 1976 1910 1911
f 1911 1912 1977
f 1911 1977 1976
f 1912 1913 1978
f 1912 1978 1977
f 3500 1978 473
f 473 1978 1914
f 1914 1978 1913
f 473 1914 3448
f 3449 3451 3503
f 3449 3503 3501
f 3450 3502 3504
f 3450 3504 3452
f 3451 3453 3505
f 3451 3505 3503
f 3452 3504 3506
f 3452 3506 3454
f 3453 3455 3507
f 3453 3507 3505
f 3454 3506 3508
f 3454 3508 3456
f 3455 3457 3509
f 3455 3509 3507
f 3456 3508 3510
f 3456 3510 3458
f 3511 1979 474
f 1979 3512 474
f 3457 3459 3513
f 3457 3513 3509
f 3458 3510 3514
f 3458 3514 3460
f 474 475 3511
f 475 3515 3511
f 1980 476 3512
f 3512 476 474
f 474 476 475
f 1980 3516 476
f 3459 3461 3517
f 3459 3517 3513
f 3460 3514 3518
f 3460 3518 3462
f 1915 3463 475
f 475 3463 3515
f 3515 3463 3519
f 477 3464 1915
f 1915 475 477
f 477 475 476
f 3516 3520 476
f 3520 477 476
f 3461 3465 3521
f 3461 3521 3517
f 3462 3518 3522
f 3462 3522 3466
f 3523 1981 478
f 3467 478 1981
f 1981 3519 3467
f 3467 3519 3463
f 3468 3464 477
f 479 3468 477
f 3520 3524 477
f 3524 479 477
f 3465 3469 3525
f 3465 3525 3521
f 3466 3522 3526
f 3466 3526 3470
f 3523 478 1982
f 3527 1982 478
f 478 3467 3527
f 3527 3467 3471
f 3472 3468 479
f 480 3472 479
f 3524 3528 479
f 3528 480 479
f 3469 3473 3529
f 3469 3529 3525
f 3470 3526 3530
f 3470 3530 3474
f 481 3531 1916
f 1916 3531 3471
f 3471 3531 3527
f 3472 481 1916
f 3472 3532 481
f 3472 480 3532
f 480 1983 3532
f 480 3528 1983
f 3473 3475 3533
f 3473 3533 3529
f 3474 3530 3534
f 3474 3534 3476
f 3531 481 1984
f 481 3532 1984
f 3475 3477 3535
f 3475 3535 3533
f 3476 3534 3536
f 3476 3536 3478
f 3477 3479 3537
f 3477 3537 3535
f 3478 3536 3538
f 3478 3538 3480
f 3479 3481 3539
f 3479 3539 3537
f 3480 3538 3540
f 3480 3540 3482
f 3481 3483 3541
f 3481 3541 3539
f 3482 3540 3542
f 3482 3542 3484
f 3483 3485 3543
f 3483 3543 3541
f 3484 3542 3544
f 3484 3544 3486
f 3485 3487 3545
f 3485 3545 3543
f 3486 3544 3546
f 3486 3546 3488
f 3489 482 1917
f 3547 1985 482
f 482 1985 1917
f 1917 1985 1918
f 1918 1985 1986
f 1918 1986 1919
f 1919 1986 1987
f 1919 1987 1920
f 1920 1987 1988
f 1920 1988 1921
f 1921 1988 1989
f 1921 1989 1922
f 1922 1989 1990
f 1922 1990 1923
f 1923 1990 1991
f 1923 1991 1924
f 483 1925 3548
f 3548 1925 1991
f 1991 1925 1924
f 1925 483 3490
f 1926 1992 3487
f 1992 3545 3487
f 1926 1927 1993
f 1926 1993 1992
f 3488 3546 1927
f 3546 1993 1927
f 482 3489 1994
f 1994 3489 3549
f 3549 3489 3491
f 3547 482 1994
f 1995 3550 484
f 1995 484 3492
f 3492 1928 1995
f 1995 1928 1996
f 1928 1929 1997
f 1928 1997 1996
f 3548 1997 483
f 483 1997 1930
f 1930 1997 1929
f 483 1930 3490
f 3493 485 1931
f 3551 1998 485
f 485 1998 1931
f 1931 1998 1932
f 1932 1998 1999
f 1932 1999 1933
f 1933 1999 2000
f 1933 2000 1934
f 1934 2000 3494
f 2000 3552 3494
f 1935 2001 3491
f 2001 3549 3491
f 1935 1936 2002
f 1935 2002 2001
f 1936 1937 2003
f 1936 2003 2002
f 1937 1938 2004
f 1937 2004 2003
f 1938 1939 2005
f 1938 2005 2004
f 3550 2005 484
f 484 2005 1940
f 1940 2005 1939
f 484 1940 3492
f 3493 1941 485
f 485 1941 3551
f 3551 1941 2006
f 2006 1941 1942
f 1942 1943 2007
f 1942 2007 2006
f 1943 1944 2008
f 1943 2008 2007
f 3494 3552 1944
f 3552 2008 1944
f 3495 3553 1945
f 3553 2009 1945
f 1945 2009 2010
f 1945 2010 1946
f 1946 2010 2011
f 1946 2011 1947
f 1947 2011 2012
f 1947 2012 1948
f 1948 2012 2013
f 1948 2013 1949
f 1949 2013 2014
f 1949 2014 1950
f 1950 2014 2015
f 1950 2015 1951
f 1951 2015 2016
f 1951 2016 1952
f 1952 2016 2017
f 1952 2017 1953
f 1953 2017 2018
f 1953 2018 1954
f 1954 2018 2019
f 1954 2019 1955
f 1955 2019 2020
f 1955 2020 1956
f 1956 2020 2021
f 1956 2021 1957
f 1957 2021 2022
f 1957 2022 1958
f 1958 2022 2023
f 1958 2023 1959
f 1959 2023 2024
f 1959 2024 1960
f 1960 2024 3496
f 2024 3554 3496
f 3497 3555 1961
f 3555 2025 1961
f 1961 2025 2026
f 1961 2026 1962
f 1962 2026 3498
f 2026 3556 3498
f 1963 2027 3495
f 2027 3553 3495
f 1963 1964 2028
f 1963 2028 2027
f 1964 1965 2029
f 1964 2029 2028
f 1965 1966 2030
f 1965 2030 2029
f 1966 1967 2031
f 1966 2031 2030
f 1967 3499 486
f 486 2032 1967
f 1967 2032 2031
f 2033 2032 486
f 487 2033 486
f 2034 2033 487
f 488 2034 487
f 2034 488 3500
f 3500 1968 2034
f 2034 1968 2035
f 1968 1969 2036
f 1968 2036 2035
f 1969 1970 2037
f 1969 2037 2036
f 1970 1971 2038
f 1970 2038 2037
f 1971 1972 2039
f 1971 2039 2038
f 1972 1973 2040
f 1972 2040 2039
f 1973 1974 2041
f 1973 2041 2040
f 1974 1975 2042
f 1974 2042 2041
f 3496 3554 1975
f 3554 2042 1975
f 3497 3501 3557
f 3497 3557 3555
f 3498 3556 3558
f 3498 3558 3502
f 3499 1976 486
f 1976 1977 486
f 1977 487 486
f 1977 1978 487
f 1978 488 487
f 488 1978 3500
f 3501 3503 3559
f 3501 3559 3557
f 3502 3558 3560
f 3502 3560 3504
f 3503 3505 3561
f 3503 3561 3559
f 3504 3560 3562
f 3504 3562 3506
f 3505 3507 3563
f 3505 3563 3561
f 3506 3562 3564
f 3506 3564 3508
f 3507 3509 3565
f 3507 3565 3563
f 3508 3564 3566
f 3508 3566 3510
f 3511 3567 1979
f 3567 2043 1979
f 1979 2043 3512
f 2043 3568 3512
f 3509 3513 3569
f 3509 3569 3565
f 3510 3566 3570
f 3510 3570 3514
f 3511 3515 3571
f 3511 3571 3567
f 2044 1980 3512
f 3568 2044 3512
f 1980 2044 3516
f 2044 3572 3516
f 3513 3517 3573
f 3513 3573 3569
f 3514 3570 3574
f 3514 3574 3518
f 3575 2045 489
f 3519 489 2045
f 2045 3571 3519
f 3519 3571 3515
f 3516 3572 3576
f 3516 3576 3520
f 3517 3521 3577
f 3517 3577 3573
f 3574 2046 490
f 490 3522 3574
f 3574 3522 3518
f 2046 2047 490
f 2047 491 490
f 2047 2048 491
f 2048 492 491
f 2048 2049 492
f 2049 493 492
f 2049 2050 493
f 2050 494 493
f 2050 2051 494
f 2051 495 494
f 2051 2052 495
f 2052 496 495
f 2052 2053 496
f 2053 497 496
f 2053 2054 497
f 2054 498 497
f 2054 2055 498
f 2055 499 498
f 2055 2056 499
f 2056 500 499
f 2056 2057 500
f 2057 501 500
f 2057 2058 501
f 2058 502 501
f 2058 2059 502
f 2059 503 502
f 2059 2060 503
f 2060 504 503
f 2060 2061 504
f 2061 505 504
f 2061 2062 505
f 2062 506 505
f 2062 2063 506
f 2063 507 506
f 2063 2064 507
f 2064 508 507
f 2064 2065 508
f 2065 509 508
f 2065 2066 509
f 2066 510 509
f 2066 2067 510
f 2067 511 510
f 2067 2068 511
f 2068 512 511
f 2068 2069 512
f 2069 513 512
f 2069 2070 513
f 2070 514 513
f 2070 2071 514
f 2071 515 514
f 2071 2072 515
f 2072 516 515
f 2072 2073 516
f 2073 517 516
f 2073 2074 517
f 2074 518 517
f 2074 2075 518
f 2075 519 518
f 2075 2076 519
f 2076 520 519
f 2076 2077 520
f 2077 521 520
f 2077 2078 521
f 2078 522 521
f 2078 2079 522
f 2079 523 522
f 2079 2080 523
f 2080 524 523
f 2080 2081 524
f 2081 525 524
f 2081 2082 525
f 2082 526 525
f 2082 2083 526
f 2083 527 526
f 2083 2084 527
f 2084 528 527
f 2084 2085 528
f 2085 529 528
f 2085 2086 529
f 2086 530 529
f 2086 2087 530
f 2087 531 530
f 2087 2088 531
f 2088 532 531
f 2088 2089 532
f 2089 533 532
f 2089 2090 533
f 2090 534 533
f 2090 2091 534
f 2091 535 534
f 2091 2092 535
f 2092 536 535
f 2092 2093 536
f 2093 537 536
f 2093 2094 537
f 2094 538 537
f 2094 2095 538
f 2095 539 538
f 2095 2096 539
f 2096 540 539
f 2096 2097 540
f 2097 541 540
f 2097 2098 541
f 2098 542 541
f 2098 2099 542
f 2099 543 542
f 2099 2100 543
f 2100 544 543
f 2100 2101 544
f 2101 545 544
f 2101 2102 545
f 2102 546 545
f 2102 2103 546
f 2103 547 546
f 2103 2104 547
f 2104 548 547
f 2104 2105 548
f 2105 549 548
f 2105 2106 549
f 2106 550 549
f 2106 2107 550
f 2107 551 550
f 2107 2108 551
f 2108 552 551
f 2108 2109 552
f 2109 553 552
f 2109 2110 553
f 2110 554 553
f 2110 2111 554
f 2111 555 554
f 2111 2112 555
f 2112 556 555
f 2112 2113 556
f 2113 557 556
f 2113 2114 557
f 2114 558 557
f 2114 2115 558
f 2115 559 558
f 2115 2116 559
f 2116 560 559
f 2116 2117 560
f 2117 561 560
f 2117 2118 561
f 2118 562 561
f 2118 2119 562
f 2119 563 562
f 2119 2120 563
f 2120 564 563
f 2120 2121 564
f 2121 565 564
f 2121 2122 565
f 2122 566 565
f 2122 2123 566
f 2123 567 566
f 2123 2124 567
f 2124 568 567
f 2124 2125 568
f 2125 569 568
f 2125 2126 569
f 2126 570 569
f 2126 2127 570
f 2127 571 570
f 2127 2128 571
f 2128 572 571
f 2128 2129 572
f 2129 573 572
f 2129 2130 573
f 2130 574 573
f 2130 2131 574
f 2131 575 574
f 2131 2132 575
f 2132 576 575
f 2132 2133 576
f 2133 577 576
f 2133 2134 577
f 2134 578 577
f 2134 2135 578
f 2135 579 578
f 2135 2136 579
f 2136 580 579
f 2136 2137 580
f 2137 581 580
f 2137 2138 581
f 2138 582 581
f 2138 2139 582
f 2139 583 582
f 2139 3578 583
f 3579 2140 584
f 2140 2141 584
f 2141 585 584
f 2141 2142 585
f 2142 586 585
f 2142 2143 586
f 2143 587 586
f 2143 2144 587
f 2144 588 587
f 2144 2145 588
f 2145 589 588
f 2145 2146 589
f 2146 590 589
f 2146 2147 590
f 2147 591 590
f 2147 2148 591
f 2148 592 591
f 2148 2149 592
f 2149 593 592
f 2149 2150 593
f 2150 594 593
f 2150 2151 594
f 2151 595 594
f 2151 2152 595
f 2152 596 595
f 2152 2153 596
f 2153 597 596
f 2153 2154 597
f 2154 598 597
f 2154 2155 598
f 2155 599 598
f 2155 2156 599
f 2156 600 599
f 2156 2157 600
f 2157 601 600
f 2157 2158 601
f 2158 602 601
f 2158 2159 602
f 2159 603 602
f 2159 2160 603
f 2160 604 603
f 2160 2161 604
f 2161 605 604
f 2161 2162 605
f 2162 606 605
f 2162 2163 606
f 2163 607 606
f 2163 2164 607
f 2164 608 607
f 2164 3523 608
f 2164 1981 3523
f 2164 3575 1981
f 3575 489 1981
f 1981 489 3519
f 3520 3576 3580
f 3520 3580 3524
f 3521 3525 3581
f 3521 3581 3577
f 3526 3522 490
f 609 3526 490
f 490 491 610
f 490 610 609
f 491 492 611
f 491 611 610
f 492 493 612
f 492 612 611
f 493 494 613
f 493 613 612
f 494 495 614
f 494 614 613
f 495 496 615
f 495 615 614
f 496 497 616
f 496 616 615
f 497 498 617
f 497 617 616
f 498 499 618
f 498 618 617
f 499 500 619
f 499 619 618
f 500 501 620
f 500 620 619
f 501 502 621
f 501 621 620
f 502 503 622
f 502 622 621
f 503 504 623
f 503 623 622
f 504 505 624
f 504 624 623
f 505 506 625
f 505 625 624
f 506 507 626
f 506 626 625
f 507 508 627
f 507 627 626
f 508 509 628
f 508 628 627
f 509 510 629
f 509 629 628
f 510 511 630
f 510 630 629
f 511 512 631
f 511 631 630
f 512 513 632
f 512 632 631
f 513 514 633
f 513 633 632
f 514 515 634
f 514 634 633
f 515 516 635
f 515 635 634
f 516 517 636
f 516 636 635
f 517 518 637
f 517 637 636
f 518 519 638
f 518 638 637
f 519 520 639
f 519 639 638
f 520 521 640
f 520 640 639
f 521 522 641
f 521 641 640
f 522 523 642
f 522 642 641
f 523 524 643
f 523 643 642
f 524 525 644
f 524 644 643
f 525 526 645
f 525 645 644
f 526 527 646
f 526 646 645
f 527 528 647
f 527 647 646
f 528 529 648
f 528 648 647
f 529 530 649
f 529 649 648
f 530 531 650
f 530 650 649
f 531 532 651
f 531 651 650
f 532 533 652
f 532 652 651
f 533 534 653
f 533 653 652
f 534 535 654
f 534 654 653
f 535 536 655
f 535 655 654
f 536 537 656
f 536 656 655
f 537 538 657
f 537 657 656
f 538 539 658
f 538 658 657
f 539 540 659
f 539 659 658
f 540 541 660
f 540 660 659
f 541 542 661
f 541 661 660
f 542 543 662
f 542 662 661
f 543 544 663
f 543 663 662
f 544 545 664
f 544 664 663
f 545 546 665
f 545 665 664
f 546 547 666
f 546 666 665
f 547 548 667
f 547 667 666
f 548 549 668
f 548 668 667
f 549 550 669
f 549 669 668
f 550 551 670
f 550 670 669
f 551 552 671
f 551 671 670
f 552 553 672
f 552 672 671
f 553 554 673
f 553 673 672
f 554 555 674
f 554 674 673
f 555 556 675
f 555 675 674
f 556 557 676
f 556 676 675
f 557 558 677
f 557 677 676
f 558 559 678
f 558 678 677
f 559 560 679
f 559 679 678
f 560 561 680
f 560 680 679
f 561 562 681
f 561 681 680
f 562 563 682
f 562 682 681
f 563 564 683
f 563 683 682
f 564 565 684
f 564 684 683
f 565 566 685
f 565 685 684
f 566 567 686
f 566 686 685
f 567 568 687
f 567 687 686
f 568 569 688
f 568 688 687
f 569 570 689
f 569 689 688
f 570 571 690
f 570 690 689
f 571 572 691
f 571 691 690
f 572 573 692
f 572 692 691
f 573 574 693
f 573 693 692
f 574 575 694
f 574 694 693
f 575 576 695
f 575 695 694
f 576 577 696
f 576 696 695
f 577 578 697
f 577 697 696
f 578 579 698
f 578 698 697
f 579 580 699
f 579 699 698
f 3582 699 2165
f 2165 699 581
f 581 699 580
f 581 582 2165
f 582 2166 2165
f 582 583 2166
f 583 2167 2166
f 583 3578 2167
f 3579 584 2168
f 584 585 2168
f 585 2169 2168
f 2169 585 3583
f 3583 585 700
f 700 585 586
f 586 587 701
f 586 701 700
f 587 588 702
f 587 702 701
f 588 589 703
f 588 703 702
f 589 590 704
f 589 704 703
f 590 591 705
f 590 705 704
f 591 592 706
f 591 706 705
f 592 593 707
f 592 707 706
f 593 594 708
f 593 708 707
f 594 595 709
f 594 709 708
f 595 596 710
f 595 710 709
f 596 597 711
f 596 711 710
f 597 598 712
f 597 712 711
f 598 599 713
f 598 713 712
f 599 600 714
f 599 714 713
f 600 601 715
f 600 715 714
f 601 602 716
f 601 716 715
f 602 603 717
f 602 717 716
f 603 604 718
f 603 718 717
f 604 605 719
f 604 719 718
f 605 606 720
f 605 720 719
f 606 607 721
f 606 721 720
f 607 608 722
f 607 722 721
f 608 3523 1982
f 1982 723 608
f 608 723 722
f 723 1982 3527
f 3524 3580 3584
f 3524 3584 3528
f 3525 3529 3585
f 3525 3585 3581
f 3526 609 2170
f 2170 3586 3526
f 3526 3586 3530
f 609 610 2170
f 610 2171 2170
f 610 611 2171
f 611 2172 2171
f 611 612 2172
f 612 2173 2172
f 612 613 2173
f 613 2174 2173
f 613 614 2174
f 614 2175 2174
f 614 615 2175
f 615 2176 2175
f 615 616 2176
f 616 2177 2176
f 616 617 2177
f 617 2178 2177
f 617 618 2178
f 618 2179 2178
f 618 619 2179
f 619 2180 2179
f 619 620 2180
f 620 2181 2180
f 620 621 2181
f 621 2182 2181
f 621 622 2182
f 622 2183 2182
f 622 623 2183
f 623 2184 2183
f 623 624 2184
f 624 2185 2184
f 624 625 2185
f 625 2186 2185
f 625 626 2186
f 626 2187 2186
f 626 627 2187
f 627 2188 2187
f 627 628 2188
f 628 2189 2188
f 628 629 2189
f 629 2190 2189
f 629 630 2190
f 630 2191 2190
f 630 631 2191
f 631 2192 2191
f 631 632 2192
f 632 2193 2192
f 632 633 2193
f 633 2194 2193
f 633 634 2194
f 634 2195 2194
f 634 635 2195
f 635 2196 2195
f 635 636 2196
f 636 2197 2196
f 636 637 2197
f 637 2198 2197
f 637 638 2198
f 638 2199 2198
f 638 639 2199
f 639 2200 2199
f 639 640 2200
f 640 2201 2200
f 640 641 2201
f 641 2202 2201
f 641 642 2202
f 642 2203 2202
f 642 643 2203
f 643 2204 2203
f 643 644 2204
f 644 2205 2204
f 644 645 2205
f 645 2206 2205
f 645 646 2206
f 646 2207 2206
f 646 647 2207
f 647 2208 2207
f 647 648 2208
f 648 2209 2208
f 648 649 2209
f 649 2210 2209
f 649 650 2210
f 650 2211 2210
f 650 651 2211
f 651 2212 2211
f 651 652 2212
f 652 2213 2212
f 652 653 2213
f 653 2214 2213
f 653 654 2214
f 654 2215 2214
f 654 655 2215
f 655 2216 2215
f 655 656 2216
f 656 2217 2216
f 656 657 2217
f 657 2218 2217
f 657 658 2218
f 658 2219 2218
f 658 659 2219
f 659 2220 2219
f 659 660 2220
f 660 2221 2220
f 660 661 2221
f 661 2222 2221
f 661 662 2222
f 662 2223 2222
f 662 663 2223
f 663 2224 2223
f 663 664 2224
f 664 2225 2224
f 664 665 2225
f 665 2226 2225
f 665 666 2226
f 666 2227 2226
f 666 667 2227
f 667 2228 2227
f 667 668 2228
f 668 2229 2228
f 668 669 2229
f 669 2230 2229
f 669 670 2230
f 670 2231 2230
f 670 671 2231
f 671 2232 2231
f 671 672 2232
f 672 2233 2232
f 672 673 2233
f 673 2234 2233
f 673 674 2234
f 674 2235 2234
f 674 675 2235
f 675 2236 2235
f 675 676 2236
f 676 2237 2236
f 676 677 2237
f 677 2238 2237
f 677 678 2238
f 678 2239 2238
f 678 679 2239
f 679 2240 2239
f 679 680 2240
f 680 2241 2240
f 680 681 2241
f 681 2242 2241
f 681 682 2242
f 682 2243 2242
f 682 683 2243
f 683 2244 2243
f 683 684 2244
f 684 2245 2244
f 684 685 2245
f 685 2246 2245
f 685 686 2246
f 686 2247 2246
f 686 687 2247
f 687 2248 2247
f 687 688 2248
f 688 2249 2248
f 688 689 2249
f 689 2250 2249
f 689 690 2250
f 690 2251 2250
f 690 691 2251
f 691 2252 2251
f 691 692 2252
f 692 2253 2252
f 692 693 2253
f 693 2254 2253
f 693 694 2254
f 694 2255 2254
f 694 695 2255
f 695 2256 2255
f 695 696 2256
f 696 2257 2256
f 696 697 2257
f 697 2258 2257
f 697 698 2258
f 698 2259 2258
f 698 699 2259
f 699 2260 2259
f 699 3582 2260
f 3583 700 2261
f 700 701 2261
f 701 2262 2261
f 701 702 2262
f 702 2263 2262
f 702 703 2263
f 703 2264 2263
f 703 704 2264
f 704 2265 2264
f 704 705 2265
f 705 2266 2265
f 705 706 2266
f 706 2267 2266
f 706 707 2267
f 707 2268 2267
f 707 708 2268
f 708 2269 2268
f 708 709 2269
f 709 2270 2269
f 709 710 2270
f 710 2271 2270
f 710 711 2271
f 711 2272 2271
f 711 712 2272
f 712 2273 2272
f 712 713 2273
f 713 2274 2273
f 713 714 2274
f 714 2275 2274
f 714 715 2275
f 715 2276 2275
f 715 716 2276
f 716 2277 2276
f 716 717 2277
f 717 2278 2277
f 717 718 2278
f 718 2279 2278
f 718 719 2279
f 719 2280 2279
f 719 720 2280
f 720 2281 2280
f 720 721 2281
f 721 2282 2281
f 721 722 2282
f 722 2283 2282
f 2283 722 3587
f 3587 722 724
f 724 722 723
f 724 723 3527
f 3531 724 3527
f 725 3532 1983
f 1983 3528 725
f 725 3528 3588
f 3588 3528 3584
f 3529 3533 3589
f 3529 3589 3585
f 3530 3586 3590
f 3530 3590 3534
f 3587 724 2284
f 724 3591 2284
f 724 726 3591
f 724 3531 726
f 3531 1984 726
f 3532 726 1984
f 3532 3592 726
f 3532 725 3592
f 725 2285 3592
f 725 3588 2285
f 3533 3535 3593
f 3533 3593 3589
f 3534 3590 3594
f 3534 3594 3536
f 3591 726 2286
f 726 3592 2286
f 3535 3537 3595
f 3535 3595 3593
f 3536 3594 3596
f 3536 3596 3538
f 3537 3539 3597
f 3537 3597 3595
f 3538 3596 3598
f 3538 3598 3540
f 3539 3541 3599
f 3539 3599 3597
f 3540 3598 3600
f 3540 3600 3542
f 3541 3543 3601
f 3541 3601 3599
f 3542 3600 3602
f 3542 3602 3544
f 3543 3545 3603
f 3543 3603 3601
f 3544 3602 3604
f 3544 3604 3546
f 3547 727 1985
f 727 728 1985
f 728 1986 1985
f 728 729 1986
f 729 1987 1986
f 729 730 1987
f 730 1988 1987
f 730 731 1988
f 731 1989 1988
f 731 732 1989
f 732 1990 1989
f 732 733 1990
f 733 1991 1990
f 1991 733 3548
f 1992 2287 3545
f 2287 3603 3545
f 1992 1993 2288
f 1992 2288 2287
f 3546 3604 1993
f 3604 2288 1993
f 3549 3605 1994
f 3605 2289 1994
f 2290 727 3547
f 3547 1994 2290
f 2290 1994 2289
f 728 727 2290
f 2291 728 2290
f 729 728 2291
f 2292 729 2291
f 730 729 2292
f 2293 730 2292
f 730 2293 731
f 2293 3550 731
f 2293 3606 3550
f 731 3550 1995
f 1995 1996 731
f 1996 732 731
f 1996 1997 732
f 1997 733 732
f 733 1997 3548
f 3551 3607 1998
f 3607 2294 1998
f 1998 2294 2295
f 1998 2295 1999
f 1999 2295 2296
f 1999 2296 2000
f 2000 2296 3552
f 2296 3608 3552
f 2001 2297 3549
f 2297 3605 3549
f 2001 2002 2298
f 2001 2298 2297
f 2002 2003 2299
f 2002 2299 2298
f 2003 2004 2300
f 2003 2300 2299
f 2004 2005 2301
f 2004 2301 2300
f 3550 3606 2005
f 3606 2301 2005
f 2006 2302 3551
f 2302 3607 3551
f 2006 2007 2303
f 2006 2303 2302
f 2007 2008 2304
f 2007 2304 2303
f 3552 3608 2008
f 3608 2304 2008
f 3553 3609 2009
f 3609 2305 2009
f 2009 2305 2306
f 2009 2306 2010
f 2010 2306 2307
f 2010 2307 2011
f 2011 2307 2308
f 2011 2308 2012
f 2012 2308 2309
f 2012 2309 2013
f 2013 2309 2310
f 2013 2310 2014
f 2014 2310 2311
f 2014 2311 2015
f 2015 2311 2312
f 2015 2312 2016
f 2016 2312 2313
f 2016 2313 2017
f 2017 2313 2314
f 2017 2314 2018
f 734 2019 3610
f 3610 2019 2314
f 2314 2019 2018
f 734 735 2019
f 735 2020 2019
f 3611 2315 735
f 735 2315 2020
f 2020 2315 2021
f 2021 2315 2316
f 2021 2316 2022
f 2022 2316 2317
f 2022 2317 2023
f 2023 2317 2318
f 2023 2318 2024
f 2024 2318 3554
f 2318 3612 3554
f 3555 3613 2025
f 3613 2319 2025
f 2025 2319 2320
f 2025 2320 2026
f 2026 2320 3556
f 2320 3614 3556
f 2027 2321 3553
f 2321 3609 3553
f 2027 2028 2322
f 2027 2322 2321
f 2028 2029 2323
f 2028 2323 2322
f 2029 2030 2324
f 2029 2324 2323
f 2030 2031 2325
f 2030 2325 2324
f 2031 2032 2326
f 2031 2326 2325
f 2032 2033 2327
f 2032 2327 2326
f 2033 2034 2328
f 2033 2328 2327
f 2034 2035 2329
f 2034 2329 2328
f 2035 2036 2330
f 2035 2330 2329
f 3610 2330 734
f 734 2330 2037
f 2037 2330 2036
f 2037 2038 734
f 2038 735 734
f 735 2038 3611
f 3611 2038 2331
f 2331 2038 2039
f 2039 2040 2332
f 2039 2332 2331
f 2040 2041 2333
f 2040 2333 2332
f 2041 2042 2334
f 2041 2334 2333
f 3554 3612 2042
f 3612 2334 2042
f 3555 3557 3615
f 3555 3615 3613
f 3556 3614 3616
f 3556 3616 3558
f 3557 3559 3617
f 3557 3617 3615
f 3558 3616 3618
f 3558 3618 3560
f 3559 3561 3619
f 3559 3619 3617
f 3560 3618 3620
f 3560 3620 3562
f 3561 3563 3621
f 3561 3621 3619
f 3562 3620 3622
f 3562 3622 3564
f 3563 3565 3623
f 3563 3623 3621
f 3564 3622 3624
f 3564 3624 3566
f 3567 3625 2043
f 3625 2335 2043
f 2043 2335 3568
f 2335 3626 3568
f 3565 3569 3627
f 3565 3627 3623
f 3566 3624 3628
f 3566 3628 3570
f 3567 3571 3629
f 3567 3629 3625
f 2336 2044 3568
f 3626 2336 3568
f 2044 2336 3572
f 2336 3630 3572
f 3569 3573 3631
f 3569 3631 3627
f 3570 3628 3632
f 3570 3632 3574
f 3575 3633 2045
f 3633 2337 2045
f 3629 3571 2045
f 2337 3629 2045
f 3572 3630 3634
f 3572 3634 3576
f 3573 3577 3635
f 3573 3635 3631
f 2338 2046 3574
f 3632 2338 3574
f 2046 2338 2339
f 2046 2339 2047
f 2047 2339 2340
f 2047 2340 2048
f 2048 2340 2341
f 2048 2341 2049
f 2049 2341 2342
f 2049 2342 2050
f 2050 2342 2343
f 2050 2343 2051
f 2051 2343 2344
f 2051 2344 2052
f 2052 2344 2345
f 2052 2345 2053
f 2053 2345 2346
f 2053 2346 2054
f 2054 2346 2347
f 2054 2347 2055
f 2055 2347 2348
f 2055 2348 2056
f 2056 2348 2349
f 2056 2349 2057
f 2057 2349 2350
f 2057 2350 2058
f 2058 2350 2351
f 2058 2351 2059
f 2059 2351 2352
f 2059 2352 2060
f 2060 2352 2353
f 2060 2353 2061
f 2061 2353 2354
f 2061 2354 2062
f 2062 2354 2355
f 2062 2355 2063
f 2063 2355 2356
f 2063 2356 2064
f 2064 2356 2357
f 2064 2357 2065
f 2065 2357 2358
f 2065 2358 2066
f 2066 2358 2359
f 2066 2359 2067
f 2067 2359 2360
f 2067 2360 2068
f 2068 2360 2361
f 2068 2361 2069
f 2069 2361 2362
f 2069 2362 2070
f 2070 2362 2363
f 2070 2363 2071
f 2071 2363 2364
f 2071 2364 2072
f 2072 2364 2365
f 2072 2365 2073
f 2073 2365 2366
f 2073 2366 2074
f 2074 2366 2367
f 2074 2367 2075
f 2075 2367 2368
f 2075 2368 2076
f 2076 2368 2369
f 2076 2369 2077
f 2077 2369 2370
f 2077 2370 2078
f 2078 2370 2371
f 2078 2371 2079
f 2079 2371 2372
f 2079 2372 2080
f 2080 2372 2373
f 2080 2373 2081
f 2081 2373 2374
f 2081 2374 2082
f 2082 2374 2375
f 2082 2375 2083
f 2083 2375 2376
f 2083 2376 2084
f 2084 2376 2377
f 2084 2377 2085
f 2085 2377 2378
f 2085 2378 2086
f 2086 2378 2379
f 2086 2379 2087
f 2087 2379 2380
f 2087 2380 2088
f 2088 2380 2381
f 2088 2381 2089
f 2089 2381 2382
f 2089 2382 2090
f 2090 2382 2383
f 2090 2383 2091
f 2091 2383 2384
f 2091 2384 2092
f 2092 2384 2385
f 2092 2385 2093
f 2093 2385 2386
f 2093 2386 2094
f 2094 2386 2387
f 2094 2387 2095
f 2095 2387 2388
f 2095 2388 2096
f 2096 2388 2389
f 2096 2389 2097
f 2097 2389 2390
f 2097 2390 2098
f 2098 2390 2391
f 2098 2391 2099
f 2099 2391 2392
f 2099 2392 2100
f 2100 2392 2393
f 2100 2393 2101
f 2101 2393 2394
f 2101 2394 2102
f 2102 2394 2395
f 2102 2395 2103
f 2103 2395 2396
f 2103 2396 2104
f 2104 2396 2397
f 2104 2397 2105
f 2105 2397 2398
f 2105 2398 2106
f 2106 2398 2399
f 2106 2399 2107
f 2107 2399 2400
f 2107 2400 2108
f 2108 2400 2401
f 2108 2401 2109
f 2109 2401 2402
f 2109 2402 2110
f 2110 2402 2403
f 2110 2403 2111
f 2111 2403 2404
f 2111 2404 2112
f 2112 2404 2405
f 2112 2405 2113
f 2113 2405 2406
f 2113 2406 2114
f 2114 2406 2407
f 2114 2407 2115
f 2115 2407 2408
f 2115 2408 2116
f 2116 2408 2409
f 2116 2409 2117
f 2117 2409 2410
f 2117 2410 2118
f 2118 2410 2411
f 2118 2411 2119
f 2119 2411 2412
f 2119 2412 2120
f 2120 2412 2413
f 2120 2413 2121
f 2121 2413 2414
f 2121 2414 2122
f 2122 2414 2415
f 2122 2415 2123
f 2123 2415 2416
f 2123 2416 2124
f 2124 2416 2417
f 2124 2417 2125
f 2125 2417 2418
f 2125 2418 2126
f 2126 2418 2419
f 2126 2419 2127
f 2127 2419 2420
f 2127 2420 2128
f 2128 2420 2421
f 2128 2421 2129
f 2129 2421 2422
f 2129 2422 2130
f 2130 2422 2423
f 2130 2423 2131
f 2131 2423 2424
f 2131 2424 2132
f 2132 2424 2425
f 2132 2425 2133
f 2133 2425 2426
f 2133 2426 2134
f 2134 2426 2427
f 2134 2427 2135
f 2135 2427 2428
f 2135 2428 2136
f 2136 2428 2429
f 2136 2429 2137
f 736 2138 3636
f 3636 2138 2429
f 2429 2138 2137
f 736 737 2138
f 737 2139 2138
f 2139 737 3578
f 3579 738 2140
f 738 739 2140
f 739 2141 2140
f 3637 2430 739
f 739 2430 2141
f 2141 2430 2142
f 2142 2430 2431
f 2142 2431 2143
f 740 2144 3638
f 3638 2144 2431
f 2431 2144 2143
f 740 741 2144
f 741 2145 2144
f 741 742 2145
f 742 2146 2145
f 742 743 2146
f 743 2147 2146
f 743 744 2147
f 744 2148 2147
f 744 745 2148
f 745 2149 2148
f 3639 2432 745
f 745 2432 2149
f 2149 2432 2150
f 2150 2432 2433
f 2150 2433 2151
f 2151 2433 2434
f 2151 2434 2152
f 2152 2434 2435
f 2152 2435 2153
f 2153 2435 2436
f 2153 2436 2154
f 2154 2436 2437
f 2154 2437 2155
f 2155 2437 2438
f 2155 2438 2156
f 2156 2438 2439
f 2156 2439 2157
f 2157 2439 2440
f 2157 2440 2158
f 2158 2440 2441
f 2158 2441 2159
f 2159 2441 2442
f 2159 2442 2160
f 2160 2442 2443
f 2160 2443 2161
f 2161 2443 2444
f 2161 2444 2162
f 2162 2444 2445
f 2162 2445 2163
f 2163 2445 2446
f 2163 2446 2164
f 3633 3575 2164
f 2446 3633 2164
f 3576 3634 3640
f 3576 3640 3580
f 3577 3581 3641
f 3577 3641 3635
f 2447 3642 746
f 2448 2447 746
f 747 2448 746
f 3643 2448 747
f 2449 3644 748
f 2450 2449 748
f 749 2450 748
f 2451 2450 749
f 750 2451 749
f 2451 750 3582
f 3582 2165 2451
f 2451 2165 2452
f 3636 2452 736
f 736 2452 2166
f 2166 2452 2165
f 2166 2167 736
f 2167 737 736
f 737 2167 3578
f 3579 2168 738
f 2168 2169 738
f 2169 739 738
f 3637 739 2169
f 2169 3583 3637
f 3637 3583 3645
f 751 740 3638
f 3646 751 3638
f 740 751 752
f 740 752 741
f 741 752 753
f 741 753 742
f 742 753 754
f 742 754 743
f 743 754 755
f 743 755 744
f 744 755 756
f 744 756 745
f 3647 3639 745
f 756 3647 745
f 3580 3640 3648
f 3580 3648 3584
f 3581 3585 3649
f 3581 3649 3641
f 3650 3586 2170
f 2453 3650 2170
f 2170 2171 2454
f 2170 2454 2453
f 2171 2172 2455
f 2171 2455 2454
f 2172 2173 2456
f 2172 2456 2455
f 2173 2174 2457
f 2173 2457 2456
f 2174 2175 2458
f 2174 2458 2457
f 2175 2176 2459
f 2175 2459 2458
f 2176 2177 2460
f 2176 2460 2459
f 2177 2178 2461
f 2177 2461 2460
f 2178 2179 2462
f 2178 2462 2461
f 2179 2180 2463
f 2179 2463 2462
f 2180 2181 2464
f 2180 2464 2463
f 2181 2182 2465
f 2181 2465 2464
f 2182 2183 2466
f 2182 2466 2465
f 2183 2184 2467
f 2183 2467 2466
f 2184 2185 2468
f 2184 2468 2467
f 2185 2186 2469
f 2185 2469 2468
f 2186 2187 2470
f 2186 2470 2469
f 2187 2188 2471
f 2187 2471 2470
f 2188 2189 2472
f 2188 2472 2471
f 2189 2190 2473
f 2189 2473 2472
f 2190 2191 2474
f 2190 2474 2473
f 2191 2192 2475
f 2191 2475 2474
f 2192 2193 2476
f 2192 2476 2475
f 2193 2194 2477
f 2193 2477 2476
f 2194 2195 2478
f 2194 2478 2477
f 2195 2196 2479
f 2195 2479 2478
f 2196 2197 2480
f 2196 2480 2479
f 2197 2198 2481
f 2197 2481 2480
f 2198 2199 2482
f 2198 2482 2481
f 2199 2200 2483
f 2199 2483 2482
f 2200 2201 2484
f 2200 2484 2483
f 2201 2202 2485
f 2201 2485 2484
f 2202 2203 2486
f 2202 2486 2485
f 2203 2204 2487
f 2203 2487 2486
f 2204 2205 2488
f 2204 2488 2487
f 2205 2206 2489
f 2205 2489 2488
f 2206 2207 2490
f 2206 2490 2489
f 2207 2208 2491
f 2207 2491 2490
f 2208 2209 2492
f 2208 2492 2491
f 2209 2210 2493
f 2209 2493 2492
f 2210 2211 2494
f 2210 2494 2493
f 2211 2212 2495
f 2211 2495 2494
f 2212 2213 2496
f 2212 2496 2495
f 2213 2214 2497
f 2213 2497 2496
f 2214 2215 2498
f 2214 2498 2497
f 2215 2216 2499
f 2215 2499 2498
f 2216 2217 2500
f 2216 2500 2499
f 2217 2218 2501
f 2217 2501 2500
f 2218 2219 2502
f 2218 2502 2501
f 2219 2220 2503
f 2219 2503 2502
f 2220 2221 2504
f 2220 2504 2503
f 2221 2222 2505
f 2221 2505 2504
f 2222 2223 2506
f 2222 2506 2505
f 2223 2224 2507
f 2223 2507 2506
f 2224 2225 2508
f 2224 2508 2507
f 2225 2226 2509
f 2225 2509 2508
f 2226 2227 2510
f 2226 2510 2509
f 2227 2228 2511
f 2227 2511 2510
f 2228 2229 2512
f 2228 2512 2511
f 2229 2230 2513
f 2229 2513 2512
f 2230 2231 2514
f 2230 2514 2513
f 2231 2232 2515
f 2231 2515 2514
f 2232 2233 2516
f 2232 2516 2515
f 2233 2234 2517
f 2233 2517 2516
f 2234 2235 2518
f 2234 2518 2517
f 2235 2236 2519
f 2235 2519 2518
f 2236 2237 2520
f 2236 2520 2519
f 2237 2238 2521
f 2237 2521 2520
f 2238 2239 2522
f 2238 2522 2521
f 2239 2240 2523
f 2239 2523 2522
f 2240 2241 2524
f 2240 2524 2523
f 2241 2242 2525
f 2241 2525 2524
f 2242 2243 2526
f 2242 2526 2525
f 2243 2244 2527
f 2243 2527 2526
f 2244 2245 2528
f 2244 2528 2527
f 2245 2246 2529
f 2245 2529 2528
f 2246 2247 2530
f 2246 2530 2529
f 2247 2248 2531
f 2247 2531 2530
f 2248 2249 2532
f 2248 2532 2531
f 2249 2250 2533
f 2249 2533 2532
f 2250 2251 2534
f 2250 2534 2533
f 3642 2534 746
f 746 2534 2252
f 2252 2534 2251
f 2252 2253 746
f 2253 747 746
f 747 2253 3643
f 3643 2253 2535
f 2535 2253 2254
f 2254 2255 2536
f 2254 2536 2535
f 2255 2256 2537
f 2255 2537 2536
f 2256 2257 2538
f 2256 2538 2537
f 3644 2538 748
f 748 2538 2258
f 2258 2538 2257
f 2258 2259 748
f 2259 749 748
f 2259 2260 749
f 2260 750 749
f 750 2260 3582
f 2261 2539 3583
f 2539 3645 3583
f 2261 2262 2540
f 2261 2540 2539
f 3646 2540 751
f 751 2540 2263
f 2263 2540 2262
f 2263 2264 751
f 2264 752 751
f 2264 2265 752
f 2265 753 752
f 2265 2266 753
f 2266 754 753
f 2266 2267 754
f 2267 755 754
f 2267 2268 755
f 2268 756 755
f 756 2268 3647
f 3647 2268 2541
f 2541 2268 2269
f 2269 2270 2542
f 2269 2542 2541
f 2270 2271 2543
f 2270 2543 2542
f 2271 2272 2544
f 2271 2544 2543
f 2272 2273 2545
f 2272 2545 2544
f 2273 2274 2546
f 2273 2546 2545
f 2274 2275 2547
f 2274 2547 2546
f 2275 2276 2548
f 2275 2548 2547
f 2276 2277 2549
f 2276 2549 2548
f 2277 2278 2550
f 2277 2550 2549
f 2278 2279 2551
f 2278 2551 2550
f 2279 2280 2552
f 2279 2552 2551
f 2280 2281 2553
f 2280 2553 2552
f 2281 2282 2554
f 2281 2554 2553
f 2282 2283 2555
f 2282 2555 2554
f 2283 3587 757
f 757 2556 2283
f 2283 2556 2555
f 3651 2556 757
f 3584 3648 3652
f 3584 3652 3588
f 3585 3589 3653
f 3585 3653 3649
f 3586 3650 3654
f 3586 3654 3590
f 3587 2284 757
f 2284 3651 757
f 2284 2557 3651
f 2284 3591 2557
f 3591 758 2557
f 2557 758 3592
f 3592 2285 2557
f 2557 2285 2558
f 3588 3652 2285
f 3652 2558 2285
f 3589 3593 3655
f 3589 3655 3653
f 3590 3654 3656
f 3590 3656 3594
f 3591 2286 758
f 758 2286 3592
f 3593 3595 3657
f 3593 3657 3655
f 3594 3656 3658
f 3594 3658 3596
f 3595 3597 3659
f 3595 3659 3657
f 3596 3658 3660
f 3596 3660 3598
f 3597 3599 3661
f 3597 3661 3659
f 3598 3660 3662
f 3598 3662 3600
f 3599 3601 3663
f 3599 3663 3661
f 3600 3662 3664
f 3600 3664 3602
f 3601 3603 3665
f 3601 3665 3663
f 3602 3664 3666
f 3602 3666 3604
f 2287 2559 3603
f 2559 3665 3603
f 2287 2288 2560
f 2287 2560 2559
f 3604 3666 2288
f 3666 2560 2288
f 3605 3667 2289
f 3667 2561 2289
f 2289 2561 2562
f 2289 2562 2290
f 2290 2562 2563
f 2290 2563 2291
f 2291 2563 2564
f 2291 2564 2292
f 2292 2564 2565
f 2292 2565 2293
f 2293 2565 3606
f 2565 3668 3606
f 3607 3669 2294
f 3669 2566 2294
f 2294 2566 2567
f 2294 2567 2295
f 2295 2567 2568
f 2295 2568 2296
f 2296 2568 3608
f 2568 3670 3608
f 2297 2569 3605
f 2569 3667 3605
f 2297 2298 2570
f 2297 2570 2569
f 2298 2299 2571
f 2298 2571 2570
f 2299 2300 2572
f 2299 2572 2571
f 2300 2301 2573
f 2300 2573 2572
f 3606 3668 2301
f 3668 2573 2301
f 2302 2574 3607
f 2574 3669 3607
f 2302 2303 2575
f 2302 2575 2574
f 2303 2304 2576
f 2303 2576 2575
f 3608 3670 2304
f 3670 2576 2304
f 3609 3671 2305
f 3671 2577 2305
f 2305 2577 2578
f 2305 2578 2306
f 2306 2578 2579
f 2306 2579 2307
f 2307 2579 2580
f 2307 2580 2308
f 2308 2580 2581
f 2308 2581 2309
f 2309 2581 2582
f 2309 2582 2310
f 2310 2582 2583
f 2310 2583 2311
f 2311 2583 2584
f 2311 2584 2312
f 2312 2584 2585
f 2312 2585 2313
f 2313 2585 2586
f 2313 2586 2314
f 2314 2586 3610
f 2586 3672 3610
f 3611 3673 2315
f 3673 2587 2315
f 2315 2587 2588
f 2315 2588 2316
f 2316 2588 2589
f 2316 2589 2317
f 2317 2589 2590
f 2317 2590 2318
f 2318 2590 3612
f 2590 3674 3612
f 3613 3675 2319
f 3675 2591 2319
f 2319 2591 2592
f 2319 2592 2320
f 2320 2592 3614
f 2592 3676 3614
f 2321 2593 3609
f 2593 3671 3609
f 2321 2322 2594
f 2321 2594 2593
f 2322 2323 2595
f 2322 2595 2594
f 2323 2324 2596
f 2323 2596 2595
f 2324 2325 2597
f 2324 2597 2596
f 2325 2326 2598
f 2325 2598 2597
f 2326 2327 2599
f 2326 2599 2598
f 2327 2328 2600
f 2327 2600 2599
f 2328 2329 2601
f 2328 2601 2600
f 2329 2330 2602
f 2329 2602 2601
f 3610 3672 2330
f 3672 2602 2330
f 2331 2603 3611
f 2603 3673 3611
f 2331 2332 2604
f 2331 2604 2603
f 2332 2333 2605
f 2332 2605 2604
f 2333 2334 2606
f 2333 2606 2605
f 3612 3674 2334
f 3674 2606 2334
f 3613 3615 3677
f 3613 3677 3675
f 3614 3676 3678
f 3614 3678 3616
f 3615 3617 3679
f 3615 3679 3677
f 3616 3678 3680
f 3616 3680 3618
f 3617 3619 3681
f 3617 3681 3679
f 3618 3680 3682
f 3618 3682 3620
f 3619 3621 3683
f 3619 3683 3681
f 3620 3682 3684
f 3620 3684 3622
f 3621 3623 3685
f 3621 3685 3683
f 3622 3684 3686
f 3622 3686 3624
f 3625 759 2335
f 2335 759 3626
f 3623 3627 3687
f 3623 3687 3685
f 3624 3686 3688
f 3624 3688 3628
f 759 3625 2607
f 2607 3625 3689
f 3689 3625 3629
f 759 2336 3626
f 759 760 2336
f 759 2607 760
f 2607 3690 760
f 2336 760 3630
f 3627 3631 3691
f 3627 3691 3687
f 3628 3688 3692
f 3628 3692 3632
f 3633 761 2337
f 3629 2337 761
f 761 3693 3629
f 3629 3693 3689
f 760 3690 2608
f 2608 3694 760
f 760 3694 3630
f 3630 3694 3634
f 3631 3635 3695
f 3631 3695 3691
f 3696 762 2338
f 2338 3632 3696
f 3696 3632 3692
f 762 763 2338
f 763 2339 2338
f 763 764 2339
f 764 2340 2339
f 764 765 2340
f 765 2341 2340
f 765 766 2341
f 766 2342 2341
f 766 767 2342
f 767 2343 2342
f 767 768 2343
f 768 2344 2343
f 768 769 2344
f 769 2345 2344
f 769 770 2345
f 770 2346 2345
f 770 771 2346
f 771 2347 2346
f 771 772 2347
f 772 2348 2347
f 772 773 2348
f 773 2349 2348
f 773 774 2349
f 774 2350 2349
f 774 775 2350
f 775 2351 2350
f 775 776 2351
f 776 2352 2351
f 776 777 2352
f 777 2353 2352
f 777 778 2353
f 778 2354 2353
f 778 779 2354
f 779 2355 2354
f 779 780 2355
f 780 2356 2355
f 780 781 2356
f 781 2357 2356
f 781 782 2357
f 782 2358 2357
f 782 783 2358
f 783 2359 2358
f 783 784 2359
f 784 2360 2359
f 784 785 2360
f 785 2361 2360
f 785 786 2361
f 786 2362 2361
f 786 787 2362
f 787 2363 2362
f 787 788 2363
f 788 2364 2363
f 788 789 2364
f 789 2365 2364
f 789 790 2365
f 790 2366 2365
f 790 791 2366
f 791 2367 2366
f 791 792 2367
f 792 2368 2367
f 792 793 2368
f 793 2369 2368
f 793 794 2369
f 794 2370 2369
f 794 795 2370
f 795 2371 2370
f 795 796 2371
f 796 2372 2371
f 796 797 2372
f 797 2373 2372
f 797 798 2373
f 798 2374 2373
f 798 799 2374
f 799 2375 2374
f 799 800 2375
f 800 2376 2375
f 800 801 2376
f 801 2377 2376
f 801 802 2377
f 802 2378 2377
f 802 803 2378
f 803 2379 2378
f 803 804 2379
f 804 2380 2379
f 804 805 2380
f 805 2381 2380
f 805 806 2381
f 806 2382 2381
f 806 807 2382
f 807 2383 2382
f 807 808 2383
f 808 2384 2383
f 808 809 2384
f 809 2385 2384
f 809 810 2385
f 810 2386 2385
f 810 811 2386
f 811 2387 2386
f 811 812 2387
f 812 2388 2387
f 812 813 2388
f 813 2389 2388
f 813 814 2389
f 814 2390 2389
f 814 815 2390
f 815 2391 2390
f 815 816 2391
f 816 2392 2391
f 816 817 2392
f 817 2393 2392
f 817 818 2393
f 818 2394 2393
f 818 819 2394
f 819 2395 2394
f 819 820 2395
f 820 2396 2395
f 820 821 2396
f 821 2397 2396
f 821 822 2397
f 822 2398 2397
f 822 823 2398
f 823 2399 2398
f 823 824 2399
f 824 2400 2399
f 824 825 2400
f 825 2401 2400
f 825 826 2401
f 826 2402 2401
f 826 827 2402
f 827 2403 2402
f 827 828 2403
f 828 2404 2403
f 828 829 2404
f 829 2405 2404
f 829 830 2405
f 830 2406 2405
f 830 831 2406
f 831 2407 2406
f 831 832 2407
f 832 2408 2407
f 832 833 2408
f 833 2409 2408
f 833 834 2409
f 834 2410 2409
f 834 835 2410
f 835 2411 2410
f 835 836 2411
f 836 2412 2411
f 836 837 2412
f 837 2413 2412
f 837 838 2413
f 838 2414 2413
f 838 839 2414
f 839 2415 2414
f 839 840 2415
f 840 2416 2415
f 840 841 2416
f 841 2417 2416
f 841 842 2417
f 842 2418 2417
f 842 843 2418
f 843 2419 2418
f 843 844 2419
f 844 2420 2419
f 844 845 2420
f 845 2421 2420
f 845 846 2421
f 846 2422 2421
f 846 847 2422
f 847 2423 2422
f 847 848 2423
f 848 2424 2423
f 848 849 2424
f 849 2425 2424
f 849 850 2425
f 850 2426 2425
f 850 851 2426
f 851 2427 2426
f 851 852 2427
f 852 2428 2427
f 852 853 2428
f 853 2429 2428
f 2429 853 3636
f 3637 854 2430
f 854 855 2430
f 855 2431 2430
f 2431 855 3638
f 3639 856 2432
f 856 857 2432
f 857 2433 2432
f 857 858 2433
f 858 2434 2433
f 858 859 2434
f 859 2435 2434
f 859 860 2435
f 860 2436 2435
f 860 861 2436
f 861 2437 2436
f 861 862 2437
f 862 2438 2437
f 862 863 2438
f 863 2439 2438
f 863 864 2439
f 864 2440 2439
f 864 865 2440
f 865 2441 2440
f 865 866 2441
f 866 2442 2441
f 866 867 2442
f 867 2443 2442
f 867 868 2443
f 868 2444 2443
f 868 869 2444
f 869 2445 2444
f 869 870 2445
f 870 2446 2445
f 2446 870 3633
f 3633 870 761
f 761 870 871
f 3697 3693 761
f 871 3697 761
f 3634 3694 3698
f 3634 3698 3640
f 3635 3641 3699
f 3635 3699 3695
f 872 762 3696
f 3700 872 3696
f 762 872 873
f 762 873 763
f 763 873 874
f 763 874 764
f 764 874 875
f 764 875 765
f 765 875 876
f 765 876 766
f 766 876 877
f 766 877 767
f 767 877 878
f 767 878 768
f 768 878 879
f 768 879 769
f 769 879 880
f 769 880 770
f 770 880 881
f 770 881 771
f 771 881 882
f 771 882 772
f 772 882 883
f 772 883 773
f 773 883 884
f 773 884 774
f 774 884 885
f 774 885 775
f 775 885 886
f 775 886 776
f 776 886 887
f 776 887 777
f 777 887 888
f 777 888 778
f 778 888 889
f 778 889 779
f 779 889 890
f 779 890 780
f 780 890 891
f 780 891 781
f 781 891 892
f 781 892 782
f 782 892 893
f 782 893 783
f 783 893 894
f 783 894 784
f 784 894 895
f 784 895 785
f 785 895 896
f 785 896 786
f 786 896 897
f 786 897 787
f 787 897 898
f 787 898 788
f 788 898 899
f 788 899 789
f 789 899 900
f 789 900 790
f 790 900 901
f 790 901 791
f 791 901 902
f 791 902 792
f 792 902 903
f 792 903 793
f 793 903 904
f 793 904 794
f 794 904 905
f 794 905 795
f 795 905 906
f 795 906 796
f 796 906 907
f 796 907 797
f 797 907 908
f 797 908 798
f 798 908 909
f 798 909 799
f 799 909 910
f 799 910 800
f 800 910 911
f 800 911 801
f 801 911 912
f 801 912 802
f 802 912 913
f 802 913 803
f 803 913 914
f 803 914 804
f 804 914 915
f 804 915 805
f 805 915 916
f 805 916 806
f 806 916 917
f 806 917 807
f 807 917 918
f 807 918 808
f 808 918 919
f 808 919 809
f 809 919 920
f 809 920 810
f 810 920 921
f 810 921 811
f 811 921 922
f 811 922 812
f 812 922 923
f 812 923 813
f 813 923 924
f 813 924 814
f 814 924 925
f 814 925 815
f 815 925 926
f 815 926 816
f 816 926 927
f 816 927 817
f 817 927 928
f 817 928 818
f 818 928 929
f 818 929 819
f 819 929 930
f 819 930 820
f 820 930 931
f 820 931 821
f 821 931 932
f 821 932 822
f 822 932 933
f 822 933 823
f 823 933 934
f 823 934 824
f 824 934 935
f 824 935 825
f 825 935 936
f 825 936 826
f 826 936 937
f 826 937 827
f 827 937 938
f 827 938 828
f 828 938 939
f 828 939 829
f 829 939 940
f 829 940 830
f 830 940 941
f 830 941 831
f 831 941 942
f 831 942 832
f 832 942 943
f 832 943 833
f 833 943 944
f 833 944 834
f 834 944 945
f 834 945 835
f 835 945 946
f 835 946 836
f 836 946 947
f 836 947 837
f 837 947 948
f 837 948 838
f 838 948 949
f 838 949 839
f 839 949 950
f 839 950 840
f 840 950 951
f 840 951 841
f 841 951 952
f 841 952 842
f 842 952 953
f 842 953 843
f 2447 844 3642
f 3642 844 953
f 953 844 843
f 2447 2448 844
f 2448 845 844
f 3643 954 2448
f 2448 954 845
f 845 954 846
f 846 954 955
f 846 955 847
f 847 955 956
f 847 956 848
f 848 956 957
f 848 957 849
f 2449 850 3644
f 3644 850 957
f 957 850 849
f 2449 2450 850
f 2450 851 850
f 2450 2451 851
f 2451 852 851
f 2451 2452 852
f 2452 853 852
f 853 2452 3636
f 3637 3645 854
f 3645 958 854
f 854 958 959
f 854 959 855
f 855 959 3638
f 959 3646 3638
f 3639 3647 856
f 3647 960 856
f 856 960 961
f 856 961 857
f 857 961 962
f 857 962 858
f 858 962 963
f 858 963 859
f 859 963 964
f 859 964 860
f 860 964 965
f 860 965 861
f 861 965 966
f 861 966 862
f 862 966 967
f 862 967 863
f 863 967 968
f 863 968 864
f 864 968 969
f 864 969 865
f 865 969 970
f 865 970 866
f 866 970 971
f 866 971 867
f 867 971 972
f 867 972 868
f 868 972 973
f 868 973 869
f 869 973 974
f 869 974 870
f 870 974 975
f 870 975 871
f 3701 3697 871
f 975 3701 871
f 3640 3698 3702
f 3640 3702 3648
f 3641 3649 3703
f 3641 3703 3699
f 3650 2453 872
f 872 3700 3650
f 3650 3700 3704
f 2453 2454 872
f 2454 873 872
f 2454 2455 873
f 2455 874 873
f 2455 2456 874
f 2456 875 874
f 2456 2457 875
f 2457 876 875
f 2457 2458 876
f 2458 877 876
f 2458 2459 877
f 2459 878 877
f 2459 2460 878
f 2460 879 878
f 2460 2461 879
f 2461 880 879
f 2461 2462 880
f 2462 881 880
f 2462 2463 881
f 2463 882 881
f 2463 2464 882
f 2464 883 882
f 2464 2465 883
f 2465 884 883
f 2465 2466 884
f 2466 885 884
f 2466 2467 885
f 2467 886 885
f 2467 2468 886
f 2468 887 886
f 2468 2469 887
f 2469 888 887
f 2469 2470 888
f 2470 889 888
f 2470 2471 889
f 2471 890 889
f 2471 2472 890
f 2472 891 890
f 2472 2473 891
f 2473 892 891
f 2473 2474 892
f 2474 893 892
f 2474 2475 893
f 2475 894 893
f 2475 2476 894
f 2476 895 894
f 2476 2477 895
f 2477 896 895
f 2477 2478 896
f 2478 897 896
f 2478 2479 897
f 2479 898 897
f 2479 2480 898
f 2480 899 898
f 2480 2481 899
f 2481 900 899
f 2481 2482 900
f 2482 901 900
f 2482 2483 901
f 2483 902 901
f 2483 2484 902
f 2484 903 902
f 2484 2485 903
f 2485 904 903
f 2485 2486 904
f 2486 905 904
f 2486 2487 905
f 2487 906 905
f 2487 2488 906
f 2488 907 906
f 2488 2489 907
f 2489 908 907
f 2489 2490 908
f 2490 909 908
f 2490 2491 909
f 2491 910 909
f 2491 2492 910
f 2492 911 910
f 2492 2493 911
f 2493 912 911
f 2493 2494 912
f 2494 913 912
f 2494 2495 913
f 2495 914 913
f 2495 2496 914
f 2496 915 914
f 2496 2497 915
f 2497 916 915
f 2497 2498 916
f 2498 917 916
f 2498 2499 917
f 2499 918 917
f 2499 2500 918
f 2500 919 918
f 2500 2501 919
f 2501 920 919
f 2501 2502 920
f 2502 921 920
f 2502 2503 921
f 2503 922 921
f 2503 2504 922
f 2504 923 922
f 2504 2505 923
f 2505 924 923
f 2505 2506 924
f 2506 925 924
f 2506 2507 925
f 2507 926 925
f 2507 2508 926
f 2508 927 926
f 2508 2509 927
f 2509 928 927
f 2509 2510 928
f 2510 929 928
f 2510 2511 929
f 2511 930 929
f 2511 2512 930
f 2512 931 930
f 2512 2513 931
f 2513 932 931
f 2513 2514 932
f 2514 933 932
f 2514 2515 933
f 2515 934 933
f 2515 2516 934
f 2516 935 934
f 2516 2517 935
f 2517 936 935
f 2517 2518 936
f 2518 937 936
f 2518 2519 937
f 2519 938 937
f 2519 2520 938
f 2520 939 938
f 2520 2521 939
f 2521 940 939
f 2521 2522 940
f 2522 941 940
f 2522 2523 941
f 2523 942 941
f 2523 2524 942
f 2524 943 942
f 2524 2525 943
f 2525 944 943
f 2525 2526 944
f 2526 945 944
f 2526 2527 945
f 2527 946 945
f 2527 2528 946
f 2528 947 946
f 2528 2529 947
f 2529 948 947
f 2529 2530 948
f 2530 949 948
f 2530 2531 949
f 2531 950 949
f 2531 2532 950
f 2532 951 950
f 2532 2533 951
f 2533 952 951
f 2533 2534 952
f 2534 953 952
f 953 2534 3642
f 3643 2535 954
f 2535 2536 954
f 2536 955 954
f 2536 2537 955
f 2537 956 955
f 2537 2538 956
f 2538 957 956
f 957 2538 3644
f 3645 2539 958
f 2539 2540 958
f 2540 959 958
f 959 2540 3646
f 3647 2541 960
f 2541 2542 960
f 2542 961 960
f 2542 2543 961
f 2543 962 961
f 2543 2544 962
f 2544 963 962
f 2544 2545 963
f 2545 964 963
f 2545 2546 964
f 2546 965 964
f 2546 2547 965
f 2547 966 965
f 2547 2548 966
f 2548 967 966
f 2548 2549 967
f 2549 968 967
f 2549 2550 968
f 2550 969 968
f 2550 2551 969
f 2551 970 969
f 2551 2552 970
f 2552 971 970
f 2552 2553 971
f 2553 972 971
f 2553 2554 972
f 2554 973 972
f 2554 2555 973
f 2555 974 973
f 2555 2556 974
f 2556 975 974
f 3701 975 2556
f 2556 3651 3701
f 3701 3651 3705
f 2609 3706 976
f 976 3652 2609
f 2609 3652 3702
f 3702 3652 3648
f 3649 3653 3707
f 3649 3707 3703
f 3650 3704 3708
f 3650 3708 3654
f 2557 2610 3651
f 2610 3705 3651
f 3706 2610 976
f 976 2610 2558
f 2558 2610 2557
f 976 2558 3652
f 3653 3655 3709
f 3653 3709 3707
f 3654 3708 3710
f 3654 3710 3656
f 3655 3657 3711
f 3655 3711 3709
f 3656 3710 3712
f 3656 3712 3658
f 3657 3659 3713
f 3657 3713 3711
f 3658 3712 3714
f 3658 3714 3660
f 3659 3661 3715
f 3659 3715 3713
f 3660 3714 3716
f 3660 3716 3662
f 3661 3663 3717
f 3661 3717 3715
f 3662 3716 3718
f 3662 3718 3664
f 3663 3665 3719
f 3663 3719 3717
f 3664 3718 3720
f 3664 3720 3666
f 2559 2611 3665
f 2611 3719 3665
f 2559 2560 2612
f 2559 2612 2611
f 3666 3720 2560
f 3720 2612 2560
f 3667 3721 2561
f 3721 2613 2561
f 2561 2613 2614
f 2561 2614 2562
f 2562 2614 2615
f 2562 2615 2563
f 977 2564 3722
f 3722 2564 2615
f 2615 2564 2563
f 977 978 2564
f 978 2565 2564
f 2565 978 3668
f 3669 3723 2566
f 3723 2616 2566
f 2566 2616 2617
f 2566 2617 2567
f 2567 2617 2618
f 2567 2618 2568
f 2568 2618 3670
f 2618 3724 3670
f 2569 2619 3667
f 2619 3721 3667
f 2569 2570 2620
f 2569 2620 2619
f 2570 2571 2621
f 2570 2621 2620
f 3722 2621 977
f 977 2621 2572
f 2572 2621 2571
f 2572 2573 977
f 2573 978 977
f 978 2573 3668
f 2574 2622 3669
f 2622 3723 3669
f 2574 2575 2623
f 2574 2623 2622
f 2575 2576 2624
f 2575 2624 2623
f 3670 3724 2576
f 3724 2624 2576
f 3671 3725 2577
f 3725 2625 2577
f 2577 2625 2626
f 2577 2626 2578
f 2578 2626 2627
f 2578 2627 2579
f 2579 2627 2628
f 2579 2628 2580
f 2580 2628 2629
f 2580 2629 2581
f 2581 2629 2630
f 2581 2630 2582
f 2582 2630 2631
f 2582 2631 2583
f 2583 2631 2632
f 2583 2632 2584
f 2584 2632 2633
f 2584 2633 2585
f 2585 2633 2634
f 2585 2634 2586
f 3672 2586 979
f 979 2586 2635
f 2635 2586 2634
f 2635 2636 979
f 2636 980 979
f 980 2636 3673
f 3673 2636 2587
f 2587 2636 2637
f 2587 2637 2638
f 2587 2638 2588
f 2588 2638 2639
f 2588 2639 2589
f 2589 2639 2640
f 2589 2640 2590
f 2590 2640 3674
f 2640 3726 3674
f 3675 3727 2591
f 3727 2641 2591
f 2591 2641 2642
f 2591 2642 2592
f 2592 2642 3676
f 2642 3728 3676
f 2593 2643 3671
f 2643 3725 3671
f 2593 2594 2644
f 2593 2644 2643
f 2594 2595 2645
f 2594 2645 2644
f 2595 2596 2646
f 2595 2646 2645
f 2596 2597 2647
f 2596 2647 2646
f 2598 981 3729
f 3729 2647 2598
f 2598 2647 2597
f 982 981 2598
f 2599 982 2598
f 983 982 2599
f 2600 983 2599
f 2648 3730 983
f 983 2600 2648
f 2648 2600 2601
f 2601 2602 2649
f 2601 2649 2648
f 979 2650 3672
f 3672 2650 2602
f 2602 2650 2649
f 979 980 2650
f 980 2651 2650
f 3673 2603 980
f 980 2603 2651
f 2651 2603 2652
f 2603 2604 2653
f 2603 2653 2652
f 2604 2605 2654
f 2604 2654 2653
f 2605 2606 2655
f 2605 2655 2654
f 3674 3726 2606
f 3726 2655 2606
f 3675 3677 3731
f 3675 3731 3727
f 3676 3728 3732
f 3676 3732 3678
f 3729 981 2656
f 981 982 2656
f 982 2657 2656
f 982 983 2657
f 983 2658 2657
f 983 3730 2658
f 3677 3679 3733
f 3677 3733 3731
f 3678 3732 3734
f 3678 3734 3680
f 3679 3681 3735
f 3679 3735 3733
f 3680 3734 3736
f 3680 3736 3682
f 3681 3683 3737
f 3681 3737 3735
f 3682 3736 3738
f 3682 3738 3684
f 3683 3685 3739
f 3683 3739 3737
f 3684 3738 3740
f 3684 3740 3686
f 3685 3687 3741
f 3685 3741 3739
f 3686 3740 3742
f 3686 3742 3688
f 3689 984 2607
f 2607 984 3690
f 3687 3691 3743
f 3687 3743 3741
f 3688 3742 3744
f 3688 3744 3692
f 984 3689 2659
f 2659 3689 3745
f 3745 3689 3693
f 984 2608 3690
f 984 985 2608
f 984 2659 985
f 2659 3746 985
f 2608 985 3694
f 3691 3695 3747
f 3691 3747 3743
f 3692 3744 3748
f 3692 3748 3696
f 3693 3697 3749
f 3693 3749 3745
f 986 985 3746
f 3750 986 3746
f 985 986 3694
f 986 3698 3694
f 3695 3699 3751
f 3695 3751 3747
f 3696 3748 3752
f 3696 3752 3700
f 2660 3749 987
f 987 3749 3701
f 3701 3749 3697
f 986 3750 2660
f 2660 987 986
f 986 987 988
f 986 988 3698
f 988 3702 3698
f 3699 3703 3753
f 3699 3753 3751
f 3700 3752 3754
f 3700 3754 3704
f 3701 3705 987
f 3705 989 987
f 2609 988 3706
f 3706 988 989
f 989 988 987
f 988 2609 3702
f 3703 3707 3755
f 3703 3755 3753
f 3704 3754 3756
f 3704 3756 3708
f 3705 2610 989
f 989 2610 3706
f 3707 3709 3757
f 3707 3757 3755
f 3708 3756 3758
f 3708 3758 3710
f 3709 3711 3759
f 3709 3759 3757
f 3710 3758 3760
f 3710 3760 3712
f 3711 3713 3761
f 3711 3761 3759
f 3712 3760 3762
f 3712 3762 3714
f 3713 3715 3763
f 3713 3763 3761
f 3714 3762 3764
f 3714 3764 3716
f 3715 3717 3765
f 3715 3765 3763
f 3716 3764 3766
f 3716 3766 3718
f 3717 3719 3767
f 3717 3767 3765
f 3718 3766 3768
f 3718 3768 3720
f 3769 2661 990
f 2661 2662 990
f 2662 991 990
f 2662 2663 991
f 2663 992 991
f 2663 2664 992
f 2664 993 992
f 2664 2665 993
f 2665 994 993
f 2665 2666 994
f 2666 995 994
f 2666 2667 995
f 2667 996 995
f 2667 3770 996
f 2611 2668 3719
f 2668 3767 3719
f 2611 2612 2669
f 2611 2669 2668
f 3720 3768 2612
f 3768 2669 2612
f 2613 3721 990
f 990 3721 3769
f 3769 3721 3771
f 2614 2613 990
f 991 2614 990
f 2615 2614 991
f 992 2615 991
f 997 3722 2615
f 2615 992 997
f 997 992 993
f 993 994 998
f 993 998 997
f 3772 998 2670
f 2670 998 995
f 995 998 994
f 995 996 2670
f 996 2671 2670
f 996 3770 2671
f 3723 3773 2616
f 3773 2672 2616
f 2616 2672 2673
f 2616 2673 2617
f 2617 2673 2674
f 2617 2674 2618
f 2618 2674 3724
f 2674 3774 3724
f 2619 2675 3721
f 2675 3771 3721
f 2619 2620 2676
f 2619 2676 2675
f 2620 2621 2677
f 2620 2677 2676
f 997 2678 3722
f 3722 2678 2621
f 2621 2678 2677
f 997 998 2678
f 998 2679 2678
f 998 3772 2679
f 2622 2680 3723
f 2680 3773 3723
f 2622 2623 2681
f 2622 2681 2680
f 2623 2624 2682
f 2623 2682 2681
f 3724 3774 2624
f 3774 2682 2624
f 3725 3775 2625
f 3775 2683 2625
f 2625 2683 2684
f 2625 2684 2626
f 2626 2684 2685
f 2626 2685 2627
f 2627 2685 2686
f 2627 2686 2628
f 2628 2686 2687
f 2628 2687 2629
f 2629 2687 2688
f 2629 2688 2630
f 2630 2688 2689
f 2630 2689 2631
f 2631 2689 2690
f 2631 2690 2632
f 2632 2690 2691
f 2632 2691 2633
f 2633 2691 2692
f 2633 2692 2634
f 2634 2692 2693
f 2634 2693 2635
f 2635 2693 2694
f 2635 2694 2636
f 2636 2694 2695
f 2636 2695 2637
f 2637 2695 2696
f 2637 2696 2638
f 2638 2696 2697
f 2638 2697 2639
f 2639 2697 2698
f 2639 2698 2640
f 2640 2698 3726
f 2698 3776 3726
f 3727 3777 2641
f 3777 2699 2641
f 2641 2699 2700
f 2641 2700 2642
f 2642 2700 3728
f 2700 3778 3728
f 2643 2701 3725
f 2701 3775 3725
f 2643 2644 2702
f 2643 2702 2701
f 2644 2645 2703
f 2644 2703 2702
f 2645 2646 2704
f 2645 2704 2703
f 2647 999 3779
f 3779 2704 2647
f 2647 2704 2646
f 999 2647 3729
f 1000 3730 2648
f 2705 3780 1000
f 1000 2648 2705
f 2705 2648 2649
f 2649 2650 2706
f 2649 2706 2705
f 2650 2651 2707
f 2650 2707 2706
f 2651 2652 2708
f 2651 2708 2707
f 2652 2653 2709
f 2652 2709 2708
f 2653 2654 2710
f 2653 2710 2709
f 2654 2655 2711
f 2654 2711 2710
f 3726 3776 2655
f 3776 2711 2655
f 3727 3731 3781
f 3727 3781 3777
f 3728 3778 3782
f 3728 3782 3732
f 3779 999 2712
f 3729 2656 999
f 999 2656 2712
f 2712 2656 2713
f 2656 2657 2714
f 2656 2714 2713
f 2657 2658 2715
f 2657 2715 2714
f 1000 2716 3730
f 3730 2716 2658
f 2658 2716 2715
f 1000 3780 2716
f 3731 3733 3783
f 3731 3783 3781
f 3732 3782 3784
f 3732 3784 3734
f 3733 3735 3785
f 3733 3785 3783
f 3734 3784 3786
f 3734 3786 3736
f 3735 3737 3787
f 3735 3787 3785
f 3736 3786 3788
f 3736 3788 3738
f 3737 3739 3789
f 3737 3789 3787
f 3738 3788 3790
f 3738 3790 3740
f 3739 3741 3791
f 3739 3791 3789
f 3740 3790 3792
f 3740 3792 3742
f 3741 3743 3793
f 3741 3793 3791
f 3742 3792 3794
f 3742 3794 3744
f 3745 1001 2659
f 2659 1001 3746
f 3743 3747 3795
f 3743 3795 3793
f 3744 3794 3796
f 3744 3796 3748
f 3745 3749 1001
f 3749 1002 1001
f 1001 1002 3746
f 1002 3750 3746
f 3747 3751 3797
f 3747 3797 3795
f 3748 3796 3798
f 3748 3798 3752
f 3749 2660 1002
f 1002 2660 3750
f 3751 3753 3799
f 3751 3799 3797
f 3752 3798 3800
f 3752 3800 3754
f 3753 3755 3801
f 3753 3801 3799
f 3754 3800 3802
f 3754 3802 3756
f 3755 3757 3803
f 3755 3803 3801
f 3756 3802 3804
f 3756 3804 3758
f 3757 3759 3805
f 3757 3805 3803
f 3758 3804 3806
f 3758 3806 3760
f 3759 3761 3807
f 3759 3807 3805
f 3760 3806 3808
f 3760 3808 3762
f 3761 3763 3809
f 3761 3809 3807
f 3762 3808 3810
f 3762 3810 3764
f 3763 3765 3811
f 3763 3811 3809
f 3764 3810 3812
f 3764 3812 3766
f 3765 3767 3813
f 3765 3813 3811
f 3766 3812 3814
f 3766 3814 3768
f 3769 3815 2661
f 3815 2717 2661
f 2661 2717 2718
f 2661 2718 2662
f 2662 2718 2719
f 2662 2719 2663
f 2663 2719 2720
f 2663 2720 2664
f 2664 2720 2721
f 2664 2721 2665
f 2665 2721 2722
f 2665 2722 2666
f 2666 2722 2723
f 2666 2723 2667
f 3770 2667 1003
f 1003 2667 2724
f 2724 2667 2723
f 2724 3816 1003
f 2668 2725 3767
f 2725 3813 3767
f 2668 2669 2726
f 2668 2726 2725
f 3768 3814 2669
f 3814 2726 2669
f 3769 3771 3817
f 3769 3817 3815
f 3818 3772 2670
f 2727 3818 2670
f 2670 2671 2728
f 2670 2728 2727
f 1003 2729 3770
f 3770 2729 2671
f 2671 2729 2728
f 1003 3816 2729
f 3773 3819 2672
f 3819 2730 2672
f 2672 2730 2731
f 2672 2731 2673
f 2673 2731 2732
f 2673 2732 2674
f 2674 2732 3774
f 2732 3820 3774
f 2675 2733 3771
f 2733 3817 3771
f 2675 2676 2734
f 2675 2734 2733
f 2676 2677 2735
f 2676 2735 2734
f 2677 2678 2736
f 2677 2736 2735
f 2678 2679 2737
f 2678 2737 2736
f 3772 3818 2679
f 3818 2737 2679
f 2680 2738 3773
f 2738 3819 3773
f 2680 2681 2739
f 2680 2739 2738
f 2681 2682 2740
f 2681 2740 2739
f 3774 3820 2682
f 3820 2740 2682
f 3775 3821 2683
f 3821 2741 2683
f 2683 2741 2742
f 2683 2742 2684
f 2684 2742 2743
f 2684 2743 2685
f 2685 2743 2744
f 2685 2744 2686
f 2686 2744 2745
f 2686 2745 2687
f 2687 2745 2746
f 2687 2746 2688
f 2688 2746 2747
f 2688 2747 2689
f 2689 2747 2748
f 2689 2748 2690
f 2690 2748 2749
f 2690 2749 2691
f 2691 2749 2750
f 2691 2750 2692
f 2692 2750 2751
f 2692 2751 2693
f 2693 2751 2752
f 2693 2752 2694
f 2694 2752 2753
f 2694 2753 2695
f 2695 2753 2754
f 2695 2754 2696
f 2696 2754 2755
f 2696 2755 2697
f 2697 2755 2756
f 2697 2756 2698
f 2698 2756 3776
f 2756 3822 3776
f 3777 3823 2699
f 3823 2757 2699
f 2699 2757 2758
f 2699 2758 2700
f 2700 2758 3778
f 2758 3824 3778
f 2701 2759 3775
f 2759 3821 3775
f 2701 2702 2760
f 2701 2760 2759
f 2702 2703 2761
f 2702 2761 2760
f 2703 2704 2762
f 2703 2762 2761
f 2762 2704 3779
f 3825 2762 3779
f 3826 3780 2705
f 2763 3826 2705
f 2705 2706 2764
f 2705 2764 2763
f 2706 2707 2765
f 2706 2765 2764
f 2707 2708 2766
f 2707 2766 2765
f 2708 2709 2767
f 2708 2767 2766
f 2709 2710 2768
f 2709 2768 2767
f 2710 2711 2769
f 2710 2769 2768
f 3776 3822 2711
f 3822 2769 2711
f 3777 3781 3827
f 3777 3827 3823
f 3778 3824 3828
f 3778 3828 3782
f 2712 2770 3779
f 2770 3825 3779
f 2712 2713 2771
f 2712 2771 2770
f 2713 2714 2772
f 2713 2772 2771
f 2714 2715 2773
f 2714 2773 2772
f 2715 2716 2774
f 2715 2774 2773
f 3780 3826 2716
f 3826 2774 2716
f 3781 3783 3829
f 3781 3829 3827
f 3782 3828 3830
f 3782 3830 3784
f 3783 3785 3831
f 3783 3831 3829
f 3784 3830 3832
f 3784 3832 3786
f 3785 3787 3833
f 3785 3833 3831
f 3786 3832 3834
f 3786 3834 3788
f 3787 3789 3835
f 3787 3835 3833
f 3788 3834 3836
f 3788 3836 3790
f 3789 3791 3837
f 3789 3837 3835
f 3790 3836 3838
f 3790 3838 3792
f 3791 3793 3839
f 3791 3839 3837
f 3792 3838 3840
f 3792 3840 3794
f 3793 3795 3841
f 3793 3841 3839
f 3794 3840 3842
f 3794 3842 3796
f 3795 3797 3843
f 3795 3843 3841
f 3796 3842 3844
f 3796 3844 3798
f 3797 3799 3845
f 3797 3845 3843
f 3798 3844 3846
f 3798 3846 3800
f 3799 3801 3847
f 3799 3847 3845
f 3800 3846 3848
f 3800 3848 3802
f 3801 3803 3849
f 3801 3849 3847
f 3802 3848 3850
f 3802 3850 3804
f 3803 3805 3851
f 3803 3851 3849
f 3804 3850 3852
f 3804 3852 3806
f 3805 3807 3853
f 3805 3853 3851
f 3806 3852 3854
f 3806 3854 3808
f 3807 3809 3855
f 3807 3855 3853
f 3808 3854 3856
f 3808 3856 3810
f 3809 3811 3857
f 3809 3857 3855
f 3810 3856 3858
f 3810 3858 3812
f 3811 3813 3859
f 3811 3859 3857
f 3812 3858 3860
f 3812 3860 3814
f 3815 3861 2717
f 3861 2775 2717
f 2717 2775 2776
f 2717 2776 2718
f 2718 2776 2777
f 2718 2777 2719
f 2719 2777 2778
f 2719 2778 2720
f 2720 2778 2779
f 2720 2779 2721
f 2721 2779 2780
f 2721 2780 2722
f 2722 2780 2781
f 2722 2781 2723
f 2723 2781 2782
f 2723 2782 2724
f 2724 2782 3816
f 2782 3862 3816
f 2725 2783 3813
f 2783 3859 3813
f 2725 2726 2784
f 2725 2784 2783
f 3814 3860 2726
f 3860 2784 2726
f 3815 3817 3863
f 3815 3863 3861
f 1004 3818 2727
f 2785 3864 1004
f 1004 2727 2785
f 2785 2727 2728
f 2728 2729 2786
f 2728 2786 2785
f 3816 3862 2729
f 3862 2786 2729
f 3819 3865 2730
f 3865 2787 2730
f 2730 2787 2788
f 2730 2788 2731
f 2731 2788 2789
f 2731 2789 2732
f 2732 2789 3820
f 2789 3866 3820
f 2733 2790 3817
f 2790 3863 3817
f 2733 2734 2791
f 2733 2791 2790
f 2734 2735 2792
f 2734 2792 2791
f 2735 2736 2793
f 2735 2793 2792
f 2736 2737 2794
f 2736 2794 2793
f 1004 2795 3818
f 3818 2795 2737
f 2737 2795 2794
f 1004 3864 2795
f 2738 2796 3819
f 2796 3865 3819
f 2738 2739 2797
f 2738 2797 2796
f 2739 2740 2798
f 2739 2798 2797
f 3820 3866 2740
f 3866 2798 2740
f 3821 3867 2741
f 3867 2799 2741
f 2741 2799 2800
f 2741 2800 2742
f 2742 2800 2801
f 2742 2801 2743
f 2743 2801 2802
f 2743 2802 2744
f 2744 2802 2803
f 2744 2803 2745
f 2745 2803 2804
f 2745 2804 2746
f 2746 2804 2805
f 2746 2805 2747
f 2747 2805 2806
f 2747 2806 2748
f 2748 2806 2807
f 2748 2807 2749
f 2749 2807 2808
f 2749 2808 2750
f 2750 2808 2809
f 2750 2809 2751
f 2751 2809 2810
f 2751 2810 2752
f 2752 2810 2811
f 2752 2811 2753
f 2753 2811 2812
f 2753 2812 2754
f 2754 2812 2813
f 2754 2813 2755
f 2755 2813 2814
f 2755 2814 2756
f 2756 2814 3822
f 2814 3868 3822
f 3823 3869 2757
f 3869 2815 2757
f 2757 2815 2816
f 2757 2816 2758
f 2758 2816 3824
f 2816 3870 3824
f 2759 2817 3821
f 2817 3867 3821
f 2759 2760 2818
f 2759 2818 2817
f 2760 2761 2819
f 2760 2819 2818
f 2761 2762 2820
f 2761 2820 2819
f 2820 2762 3825
f 3871 2820 3825
f 3872 3826 2763
f 2821 3872 2763
f 2763 2764 2822
f 2763 2822 2821
f 2764 2765 2823
f 2764 2823 2822
f 2765 2766 2824
f 2765 2824 2823
f 2766 2767 2825
f 2766 2825 2824
f 2767 2768 2826
f 2767 2826 2825
f 2768 2769 2827
f 2768 2827 2826
f 3822 3868 2769
f 3868 2827 2769
f 3823 3827 3873
f 3823 3873 3869
f 3824 3870 3874
f 3824 3874 3828
f 2770 2828 3825
f 2828 3871 3825
f 2770 2771 2829
f 2770 2829 2828
f 2771 2772 2830
f 2771 2830 2829
f 2772 2773 2831
f 2772 2831 2830
f 2773 2774 2832
f 2773 2832 2831
f 3826 3872 2774
f 3872 2832 2774
f 3827 3829 3875
f 3827 3875 3873
f 3828 3874 3876
f 3828 3876 3830
f 3829 3831 3877
f 3829 3877 3875
f 3830 3876 3878
f 3830 3878 3832
f 3831 3833 3879
f 3831 3879 3877
f 3832 3878 3880
f 3832 3880 3834
f 3833 3835 3881
f 3833 3881 3879
f 3834 3880 3882
f 3834 3882 3836
f 3835 3837 3883
f 3835 3883 3881
f 3836 3882 3884
f 3836 3884 3838
f 3837 3839 3885
f 3837 3885 3883
f 3838 3884 3886
f 3838 3886 3840
f 3839 3841 3887
f 3839 3887 3885
f 3840 3886 3888
f 3840 3888 3842
f 3841 3843 3889
f 3841 3889 3887
f 3842 3888 3890
f 3842 3890 3844
f 3843 3845 3891
f 3843 3891 3889
f 3844 3890 3892
f 3844 3892 3846
f 3845 3847 3893
f 3845 3893 3891
f 3846 3892 3894
f 3846 3894 3848
f 3847 3849 3895
f 3847 3895 3893
f 3848 3894 3896
f 3848 3896 3850
f 3849 3851 3897
f 3849 3897 3895
f 3850 3896 3898
f 3850 3898 3852
f 3851 3853 3899
f 3851 3899 3897
f 3852 3898 3900
f 3852 3900 3854
f 3853 3855 3901
f 3853 3901 3899
f 3854 3900 3902
f 3854 3902 3856
f 3855 3857 3903
f 3855 3903 3901
f 3856 3902 3904
f 3856 3904 3858
f 3857 3859 3905
f 3857 3905 3903
f 3858 3904 3906
f 3858 3906 3860
f 3861 3907 2775
f 3907 2833 2775
f 1005 2776 3908
f 3908 2776 2833
f 2833 2776 2775
f 1005 1006 2776
f 1006 2777 2776
f 3909 2834 1006
f 1006 2834 2777
f 2777 2834 2778
f 2778 2834 2835
f 2778 2835 2779
f 2779 2835 2836
f 2779 2836 2780
f 2780 2836 2837
f 2780 2837 2781
f 1007 2782 3910
f 3910 2782 2837
f 2837 2782 2781
f 2782 1007 3862
f 2783 2838 3859
f 2838 3905 3859
f 2783 2784 2839
f 2783 2839 2838
f 3860 3906 2784
f 3906 2839 2784
f 3861 3863 3911
f 3861 3911 3907
f 1005 3908 2840
f 1006 1005 2840
f 2841 1006 2840
f 3909 1006 2841
f 2842 3912 1008
f 2842 1008 3864
f 3864 2785 2842
f 2842 2785 2843
f 3910 2843 1007
f 1007 2843 2786
f 2786 2843 2785
f 1007 2786 3862
f 3865 3913 2787
f 3913 2844 2787
f 2787 2844 2845
f 2787 2845 2788
f 2788 2845 2846
f 2788 2846 2789
f 2789 2846 3866
f 2846 3914 3866
f 2790 2847 3863
f 2847 3911 3863
f 2790 2791 2848
f 2790 2848 2847
f 2791 2792 2849
f 2791 2849 2848
f 2792 2793 2850
f 2792 2850 2849
f 2793 2794 2851
f 2793 2851 2850
f 3912 2851 1008
f 1008 2851 2795
f 2795 2851 2794
f 1008 2795 3864
f 2796 2852 3865
f 2852 3913 3865
f 2796 2797 2853
f 2796 2853 2852
f 2797 2798 2854
f 2797 2854 2853
f 3866 3914 2798
f 3914 2854 2798
f 3867 3915 2799
f 3915 2855 2799
f 2799 2855 2856
f 2799 2856 2800
f 2800 2856 2857
f 2800 2857 2801
f 2801 2857 2858
f 2801 2858 2802
f 2802 2858 2859
f 2802 2859 2803
f 2803 2859 2860
f 2803 2860 2804
f 2804 2860 2861
f 2804 2861 2805
f 2805 2861 2862
f 2805 2862 2806
f 2806 2862 2863
f 2806 2863 2807
f 2807 2863 2864
f 2807 2864 2808
f 2808 2864 2865
f 2808 2865 2809
f 2809 2865 2866
f 2809 2866 2810
f 2810 2866 2867
f 2810 2867 2811
f 2811 2867 2868
f 2811 2868 2812
f 2812 2868 2869
f 2812 2869 2813
f 2813 2869 2870
f 2813 2870 2814
f 2814 2870 3868
f 2870 3916 3868
f 3869 3917 2815
f 3917 2871 2815
f 2815 2871 2872
f 2815 2872 2816
f 2816 2872 3870
f 2872 3918 3870
f 2817 2873 3867
f 2873 3915 3867
f 2817 2818 2874
f 2817 2874 2873
f 2818 2819 2875
f 2818 2875 2874
f 2819 2820 2876
f 2819 2876 2875
f 2820 3871 1009
f 1009 2877 2820
f 2820 2877 2876
f 3919 2877 1009
f 2878 3920 1010
f 2879 2878 1010
f 1011 2879 1010
f 2879 1011 3872
f 3872 2821 2879
f 2879 2821 2880
f 2821 2822 2881
f 2821 2881 2880
f 2822 2823 2882
f 2822 2882 2881
f 2823 2824 2883
f 2823 2883 2882
f 2824 2825 2884
f 2824 2884 2883
f 2825 2826 2885
f 2825 2885 2884
f 2826 2827 2886
f 2826 2886 2885
f 3868 3916 2827
f 3916 2886 2827
f 3869 3873 3921
f 3869 3921 3917
f 3870 3918 3922
f 3870 3922 3874
f 3871 2828 1009
f 1009 2828 3919
f 3919 2828 2887
f 2887 2828 2829
f 2829 2830 2888
f 2829 2888 2887
f 3920 2888 1010
f 1010 2888 2831
f 2831 2888 2830
f 2831 2832 1010
f 2832 1011 1010
f 1011 2832 3872
f 3873 3875 3923
f 3873 3923 3921
f 3874 3922 3924
f 3874 3924 3876
f 3875 3877 3925
f 3875 3925 3923
f 3876 3924 3926
f 3876 3926 3878
f 3877 3879 3927
f 3877 3927 3925
f 3878 3926 3928
f 3878 3928 3880
f 3879 3881 3929
f 3879 3929 3927
f 3880 3928 3930
f 3880 3930 3882
f 3881 3883 3931
f 3881 3931 3929
f 3882 3930 3932
f 3882 3932 3884
f 3883 3885 3933
f 3883 3933 3931
f 3884 3932 3934
f 3884 3934 3886
f 3885 3887 3935
f 3885 3935 3933
f 3886 3934 3936
f 3886 3936 3888
f 3887 3889 3937
f 3887 3937 3935
f 3888 3936 3938
f 3888 3938 3890
f 3889 3891 3939
f 3889 3939 3937
f 3890 3938 3940
f 3890 3940 3892
f 3891 3893 3941
f 3891 3941 3939
f 3892 3940 3942
f 3892 3942 3894
f 3893 3895 3943
f 3893 3943 3941
f 3894 3942 3944
f 3894 3944 3896
f 3895 3897 3945
f 3895 3945 3943
f 3896 3944 3946
f 3896 3946 3898
f 3897 3899 3947
f 3897 3947 3945
f 3898 3946 3948
f 3898 3948 3900
f 3899 3901 3949
f 3899 3949 3947
f 3900 3948 3950
f 3900 3950 3902
f 3901 3903 3951
f 3901 3951 3949
f 3902 3950 3952
f 3902 3952 3904
f 3903 3905 3953
f 3903 3953 3951
f 3904 3952 3954
f 3904 3954 3906
f 3907 3955 2833
f 3955 2889 2833
f 2833 2889 3908
f 2889 3956 3908
f 3909 1012 2834
f 1012 1013 2834
f 1013 2835 2834
f 1013 1014 2835
f 1014 2836 2835
f 1014 1015 2836
f 1015 2837 2836
f 2837 1015 3910
f 2838 2890 3905
f 2890 3953 3905
f 2838 2839 2891
f 2838 2891 2890
f 3906 3954 2839
f 3954 2891 2839
f 3907 3911 3957
f 3907 3957 3955
f 2892 2840 3908
f 3956 2892 3908
f 2840 2892 2893
f 2840 2893 2841
f 2894 1012 3909
f 3909 2841 2894
f 2894 2841 2893
f 1012 2894 3958
f 3958 1016 1012
f 1012 1016 1013
f 2842 1014 3912
f 3912 1014 1016
f 1016 1014 1013
f 2842 2843 1014
f 2843 1015 1014
f 1015 2843 3910
f 3913 3959 2844
f 3959 2895 2844
f 2844 2895 2896
f 2844 2896 2845
f 2845 2896 2897
f 2845 2897 2846
f 2846 2897 3914
f 2897 3960 3914
f 2847 2898 3911
f 2898 3957 3911
f 2847 2848 2899
f 2847 2899 2898
f 2848 2849 2900
f 2848 2900 2899
f 2849 2850 2901
f 2849 2901 2900
f 3958 2901 1016
f 1016 2901 2851
f 2851 2901 2850
f 1016 2851 3912
f 2852 2902 3913
f 2902 3959 3913
f 2852 2853 2903
f 2852 2903 2902
f 2853 2854 2904
f 2853 2904 2903
f 3914 3960 2854
f 3960 2904 2854
f 3915 3961 2855
f 3961 2905 2855
f 2855 2905 2906
f 2855 2906 2856
f 2856 2906 2907
f 2856 2907 2857
f 2857 2907 2908
f 2857 2908 2858
f 2858 2908 2909
f 2858 2909 2859
f 2859 2909 2910
f 2859 2910 2860
f 2860 2910 2911
f 2860 2911 2861
f 2861 2911 2912
f 2861 2912 2862
f 2862 2912 2913
f 2862 2913 2863
f 2863 2913 2914
f 2863 2914 2864
f 2864 2914 2915
f 2864 2915 2865
f 2865 2915 2916
f 2865 2916 2866
f 2866 2916 2917
f 2866 2917 2867
f 2867 2917 2918
f 2867 2918 2868
f 2868 2918 2919
f 2868 2919 2869
f 2869 2919 2920
f 2869 2920 2870
f 2870 2920 3916
f 2920 3962 3916
f 3917 3963 2871
f 3963 2921 2871
f 2871 2921 2922
f 2871 2922 2872
f 2872 2922 3918
f 2922 3964 3918
f 2873 2923 3915
f 2923 3961 3915
f 2873 2874 2924
f 2873 2924 2923
f 2874 2875 2925
f 2874 2925 2924
f 2875 2876 2926
f 2875 2926 2925
f 2876 2877 2927
f 2876 2927 2926
f 2877 3919 1017
f 1017 2928 2877
f 2877 2928 2927
f 2929 2928 1017
f 1018 2929 1017
f 2929 1018 3920
f 3920 2878 2929
f 2929 2878 2930
f 2878 2879 2931
f 2878 2931 2930
f 2879 2880 2932
f 2879 2932 2931
f 2880 2881 2933
f 2880 2933 2932
f 2881 2882 2934
f 2881 2934 2933
f 2882 2883 2935
f 2882 2935 2934
f 2883 2884 2936
f 2883 2936 2935
f 2884 2885 2937
f 2884 2937 2936
f 2885 2886 2938
f 2885 2938 2937
f 3916 3962 2886
f 3962 2938 2886
f 3917 3921 3965
f 3917 3965 3963
f 3918 3964 3966
f 3918 3966 3922
f 3919 2887 1017
f 2887 2888 1017
f 2888 1018 1017
f 1018 2888 3920
f 3921 3923 3967
f 3921 3967 3965
f 3922 3966 3968
f 3922 3968 3924
f 3969 2939 1019
f 2939 3970 1019
f 3923 3925 3971
f 3923 3971 3967
f 3924 3968 3972
f 3924 3972 3926
f 3969 1019 2940
f 1019 3970 2940
f 3925 3927 3973
f 3925 3973 3971
f 3926 3972 3974
f 3926 3974 3928
f 3927 3929 3975
f 3927 3975 3973
f 3928 3974 3976
f 3928 3976 3930
f 3929 3931 3977
f 3929 3977 3975
f 3930 3976 3978
f 3930 3978 3932
f 3931 3933 3979
f 3931 3979 3977
f 3932 3978 3980
f 3932 3980 3934
f 3933 3935 3981
f 3933 3981 3979
f 3934 3980 3982
f 3934 3982 3936
f 3935 3937 3983
f 3935 3983 3981
f 3936 3982 3984
f 3936 3984 3938
f 3937 3939 3985
f 3937 3985 3983
f 3938 3984 3986
f 3938 3986 3940
f 3939 3941 3987
f 3939 3987 3985
f 3940 3986 3988
f 3940 3988 3942
f 3941 3943 3989
f 3941 3989 3987
f 3942 3988 3990
f 3942 3990 3944
f 3943 3945 3991
f 3943 3991 3989
f 3944 3990 3992
f 3944 3992 3946
f 3945 3947 3993
f 3945 3993 3991
f 3946 3992 3994
f 3946 3994 3948
f 3947 3949 3995
f 3947 3995 3993
f 3948 3994 3996
f 3948 3996 3950
f 3949 3951 3997
f 3949 3997 3995
f 3950 3996 3998
f 3950 3998 3952
f 3951 3953 3999
f 3951 3999 3997
f 3952 3998 4000
f 3952 4000 3954
f 3955 4001 2889
f 4001 2941 2889
f 2889 2941 3956
f 2941 4002 3956
f 2890 2942 3953
f 2942 3999 3953
f 2890 2891 2943
f 2890 2943 2942
f 3954 4000 2891
f 4000 2943 2891
f 2944 4001 1020
f 1020 4001 3957
f 3957 4001 3955
f 4003 2945 2892
f 2892 1020 4003
f 3956 1020 2892
f 3956 2944 1020
f 3956 4002 2944
f 2892 2945 2946
f 2892 2946 2893
f 1021 2894 4004
f 4004 2894 2946
f 2946 2894 2893
f 2894 1021 3958
f 3959 1022 2895
f 4005 2947 1022
f 1022 2947 2895
f 2895 2947 2896
f 2896 2947 2948
f 2896 2948 2897
f 2897 2948 3960
f 2948 4006 3960
f 3957 2898 1020
f 1020 2898 4003
f 4003 2898 2949
f 2949 2898 2899
f 2899 2900 2950
f 2899 2950 2949
f 4004 2950 1021
f 1021 2950 2901
f 2901 2950 2900
f 1021 2901 3958
f 3959 2902 1022
f 1022 2902 4005
f 4005 2902 2951
f 2951 2902 2903
f 2903 2904 2952
f 2903 2952 2951
f 3960 4006 2904
f 4006 2952 2904
f 3961 4007 2905
f 4007 2953 2905
f 2905 2953 2954
f 2905 2954 2906
f 2906 2954 2955
f 2906 2955 2907
f 2907 2955 2956
f 2907 2956 2908
f 2908 2956 2957
f 2908 2957 2909
f 2909 2957 2958
f 2909 2958 2910
f 2910 2958 2959
f 2910 2959 2911
f 2911 2959 2960
f 2911 2960 2912
f 2912 2960 2961
f 2912 2961 2913
f 2913 2961 2962
f 2913 2962 2914
f 2914 2962 2963
f 2914 2963 2915
f 2915 2963 2964
f 2915 2964 2916
f 2916 2964 2965
f 2916 2965 2917
f 2917 2965 2966
f 2917 2966 2918
f 2918 2966 2967
f 2918 2967 2919
f 2919 2967 2968
f 2919 2968 2920
f 2920 2968 3962
f 2968 4008 3962
f 3963 4009 2921
f 4009 2969 2921
f 1023 2922 4010
f 4010 2922 2969
f 2969 2922 2921
f 2922 1023 3964
f 1024 4011 2923
f 2923 4011 3961
f 3961 4011 4007
f 2970 4012 1024
f 1024 2923 2970
f 2970 2923 2924
f 2924 2925 2971
f 2924 2971 2970
f 2926 1025 4013
f 4013 2971 2926
f 2926 2971 2925
f 1026 1025 2926
f 2927 1026 2926
f 1027 1026 2927
f 2928 1027 2927
f 1028 1027 2928
f 2929 1028 2928
f 1029 1028 2929
f 2930 1029 2929
f 1030 1029 2930
f 2931 1030 2930
f 2972 4014 1030
f 1030 2931 2972
f 2972 2931 2932
f 2932 2933 2973
f 2932 2973 2972
f 2933 2934 2974
f 2933 2974 2973
f 2934 2935 2975
f 2934 2975 2974
f 2935 2936 2976
f 2935 2976 2975
f 2936 2937 2977
f 2936 2977 2976
f 2937 2938 2978
f 2937 2978 2977
f 3962 4008 2938
f 4008 2978 2938
f 3963 3965 4015
f 3963 4015 4009
f 1023 4010 2979
f 2979 4016 1023
f 1023 4016 3964
f 3964 4016 3966
f 1024 1031 4011
f 1031 4017 4011
f 4012 4018 1024
f 4018 1031 1024
f 4019 2980 1032
f 4013 1025 2980
f 2980 1025 1032
f 1032 1025 1033
f 1025 1026 1034
f 1025 1034 1033
f 1026 1027 1035
f 1026 1035 1034
f 1027 1028 1036
f 1027 1036 1035
f 1028 1029 1037
f 1028 1037 1036
f 1029 1030 1038
f 1029 1038 1037
f 2981 1039 4014
f 4014 1039 1030
f 1030 1039 1038
f 2981 2982 1039
f 2982 1040 1039
f 2982 2983 1040
f 2983 1041 1040
f 2983 4020 1041
f 3965 3967 4021
f 3965 4021 4015
f 3966 4016 4022
f 3966 4022 3968
f 4017 1031 2984
f 1031 4018 2984
f 1032 1042 4019
f 1042 4023 4019
f 1032 1033 1043
f 1032 1043 1042
f 1033 1034 1044
f 1033 1044 1043
f 1034 1035 1045
f 1034 1045 1044
f 1036 2939 3969
f 3969 1045 1036
f 1036 1045 1035
f 1046 3970 2939
f 2939 1036 1046
f 1046 1036 1037
f 1037 1038 1047
f 1037 1047 1046
f 1038 1039 1048
f 1038 1048 1047
f 1039 1040 1049
f 1039 1049 1048
f 1040 1041 1050
f 1040 1050 1049
f 4020 4024 1041
f 4024 1050 1041
f 3967 3971 4025
f 3967 4025 4021
f 3968 4022 4026
f 3968 4026 3972
f 1042 1051 4023
f 1051 4027 4023
f 1042 1043 1052
f 1042 1052 1051
f 1043 1044 1053
f 1043 1053 1052
f 1044 1045 1054
f 1044 1054 1053
f 1045 3969 2940
f 2940 1055 1045
f 1045 1055 1054
f 1055 2940 3970
f 3970 1046 1055
f 1055 1046 1056
f 1046 1047 1057
f 1046 1057 1056
f 1047 1048 1058
f 1047 1058 1057
f 1048 1049 1059
f 1048 1059 1058
f 1049 1050 1060
f 1049 1060 1059
f 4024 4028 1050
f 4028 1060 1050
f 3971 3973 4029
f 3971 4029 4025
f 3972 4026 4030
f 3972 4030 3974
f 1051 1061 4027
f 1061 4031 4027
f 1051 1052 1062
f 1051 1062 1061
f 1052 1053 1063
f 1052 1063 1062
f 1053 1054 1064
f 1053 1064 1063
f 1054 1055 1065
f 1054 1065 1064
f 1055 1056 1066
f 1055 1066 1065
f 1056 1057 1067
f 1056 1067 1066
f 1057 1058 1068
f 1057 1068 1067
f 1058 1059 1069
f 1058 1069 1068
f 1059 1060 1070
f 1059 1070 1069
f 4028 4032 1060
f 4032 1070 1060
f 3973 3975 4033
f 3973 4033 4029
f 3974 4030 4034
f 3974 4034 3976
f 4031 1061 2985
f 2985 1061 4035
f 4035 1061 1071
f 1071 1061 1062
f 1062 1063 1072
f 1062 1072 1071
f 1063 1064 1073
f 1063 1073 1072
f 1064 1065 1074
f 1064 1074 1073
f 1065 1066 1075
f 1065 1075 1074
f 1066 1067 1076
f 1066 1076 1075
f 1067 1068 1077
f 1067 1077 1076
f 1068 1069 1078
f 1068 1078 1077
f 4036 1078 2986
f 2986 1078 1070
f 1070 1078 1069
f 1070 4032 2986
f 3975 3977 4037
f 3975 4037 4033
f 3976 4034 4038
f 3976 4038 3978
f 1071 1079 4035
f 1079 4039 4035
f 1071 1072 1080
f 1071 1080 1079
f 1072 1073 1081
f 1072 1081 1080
f 1073 1074 1082
f 1073 1082 1081
f 1074 1075 1083
f 1074 1083 1082
f 1075 1076 1084
f 1075 1084 1083
f 1076 1077 1085
f 1076 1085 1084
f 4040 1085 2987
f 2987 1085 1078
f 1078 1085 1077
f 1078 4036 2987
f 3977 3979 4041
f 3977 4041 4037
f 3978 4038 4042
f 3978 4042 3980
f 4039 1079 2988
f 2988 1079 4043
f 4043 1079 1086
f 1086 1079 1080
f 1080 1081 1087
f 1080 1087 1086
f 1081 1082 1088
f 1081 1088 1087
f 1082 1083 1089
f 1082 1089 1088
f 4044 1089 2989
f 2989 1089 1084
f 1084 1089 1083
f 1084 1085 2989
f 1085 2990 2989
f 1085 4040 2990
f 3979 3981 4045
f 3979 4045 4041
f 3980 4042 4046
f 3980 4046 3982
f 4043 1086 2991
f 2991 1086 4047
f 4047 1086 1090
f 1090 1086 1087
f 1087 1088 1091
f 1087 1091 1090
f 4048 1091 2992
f 2992 1091 1089
f 1089 1091 1088
f 1089 4044 2992
f 3981 3983 4049
f 3981 4049 4045
f 3982 4046 4050
f 3982 4050 3984
f 4047 1090 2993
f 1090 1091 2993
f 1091 2994 2993
f 1091 4048 2994
f 3983 3985 4051
f 3983 4051 4049
f 3984 4050 4052
f 3984 4052 3986
f 4053 2995 1092
f 2995 2996 1092
f 2996 1093 1092
f 2996 4054 1093
f 3985 3987 4055
f 3985 4055 4051
f 3986 4052 4056
f 3986 4056 3988
f 4057 2997 1094
f 4053 1092 2997
f 2997 1092 1094
f 1094 1092 1095
f 1092 1093 1096
f 1092 1096 1095
f 2998 1097 4054
f 4054 1097 1093
f 1093 1097 1096
f 2998 4058 1097
f 3987 3989 4059
f 3987 4059 4055
f 3988 4056 4060
f 3988 4060 3990
f 1094 1098 4057
f 1098 4061 4057
f 1094 1095 1099
f 1094 1099 1098
f 1095 1096 1100
f 1095 1100 1099
f 1096 1097 1101
f 1096 1101 1100
f 4058 4062 1097
f 4062 1101 1097
f 3989 3991 4063
f 3989 4063 4059
f 3990 4060 4064
f 3990 4064 3992
f 4065 2999 1102
f 4061 1098 2999
f 2999 1098 1102
f 1102 1098 1103
f 1098 1099 1104
f 1098 1104 1103
f 1099 1100 1105
f 1099 1105 1104
f 1100 1101 1106
f 1100 1106 1105
f 3000 1107 4062
f 4062 1107 1101
f 1101 1107 1106
f 3000 4066 1107
f 3991 3993 4067
f 3991 4067 4063
f 3992 4064 4068
f 3992 4068 3994
f 1102 1108 4065
f 1108 4069 4065
f 1102 1103 1109
f 1102 1109 1108
f 1103 1104 1110
f 1103 1110 1109
f 1104 1105 1111
f 1104 1111 1110
f 1105 1106 1112
f 1105 1112 1111
f 1106 1107 1113
f 1106 1113 1112
f 3001 1114 4066
f 4066 1114 1107
f 1107 1114 1113
f 3001 3002 1114
f 3002 1115 1114
f 3002 4070 1115
f 3993 3995 4071
f 3993 4071 4067
f 3994 4068 4072
f 3994 4072 3996
f 4073 3003 1116
f 4069 1108 3003
f 3003 1108 1116
f 1116 1108 1117
f 1108 1109 1118
f 1108 1118 1117
f 1109 1110 1119
f 1109 1119 1118
f 1110 1111 1120
f 1110 1120 1119
f 1111 1112 1121
f 1111 1121 1120
f 1112 1113 1122
f 1112 1122 1121
f 1113 1114 1123
f 1113 1123 1122
f 1114 1115 1124
f 1114 1124 1123
f 3004 1125 4070
f 4070 1125 1115
f 1115 1125 1124
f 3004 4074 1125
f 3995 3997 4075
f 3995 4075 4071
f 3996 4072 4076
f 3996 4076 3998
f 4077 3005 1126
f 3005 4078 1126
f 1116 1127 4073
f 1127 4079 4073
f 1116 1117 1128
f 1116 1128 1127
f 1117 1118 1129
f 1117 1129 1128
f 1118 1119 1130
f 1118 1130 1129
f 1119 1120 1131
f 1119 1131 1130
f 1120 1121 1132
f 1120 1132 1131
f 1121 1122 1133
f 1121 1133 1132
f 1122 1123 1134
f 1122 1134 1133
f 1123 1124 1135
f 1123 1135 1134
f 1124 1125 1136
f 1124 1136 1135
f 4074 4080 1125
f 4080 1136 1125
f 3997 3999 4081
f 3997 4081 4075
f 3006 4082 1137
f 1137 4000 3006
f 3006 4000 4076
f 4076 4000 3998
f 2941 4001 1126
f 1126 4001 4077
f 4077 4001 4083
f 4078 2941 1126
f 4078 4002 2941
f 4078 3007 4002
f 3007 1138 4002
f 4079 1127 3007
f 3007 1127 1138
f 1138 1127 1139
f 1127 1128 1140
f 1127 1140 1139
f 1128 1129 1141
f 1128 1141 1140
f 1129 1130 1142
f 1129 1142 1141
f 1130 1131 1143
f 1130 1143 1142
f 1131 1132 1144
f 1131 1144 1143
f 1132 1133 1145
f 1132 1145 1144
f 4084 1145 3008
f 3008 1145 1134
f 1134 1145 1133
f 1134 1135 3008
f 1135 3009 3008
f 1135 1136 3009
f 1136 3010 3009
f 1136 4080 3010
f 4085 3011 1146
f 3011 3012 1146
f 3012 1147 1146
f 3012 3013 1147
f 3013 1148 1147
f 3013 4086 1148
f 2942 3014 3999
f 3014 4081 3999
f 4082 3014 1137
f 1137 3014 2943
f 2943 3014 2942
f 1137 2943 4000
f 2944 3015 4001
f 3015 4083 4001
f 1138 3016 4002
f 4002 3016 2944
f 2944 3016 3015
f 1149 2945 4003
f 2945 1149 1150
f 2945 1150 2946
f 1138 1139 3017
f 3017 3016 1138
f 3018 3017 1140
f 3017 1139 1140
f 4004 2946 1150
f 1140 1141 3018
f 1141 3019 3018
f 1141 1142 3019
f 1142 3020 3019
f 1142 1143 3020
f 1143 3021 3020
f 1143 1144 3021
f 1144 3022 3021
f 1144 1145 3022
f 1145 3023 3022
f 1145 4084 3023
f 4085 1146 3024
f 1146 1147 3024
f 1147 3025 3024
f 4005 1151 2947
f 3025 1147 1148
f 1148 4087 3025
f 2948 4087 1148
f 2948 1151 4087
f 2948 2947 1151
f 1148 4086 2948
f 2948 4086 4006
f 4006 4086 4088
f 4003 2949 1149
f 2949 2950 1149
f 2950 1150 1149
f 1150 2950 4004
f 4005 2951 1151
f 1151 2951 4087
f 4087 2951 3026
f 3026 2951 2952
f 4006 4088 2952
f 4088 3026 2952
f 4007 1152 2953
f 1152 1153 2953
f 1153 2954 2953
f 1153 1154 2954
f 1154 2955 2954
f 1154 1155 2955
f 1155 2956 2955
f 1155 1156 2956
f 1156 2957 2956
f 1156 1157 2957
f 1157 2958 2957
f 1157 1158 2958
f 1158 2959 2958
f 1158 1159 2959
f 1159 2960 2959
f 1159 1160 2960
f 1160 2961 2960
f 1160 1161 2961
f 1161 2962 2961
f 1161 1162 2962
f 1162 2963 2962
f 1162 1163 2963
f 1163 2964 2963
f 1163 1164 2964
f 1164 2965 2964
f 1164 1165 2965
f 1165 2966 2965
f 1165 1166 2966
f 1166 2967 2966
f 4089 3027 1166
f 1166 3027 2967
f 2967 3027 2968
f 2968 3027 4008
f 3027 4090 4008
f 4009 1167 2969
f 2969 1167 4010
f 1152 4007 3028
f 3028 4007 4091
f 4091 4007 4011
f 2970 1153 1152
f 1152 4012 2970
f 3028 4012 1152
f 3028 1168 4012
f 3028 3029 1168
f 1154 1153 2971
f 1153 2970 2971
f 4092 1168 3029
f 4013 1169 2971
f 2971 1169 1154
f 1154 1169 1155
f 1155 1169 1170
f 1155 1170 1156
f 1156 1170 1171
f 1156 1171 1157
f 1157 1171 1172
f 1157 1172 1158
f 1158 1172 1173
f 1158 1173 1159
f 1159 1173 1174
f 1159 1174 1160
f 2972 1161 4014
f 4014 1161 1174
f 1174 1161 1160
f 2972 2973 1161
f 2973 1162 1161
f 2973 2974 1162
f 2974 1163 1162
f 2974 2975 1163
f 2975 1164 1163
f 2975 2976 1164
f 2976 1165 1164
f 2976 2977 1165
f 2977 1166 1165
f 4093 3030 1175
f 1166 2977 2978
f 2978 4089 1166
f 1176 4089 2978
f 1176 3030 4089
f 1176 1175 3030
f 2978 4008 1176
f 1176 4008 4094
f 4094 4008 4090
f 4009 4015 1167
f 4015 1177 1167
f 4010 1167 2979
f 2979 1167 1178
f 1178 1167 1177
f 2979 1178 4016
f 4011 4017 4095
f 4011 4095 4091
f 4018 4012 1168
f 1179 4018 1168
f 4092 4096 1168
f 4096 1179 1168
f 2980 4019 1180
f 2980 1180 4013
f 4013 1180 1169
f 1169 1180 1181
f 1169 1181 1182
f 1169 1182 1170
f 1170 1182 1183
f 1170 1183 1171
f 1171 1183 1184
f 1171 1184 1172
f 1172 1184 1185
f 1172 1185 1173
f 1173 1185 1186
f 1173 1186 1174
f 4014 1174 2981
f 2981 1174 1187
f 1187 1174 1186
f 1187 1188 2981
f 1188 2982 2981
f 1188 1189 2982
f 1189 2983 2982
f 2983 1189 4020
f 4097 3031 1190
f 4093 1175 3031
f 3031 1175 1190
f 1190 1175 1191
f 1175 1176 1192
f 1175 1192 1191
f 4094 4098 1176
f 4098 1192 1176
f 4015 4021 1177
f 4021 1193 1177
f 1177 1193 1194
f 1177 1194 1178
f 1178 1194 4016
f 1194 4022 4016
f 1195 4099 2984
f 2984 4099 4017
f 4017 4099 4095
f 1195 2984 4018
f 4018 1179 1195
f 1195 1179 1196
f 1179 4096 4100
f 1179 4100 1196
f 4019 4023 1197
f 1197 1180 4019
f 1180 1197 1198
f 1180 1198 1181
f 1181 1198 1199
f 1181 1199 1182
f 1182 1199 1200
f 1182 1200 1183
f 1183 1200 1201
f 1183 1201 1184
f 1184 1201 1202
f 1184 1202 1185
f 1185 1202 1203
f 1185 1203 1186
f 1186 1203 1204
f 1186 1204 1187
f 1187 1204 1205
f 1187 1205 1188
f 1188 1205 1206
f 1188 1206 1189
f 1189 1206 4020
f 1206 4024 4020
f 1190 1207 4097
f 1207 4101 4097
f 1190 1191 1208
f 1190 1208 1207
f 1191 1192 1209
f 1191 1209 1208
f 4098 4102 1192
f 4102 1209 1192
f 4021 4025 1193
f 4025 1210 1193
f 1193 1210 1211
f 1193 1211 1194
f 1194 1211 4022
f 1211 4026 4022
f 1195 1212 4099
f 1212 4103 4099
f 1195 1196 1213
f 1195 1213 1212
f 1196 4100 4104
f 1196 4104 1213
f 4023 4027 1214
f 1214 1197 4023
f 1197 1214 1215
f 1197 1215 1198
f 1198 1215 1216
f 1198 1216 1199
f 1199 1216 1217
f 1199 1217 1200
f 1200 1217 1218
f 1200 1218 1201
f 1201 1218 1219
f 1201 1219 1202
f 1202 1219 1220
f 1202 1220 1203
f 1203 1220 1221
f 1203 1221 1204
f 1204 1221 1222
f 1204 1222 1205
f 1205 1222 1223
f 1205 1223 1206
f 1206 1223 4024
f 1223 4028 4024
f 3032 1224 4105
f 4101 1207 3032
f 3032 1207 1224
f 1224 1207 1225
f 1207 1208 1226
f 1207 1226 1225
f 1208 1209 1227
f 1208 1227 1226
f 4102 4106 1209
f 4106 1227 1209
f 4025 4029 1210
f 4029 1228 1210
f 1210 1228 1229
f 1210 1229 1211
f 1211 1229 4026
f 1229 4030 4026
f 1212 1230 4103
f 1230 4107 4103
f 1212 1213 1231
f 1212 1231 1230
f 1213 4104 4108
f 1213 4108 1231
f 4027 4031 1232
f 1232 1214 4027
f 1214 1232 1233
f 1214 1233 1215
f 1215 1233 1234
f 1215 1234 1216
f 1216 1234 1235
f 1216 1235 1217
f 1217 1235 1236
f 1217 1236 1218
f 1218 1236 1237
f 1218 1237 1219
f 1219 1237 1238
f 1219 1238 1220
f 1220 1238 1239
f 1220 1239 1221
f 1221 1239 1240
f 1221 1240 1222
f 1222 1240 1241
f 1222 1241 1223
f 4032 4028 1241
f 4028 1223 1241
f 3033 4105 1224
f 3033 1224 4109
f 4109 1224 1242
f 1242 1224 1225
f 1225 1226 1243
f 1225 1243 1242
f 1226 1227 1244
f 1226 1244 1243
f 4106 4110 1227
f 4110 1244 1227
f 4029 4033 1228
f 4033 1245 1228
f 1228 1245 1246
f 1228 1246 1229
f 1229 1246 4030
f 1246 4034 4030
f 1230 1247 4107
f 1247 4111 4107
f 1230 1231 1248
f 1230 1248 1247
f 1248 1231 4112
f 1231 4108 4112
f 2985 1232 4031
f 4035 1249 2985
f 2985 1249 1232
f 1232 1249 1233
f 1233 1249 1250
f 1233 1250 1234
f 1234 1250 1251
f 1234 1251 1235
f 1235 1251 1252
f 1235 1252 1236
f 1236 1252 1253
f 1236 1253 1237
f 1237 1253 1254
f 1237 1254 1238
f 1238 1254 1255
f 1238 1255 1239
f 1239 1255 1256
f 1239 1256 1240
f 2986 1241 4036
f 4036 1241 1256
f 1256 1241 1240
f 1241 2986 4032
f 1242 1257 4109
f 1257 4113 4109
f 1242 1243 1258
f 1242 1258 1257
f 1243 1244 1259
f 1243 1259 1258
f 4110 4114 1244
f 4114 1259 1244
f 4033 4037 1245
f 4037 1260 1245
f 1245 1260 1261
f 1245 1261 1246
f 1246 1261 4034
f 1261 4038 4034
f 1247 1262 4111
f 1262 4115 4111
f 1247 1248 1263
f 1247 1263 1262
f 4112 4116 1248
f 4116 1263 1248
f 4035 4039 1249
f 4039 1264 1249
f 1249 1264 1265
f 1249 1265 1250
f 1250 1265 1266
f 1250 1266 1251
f 1251 1266 1267
f 1251 1267 1252
f 1252 1267 1268
f 1252 1268 1253
f 1253 1268 1269
f 1253 1269 1254
f 1254 1269 1270
f 1254 1270 1255
f 2987 1256 4040
f 4040 1256 1270
f 1270 1256 1255
f 1256 2987 4036
f 1257 1271 4113
f 1271 4117 4113
f 1257 1258 1272
f 1257 1272 1271
f 1258 1259 1273
f 1258 1273 1272
f 4114 4118 1259
f 4118 1273 1259
f 4037 4041 1260
f 4041 1274 1260
f 1260 1274 1275
f 1260 1275 1261
f 1261 1275 4038
f 1275 4042 4038
f 1262 1276 4115
f 1276 4119 4115
f 1262 1263 1277
f 1262 1277 1276
f 4116 4120 1263
f 4120 1277 1263
f 4039 2988 1264
f 4043 1278 2988
f 2988 1278 1264
f 1264 1278 1265
f 1265 1278 1279
f 1265 1279 1266
f 1266 1279 1280
f 1266 1280 1267
f 1267 1280 1281
f 1267 1281 1268
f 2989 1269 4044
f 4044 1269 1281
f 1281 1269 1268
f 2989 2990 1269
f 2990 1270 1269
f 1270 2990 4040
f 1271 1282 4117
f 1282 4121 4117
f 1271 1272 1283
f 1271 1283 1282
f 1272 1273 1284
f 1272 1284 1283
f 4118 4122 1273
f 4122 1284 1273
f 4041 4045 1274
f 4045 1285 1274
f 1274 1285 1286
f 1274 1286 1275
f 1275 1286 4042
f 1286 4046 4042
f 1276 1287 4119
f 1287 4123 4119
f 1276 1277 1288
f 1276 1288 1287
f 4120 4124 1277
f 4124 1288 1277
f 4043 2991 1278
f 4047 1289 2991
f 2991 1289 1278
f 1278 1289 1279
f 1279 1289 1290
f 1279 1290 1280
f 2992 1281 4048
f 4048 1281 1290
f 1290 1281 1280
f 1281 2992 4044
f 1282 1291 4121
f 1291 4125 4121
f 1282 1283 1292
f 1282 1292 1291
f 1283 1284 1293
f 1283 1293 1292
f 4122 4126 1284
f 4126 1293 1284
f 4045 4049 1285
f 4049 1294 1285
f 1285 1294 1295
f 1285 1295 1286
f 1286 1295 4046
f 1295 4050 4046
f 1287 1296 4123
f 1296 4127 4123
f 1287 1288 1297
f 1287 1297 1296
f 4124 4128 1288
f 4128 1297 1288
f 4047 2993 1289
f 2993 2994 1289
f 2994 1290 1289
f 1290 2994 4048
f 1291 1298 4125
f 1298 4129 4125
f 1291 1292 1299
f 1291 1299 1298
f 1292 1293 1300
f 1292 1300 1299
f 4126 4130 1293
f 4130 1300 1293
f 4049 4051 1294
f 4051 1301 1294
f 1294 1301 1302
f 1294 1302 1295
f 1295 1302 4050
f 1302 4052 4050
f 1296 1303 4127
f 1303 4131 4127
f 1296 1297 1304
f 1296 1304 1303
f 4128 4132 1297
f 4132 1304 1297
f 4053 1305 2995
f 1305 1306 2995
f 1306 2996 2995
f 2996 1306 4054
f 1298 1307 4129
f 1307 4133 4129
f 1298 1299 1308
f 1298 1308 1307
f 1299 1300 1309
f 1299 1309 1308
f 4130 4134 1300
f 4134 1309 1300
f 4051 4055 1301
f 4055 1310 1301
f 1301 1310 1311
f 1301 1311 1302
f 1302 1311 4052
f 1311 4056 4052
f 1303 1312 4131
f 1312 4135 4131
f 1303 1304 1313
f 1303 1313 1312
f 4132 4136 1304
f 4136 1313 1304
f 4057 1314 2997
f 2997 1314 4053
f 4053 1314 1305
f 1305 1314 1315
f 1305 1315 1316
f 1305 1316 1306
f 4054 1306 2998
f 2998 1306 1317
f 1317 1306 1316
f 2998 1317 4058
f 1307 1318 4133
f 1318 4137 4133
f 1307 1308 1319
f 1307 1319 1318
f 1308 1309 1320
f 1308 1320 1319
f 4134 4138 1309
f 4138 1320 1309
f 4055 4059 1310
f 4059 1321 1310
f 1310 1321 1322
f 1310 1322 1311
f 1311 1322 4056
f 1322 4060 4056
f 1312 1323 4135
f 1323 4139 4135
f 1312 1313 1324
f 1312 1324 1323
f 4136 4140 1313
f 4140 1324 1313
f 4057 4061 1314
f 4061 1325 1314
f 1314 1325 1326
f 1314 1326 1315
f 1315 1326 1327
f 1315 1327 1316
f 1316 1327 1328
f 1316 1328 1317
f 1317 1328 4058
f 1328 4062 4058
f 1318 1329 4137
f 1329 4141 4137
f 1318 1319 1330
f 1318 1330 1329
f 1319 1320 1331
f 1319 1331 1330
f 4138 4142 1320
f 4142 1331 1320
f 4059 4063 1321
f 4063 1332 1321
f 1321 1332 1333
f 1321 1333 1322
f 1322 1333 4060
f 1333 4064 4060
f 1323 1334 4139
f 1334 4143 4139
f 1323 1324 1335
f 1323 1335 1334
f 4140 4144 1324
f 4144 1335 1324
f 4065 1336 2999
f 2999 1336 4061
f 4061 1336 1325
f 1325 1336 1337
f 1325 1337 1338
f 1325 1338 1326
f 1326 1338 1339
f 1326 1339 1327
f 1327 1339 1340
f 1327 1340 1328
f 4062 1328 3000
f 3000 1328 1341
f 1341 1328 1340
f 3000 1341 4066
f 1329 1342 4141
f 1342 4145 4141
f 1329 1330 1343
f 1329 1343 1342
f 1330 1331 1344
f 1330 1344 1343
f 4142 4146 1331
f 4146 1344 1331
f 4063 4067 1332
f 4067 1345 1332
f 1332 1345 1346
f 1332 1346 1333
f 1333 1346 4064
f 1346 4068 4064
f 1334 1347 4143
f 1347 4147 4143
f 1334 1335 1348
f 1334 1348 1347
f 4144 4148 1335
f 4148 1348 1335
f 4065 4069 1336
f 4069 1349 1336
f 1336 1349 1350
f 1336 1350 1337
f 1337 1350 1351
f 1337 1351 1338
f 1338 1351 1352
f 1338 1352 1339
f 1339 1352 1353
f 1339 1353 1340
f 1340 1353 1354
f 1340 1354 1341
f 4066 1341 3001
f 3001 1341 1355
f 1355 1341 1354
f 1355 1356 3001
f 1356 3002 3001
f 3002 1356 4070
f 1342 1357 4145
f 1357 4149 4145
f 1342 1343 1358
f 1342 1358 1357
f 1343 1344 1359
f 1343 1359 1358
f 4146 4150 1344
f 4150 1359 1344
f 4067 4071 1345
f 4071 1360 1345
f 1345 1360 1361
f 1345 1361 1346
f 1346 1361 4068
f 1361 4072 4068
f 1347 1362 4147
f 1362 4151 4147
f 1347 1348 1363
f 1347 1363 1362
f 4148 4152 1348
f 4152 1363 1348
f 3003 4073 1364
f 3003 1364 4069
f 4069 1364 1349
f 1349 1364 1365
f 1349 1365 1366
f 1349 1366 1350
f 1350 1366 1367
f 1350 1367 1351
f 1351 1367 1368
f 1351 1368 1352
f 1352 1368 1369
f 1352 1369 1353
f 1353 1369 1370
f 1353 1370 1354
f 1354 1370 1371
f 1354 1371 1355
f 1355 1371 1372
f 1355 1372 1356
f 4070 1356 3004
f 3004 1356 1373
f 1373 1356 1372
f 3004 1373 4074
f 1357 1374 4149
f 1374 4153 4149
f 1357 1358 1375
f 1357 1375 1374
f 1358 1359 1376
f 1358 1376 1375
f 4150 4154 1359
f 4154 1376 1359
f 4071 4075 1360
f 4075 1377 1360
f 1360 1377 1378
f 1360 1378 1361
f 1361 1378 4072
f 1378 4076 4072
f 3005 4077 1362
f 1362 4077 4151
f 4151 4077 4155
f 1379 4078 3005
f 3005 1362 1379
f 1379 1362 1363
f 1363 4152 4156
f 1363 4156 1379
f 4073 4079 1380
f 1380 1364 4073
f 1364 1380 1381
f 1364 1381 1365
f 1365 1381 1382
f 1365 1382 1366
f 1366 1382 1383
f 1366 1383 1367
f 1367 1383 1384
f 1367 1384 1368
f 1368 1384 1385
f 1368 1385 1369
f 1369 1385 1386
f 1369 1386 1370
f 1370 1386 1387
f 1370 1387 1371
f 1371 1387 1388
f 1371 1388 1372
f 1372 1388 1389
f 1372 1389 1373
f 1373 1389 4074
f 1389 4080 4074
f 1374 1390 4153
f 1390 4157 4153
f 1374 1375 1391
f 1374 1391 1390
f 1375 1376 1392
f 1375 1392 1391
f 4154 4158 1376
f 4158 1392 1376
f 4075 4081 1377
f 4081 1393 1377
f 3006 1378 4082
f 4082 1378 1393
f 1393 1378 1377
f 1378 3006 4076
f 4077 4083 4159
f 4077 4159 4155
f 3007 4078 1379
f 1379 4156 4160
f 4160 3007 1379
f 1394 3007 4160
f 1394 4079 3007
f 1394 1380 4079
f 1380 1394 1395
f 1380 1395 1381
f 1381 1395 1396
f 1381 1396 1382
f 1382 1396 1397
f 1382 1397 1383
f 1383 1397 1398
f 1383 1398 1384
f 1384 1398 1399
f 1384 1399 1385
f 1385 1399 1400
f 1385 1400 1386
f 3008 1387 4084
f 4084 1387 1400
f 1400 1387 1386
f 3008 3009 1387
f 3009 1388 1387
f 3009 3010 1388
f 3010 1389 1388
f 1389 3010 4080
f 3034 4157 1390
f 4085 1401 3011
f 3034 1390 1391
f 1391 4161 3034
f 3012 4161 1391
f 3012 1401 4161
f 3012 3011 1401
f 3013 3012 1391
f 1392 3013 1391
f 1392 4158 3013
f 3013 4158 4086
f 4086 4158 4162
f 4081 3014 1393
f 1393 3014 4082
f 3015 3035 4083
f 3035 4159 4083
f 3015 3016 3036
f 3015 3036 3035
f 4160 3036 1394
f 1394 3036 3017
f 3017 3036 3016
f 3017 3018 1394
f 3018 1395 1394
f 3018 3019 1395
f 3019 1396 1395
f 3019 3020 1396
f 3020 1397 1396
f 3020 3021 1397
f 3021 1398 1397
f 3021 3022 1398
f 3022 1399 1398
f 3022 3023 1399
f 3023 1400 1399
f 1400 3023 4084
f 4085 3024 1401
f 1401 3024 4161
f 4161 3024 3037
f 3037 3024 3025
f 3025 4087 1402
f 1402 3038 3025
f 3025 3038 3037
f 1402 4088 3038
f 3038 4088 4162
f 4162 4088 4086
f 4087 3026 1402
f 1402 3026 4088
f 4089 1403 3027
f 3027 1403 4090
f 4091 1404 3028
f 1404 1405 3028
f 1405 3029 3028
f 3029 1405 4092
f 4093 1406 3030
f 3030 1406 4089
f 4089 1406 1403
f 1403 1406 1407
f 1403 1407 4090
f 1407 4094 4090
f 4091 4095 1404
f 4095 1408 1404
f 1404 1408 1409
f 1404 1409 1405
f 1405 1409 4092
f 1409 4096 4092
f 4097 1410 3031
f 3031 1410 4093
f 4093 1410 1406
f 1406 1410 1411
f 1406 1411 1412
f 1406 1412 1407
f 1407 1412 4094
f 1412 4098 4094
f 4095 4099 1408
f 4099 1413 1408
f 1408 1413 1414
f 1408 1414 1409
f 1409 1414 4096
f 1414 4100 4096
f 4097 4101 1410
f 4101 1415 1410
f 1410 1415 1416
f 1410 1416 1411
f 1411 1416 1417
f 1411 1417 1412
f 1412 1417 4098
f 1417 4102 4098
f 4099 4103 1413
f 4103 1418 1413
f 1413 1418 1419
f 1413 1419 1414
f 1414 1419 4100
f 1419 4104 4100
f 4105 1420 3032
f 3032 1420 4101
f 4101 1420 1415
f 1415 1420 1421
f 1415 1421 1422
f 1415 1422 1416
f 1416 1422 1423
f 1416 1423 1417
f 1417 1423 4102
f 1423 4106 4102
f 4103 4107 1418
f 4107 1424 1418
f 1418 1424 1425
f 1418 1425 1419
f 1419 1425 4104
f 1425 4108 4104
f 4105 3033 1420
f 4109 1426 3033
f 3033 1426 1420
f 1420 1426 1421
f 1421 1426 1427
f 1421 1427 1422
f 1422 1427 1428
f 1422 1428 1423
f 1423 1428 4106
f 1428 4110 4106
f 4107 4111 1424
f 4111 1429 1424
f 1424 1429 1430
f 1424 1430 1425
f 1425 1430 4108
f 1430 4112 4108
f 4109 4113 1426
f 4113 1431 1426
f 1426 1431 1432
f 1426 1432 1427
f 1427 1432 1433
f 1427 1433 1428
f 1428 1433 4110
f 1433 4114 4110
f 4111 4115 1429
f 4115 1434 1429
f 1429 1434 1435
f 1429 1435 1430
f 1430 1435 4112
f 1435 4116 4112
f 4113 4117 1431
f 4117 1436 1431
f 1431 1436 1437
f 1431 1437 1432
f 1432 1437 1438
f 1432 1438 1433
f 1433 1438 4114
f 1438 4118 4114
f 4115 4119 1434
f 4119 1439 1434
f 1434 1439 1440
f 1434 1440 1435
f 1435 1440 4116
f 1440 4120 4116
f 4117 4121 1436
f 4121 1441 1436
f 1436 1441 1442
f 1436 1442 1437
f 1437 1442 1443
f 1437 1443 1438
f 1438 1443 4118
f 1443 4122 4118
f 4119 4123 1439
f 4123 1444 1439
f 1439 1444 1445
f 1439 1445 1440
f 1440 1445 4120
f 1445 4124 4120
f 4121 4125 1441
f 4125 1446 1441
f 1441 1446 1447
f 1441 1447 1442
f 1442 1447 1448
f 1442 1448 1443
f 1443 1448 4122
f 1448 4126 4122
f 4123 4127 1444
f 4127 1449 1444
f 1444 1449 1450
f 1444 1450 1445
f 1445 1450 4124
f 1450 4128 4124
f 4125 4129 1446
f 4129 1451 1446
f 1446 1451 1452
f 1446 1452 1447
f 1447 1452 1453
f 1447 1453 1448
f 1448 1453 4126
f 1453 4130 4126
f 4127 4131 1449
f 4131 1454 1449
f 1449 1454 1455
f 1449 1455 1450
f 1450 1455 4128
f 1455 4132 4128
f 4129 4133 1451
f 4133 1456 1451
f 1451 1456 1457
f 1451 1457 1452
f 1452 1457 1458
f 1452 1458 1453
f 1453 1458 4130
f 1458 4134 4130
f 4131 4135 1454
f 4135 1459 1454
f 1454 1459 1460
f 1454 1460 1455
f 1455 1460 4132
f 1460 4136 4132
f 4133 4137 1456
f 4137 1461 1456
f 1456 1461 1462
f 1456 1462 1457
f 1457 1462 1463
f 1457 1463 1458
f 1458 1463 4134
f 1463 4138 4134
f 4135 4139 1459
f 4139 1464 1459
f 1459 1464 1465
f 1459 1465 1460
f 1460 1465 4136
f 1465 4140 4136
f 4137 4141 1461
f 4141 1466 1461
f 1461 1466 1467
f 1461 1467 1462
f 1462 1467 1468
f 1462 1468 1463
f 1463 1468 4138
f 1468 4142 4138
f 4139 4143 1464
f 4143 1469 1464
f 1464 1469 1470
f 1464 1470 1465
f 1465 1470 4140
f 1470 4144 4140
f 4141 4145 1466
f 4145 1471 1466
f 1466 1471 1472
f 1466 1472 1467
f 1467 1472 1473
f 1467 1473 1468
f 1468 1473 4142
f 1473 4146 4142
f 4143 4147 1469
f 4147 1474 1469
f 1469 1474 1475
f 1469 1475 1470
f 1470 1475 4144
f 1475 4148 4144
f 4145 4149 1471
f 4149 1476 1471
f 1471 1476 1477
f 1471 1477 1472
f 1472 1477 1478
f 1472 1478 1473
f 1473 1478 4146
f 1478 4150 4146
f 4147 4151 1474
f 4151 1479 1474
f 1474 1479 1480
f 1474 1480 1475
f 1475 1480 4148
f 1480 4152 4148
f 4149 4153 1476
f 4153 1481 1476
f 1476 1481 1482
f 1476 1482 1477
f 1477 1482 1483
f 1477 1483 1478
f 1478 1483 4150
f 1483 4154 4150
f 4151 4155 1479
f 4155 1484 1479
f 1479 1484 1485
f 1479 1485 1480
f 1480 1485 4152
f 1485 4156 4152
f 4153 4157 1481
f 4157 1486 1481
f 1481 1486 1487
f 1481 1487 1482
f 1482 1487 1488
f 1482 1488 1483
f 1483 1488 4154
f 1488 4158 4154
f 4155 4159 1484
f 4159 1489 1484
f 1484 1489 1490
f 1484 1490 1485
f 1485 1490 4156
f 1490 4160 4156
f 4157 3034 1486
f 4161 1491 3034
f 3034 1491 1486
f 1486 1491 1487
f 1487 1491 1492
f 1487 1492 1488
f 1488 1492 4158
f 1492 4162 4158
f 4159 3035 1489
f 3035 3036 1489
f 3036 1490 1489
f 1490 3036 4160
f 4161 3037 1491
f 3037 3038 1491
f 3038 1492 1491
f 1492 3038 4162